/*
SQLyog Ultimate v10.42 
MySQL - 5.6.17-log : Database - mordor_ch
*********************************************************************
*/

/*!40101 SET NAMES utf8 */;

/*!40101 SET SQL_MODE=''*/;

/*!40014 SET @OLD_UNIQUE_CHECKS=@@UNIQUE_CHECKS, UNIQUE_CHECKS=0 */;
/*!40014 SET @OLD_FOREIGN_KEY_CHECKS=@@FOREIGN_KEY_CHECKS, FOREIGN_KEY_CHECKS=0 */;
/*!40101 SET @OLD_SQL_MODE=@@SQL_MODE, SQL_MODE='NO_AUTO_VALUE_ON_ZERO' */;
/*!40111 SET @OLD_SQL_NOTES=@@SQL_NOTES, SQL_NOTES=0 */;
CREATE DATABASE /*!32312 IF NOT EXISTS*/`mordor_ch` /*!40100 DEFAULT CHARACTER SET utf8 */;

USE `mordor_ch`;

/*Table structure for table `mordor_album` */

DROP TABLE IF EXISTS `mordor_album`;

CREATE TABLE `mordor_album` (
  `AlbumID` int(11) NOT NULL AUTO_INCREMENT COMMENT 'ID',
  `GUID` varchar(255) NOT NULL COMMENT 'GUID',
  `Name` varchar(50) NOT NULL COMMENT '专辑名称',
  `ArtistID` int(11) NOT NULL COMMENT '表演者',
  `MusicStyle` int(11) NOT NULL COMMENT '音乐类型',
  `Area` int(11) NOT NULL COMMENT '所属区域',
  `PublishYear` int(11) NOT NULL COMMENT '发行年',
  `Slogan` varchar(200) DEFAULT NULL COMMENT '标语',
  `Playlist` varchar(1000) DEFAULT NULL COMMENT '歌曲列表',
  `Cover` varchar(200) DEFAULT NULL COMMENT '专辑封面',
  `Description` longtext COMMENT '简介',
  `Creator` int(11) NOT NULL COMMENT '创建人',
  `Invalid` tinyint(4) NOT NULL DEFAULT '0' COMMENT '是否禁用',
  `ModifyTime` datetime NOT NULL COMMENT '修改时间',
  `CreateTime` datetime NOT NULL COMMENT '创建时间',
  PRIMARY KEY (`AlbumID`)
) ENGINE=InnoDB AUTO_INCREMENT=21 DEFAULT CHARSET=utf8;

/*Data for the table `mordor_album` */

insert  into `mordor_album`(`AlbumID`,`GUID`,`Name`,`ArtistID`,`MusicStyle`,`Area`,`PublishYear`,`Slogan`,`Playlist`,`Cover`,`Description`,`Creator`,`Invalid`,`ModifyTime`,`CreateTime`) values (1,'3B559210-03B0-4D6A-BC9F-2914A1AB55D3','Customer Support',2,1040001,1050000,2014,'这个真心不错！！！','','19161386-00E3-42E7-9693-0818770059EF','&amp;lt;div class=&quot;post-content top-pad&quot;&amp;gt;\n                        &amp;lt;p&amp;gt;\n                            There are many variations of passages of \nLorem Ipsum available, but the majority have suffered alteration in some\n form, by injected humour, or randomised words which don&#39;t look even \nslightly believable. If you are going to use a passage of Lorem Ipsum, \nyou need to be sure there isn&#39;t anything embarrassing hidden in the \nmiddle of text.  There are many variations of passages of Lorem Ipsum \navailable, but the majority have suffered alteration in some form, by \ninjected humour, or randomised words which don&#39;t look even slightly \nbelievable. If you are going to use a passage of Lorem Ipsum, you need \nto be sure there isn&#39;t anything embarrassing hidden in the middle of \ntext.\n                        &amp;lt;/p&amp;gt;\n                        &amp;lt;p&amp;gt;\n                            There are many variations of passages of \nLorem Ipsum available, but the majority have suffered alteration in some\n form, by injected humour, or randomised words which don&#39;t look even \nslightly believable. If you are going to use a passage of Lorem Ipsum, \nyou need to be sure there isn&#39;t anything embarrassing hidden in the \nmiddle of text. There are many variations of passages of Lorem Ipsum \navailable, but the majority have suffered alteration in some form, by \ninjected humour, or randomised words which don&#39;t look even slightly \nbelievable. If you are going to use a passage of Lorem Ipsum, you need \nto be sure there isn&#39;t anything embarrassing hidden in the middle of \ntext.\n                        &amp;lt;/p&amp;gt;\n                    &amp;lt;/div&amp;gt;',18,0,'2014-12-10 00:08:21','2014-11-11 21:32:21'),(2,'4EECB1A3-0B6A-4C0D-8617-42B15CFB2140','飞的更高',8,1040001,1050000,2000,'最好的专辑',' 01 Why Nobody Fights   \n  \n 02 微光 Shimmer  \n\n 03 Let You Go   \n  \n 04 烟火里的尘埃 Ashes From Fireworks  \n \n 05 拆弹专家 Bomb Squad  \n \n 06 环游 Traveling  \n\n 07 我们都是孤独的 All Lonely  \n\n 08 不朽 Eternity  \n \n 09 卡西莫多的礼物 MV	Quasimodos Gift  \n \n 10 枕边故事 Bedtime Story ','DAF91903-D559-4820-AD8D-DDCDE36FC7A4','专辑介绍：&amp;lt;br&amp;gt;你还会不会唱快乐的歌，如果知道人世残酷；&amp;lt;br&amp;gt;&amp;lt;br&amp;gt;你还会不会说悲伤的话，如果一切都非无缘无故。&amp;lt;br&amp;gt;&amp;lt;br&amp;gt;如果诚实，令人不安； 但我不会别的，那该怎么办? 如果生活不是误解，就是无解；&amp;lt;br&amp;gt;&amp;lt;br&amp;gt;那么，冲突 冶艳 惊悚 悲伤，都不如随意的大大方方。&amp;lt;br&amp;gt;&amp;lt;br&amp;gt;',18,0,'2014-12-10 00:08:35','2014-11-13 22:21:01'),(3,'E3632440-EEED-44C2-B4DE-0F97E05AE7F5','Frozen (Original Motion Picture Soundtrack)',9,1040001,1050000,2013,'《冰雪奇缘》原声大碟11周美国公告牌登顶创造历史新纪录','\n01 Frozen Heart Cast of Frozen   389113   \n\n试听\n\n推荐\n\n添加到am精选集\n\n下载\n\n发送到\n\n\n更多\n\n\n\n\n\n  \n 02 Do You Want To Build A Snowman? Kristen Bell; Agatha Lee Monn; Katie Lopez   1428081   \n\n试听\n\n推荐\n\n添加到am精选集\n\n下载\n\n发送到\n\n\n更多\n\n\n\n\n\n  \n 03 For The First Time In Forever Kristen Bell; Idina Menzel   838890   \n\n试听\n\n推荐\n\n添加到am精选集\n\n下载\n\n发送到\n\n\n更多\n\n\n\n\n\n  \n 04 Love Is An Open Door Kristen Bell; Santino Fontana   923676   \n\n试听\n\n推荐\n\n添加到am精选集\n\n下载\n\n发送到\n\n\n更多\n\n\n\n\n\n  \n 05 Let It Go MV	Idina Menzel   11790307   \n\n试听\n\n推荐\n\n添加到am精选集\n\n下载\n\n发送到\n\n\n更多\n\n\n\n\n\n  \n 06 Reindeer(s) Are Better Than People Jonathan Groff   245847   \n\n试听\n\n推荐\n\n添加到am精选集\n\n下载\n\n发送到\n\n\n更多\n\n\n\n\n\n  \n 07 In Summer Josh Gad   316325   \n\n试听\n\n推荐\n\n添加到am精选集\n\n下载\n\n发送到\n\n\n更多\n\n\n\n\n\n  \n 08 For The First Time In Forever (Reprise) Kristen Bell; Idina Menzel   360428   \n\n试听\n\n推荐\n\n添加到am精选集\n\n下载\n\n发送到\n\n\n更多\n\n\n\n\n\n  \n 09 Fixer Upper Cast of Frozen; Maia Wilson   200251   \n\n试听\n\n推荐\n\n添加到am精选集\n\n下载\n\n发送到\n\n\n更多\n\n\n\n\n\n  \n 10 Let It Go (Single Version) Demi Lovato   1444544   \n\n试听\n\n推荐\n\n添加到am精选集\n\n下载\n\n发','5CFAA9D0-8856-4AD6-AFD7-9CB0E900171D','&amp;lt;strong&amp;gt;专辑介绍：&amp;lt;/strong&amp;gt;&amp;lt;span&amp;gt;&amp;lt;div&amp;gt;&amp;lt;span style=&quot;color: rgb(255, 0, 0);&quot;&amp;gt;《冰雪奇缘》原声大碟11周美国公告牌登顶创造历史新纪录&amp;lt;/span&amp;gt;&amp;lt;br&amp;gt;&amp;lt;br&amp;gt; 《Frozen》讲述一个诅咒令王国被冰天雪地永久覆盖，乐观无畏的Anna（由Kristen Bell配音）和一个大胆的山民克里斯托弗以及陪伴他左右的驯鹿斯文组队出发，遭遇了喜马拉雅山般的极端气候、神秘的生物与无处不在的魔法，不但为了寻到Anna的姐姐——冰雪皇后Elsa（由Idina Menzel配音），更希望能破除冰封魔咒，拯救王国免遭灭顶之灾。&amp;lt;br&amp;gt;&amp;lt;br&amp;gt;&amp;lt;div&amp;gt;双白金认证的《冰雪奇缘》原声大碟打破《狮子王》纪录，以美国公告牌专辑榜非连续11个星期冠军的成绩成为历史上获得最多冠军位置的动画片原声大碟。同时也成为自Adele的21专辑以来获得最多专辑榜冠军的专辑 &amp;lt;/div&amp;gt;&amp;lt;br&amp;gt;&amp;lt;div&amp;gt;《冰雪奇缘》原声配乐发行21周，加上刚刚过去的4月13日至4月20日一周销售的259,000张，共售出超过230万张专辑，网络购买量超过600万。迄今为止Frozen仍然是2014年最畅销的专辑，它已经打破了《狮子王》在1994年创下动画片原声配乐10周位居Billboard榜首的记录。&amp;lt;/div&amp;gt;&amp;lt;br&amp;gt;&amp;lt;div&amp;gt;而获得奥斯卡奖的三白金歌曲Let It Go也登上了Mainstream AC Radio的Top15榜单，位居第12名，同时在Adult Top 40 Radio的榜单上排在第22位上。至今，电影视频版的Let It Go已在YouTube上被播放超过1.9亿次，而Demi Lovato版的音乐视频版则被播放了1.33亿次。&amp;lt;/div&amp;gt;&amp;lt;br&amp;gt;&amp;lt;div&amp;gt;这张专辑在全世界已销售超过450万张。它在韩国被认证为15&#215;白金唱片，在加拿大、英国、法国、阿根廷等地被认证为白金唱片，在波兰、澳大利亚、新西兰、日本、香港、印尼和新加坡等国家和地区被认证为金唱片。&amp;lt;/div&amp;gt;&amp;lt;br&amp;gt;&amp;lt;div&amp;gt;美国音乐商业协会也即将在5月初授予《冰雪奇缘》2014年的杰出成就奖。对此，音乐商业协会的主席James Donio说道，《冰雪奇缘》原声配乐是2014年音乐业界的巨大成就，尤其是Let It Go打破了多项记录，这些都非常令人兴奋，也令音乐界为之感到振奋。迪斯尼音乐销售总监Curt Eddy也表示，《冰雪奇缘》这部电影及其配乐是迪士尼动画继狮子王、美女与野兽、长发公主之后，达到的一个前所未有的高度。&amp;lt;/div&amp;gt;&amp;lt;br&amp;gt;&amp;lt;div&amp;gt;环球音乐中国特意引进了两个版本的原声大碟，包括加入姚贝娜《随它吧》中文主题曲和Demi Lovato版本英文主题曲《Let It Go》在内的电影原声带（中国特别版），和收录全中文配唱和中英文双版主题曲的中文版原声大碟，即将上市！&amp;lt;/div&amp;gt;&amp;lt;/div&amp;gt;&amp;lt;/span&amp;gt;',18,0,'2014-12-10 00:09:14','2014-11-15 10:30:42'),(4,'780AD09F-7BD9-4556-A1B0-CBB80868271A','Time',10,1040001,1050001,2014,'一经发布便横扫韩国各大音乐排行榜','12시 30분  \n\nDrive \n\n좋은 일이야 \n\n눈을 감아도  \n\n가까이 (Stay) \n\nSo Hot ','C4E9B6F1-DA81-4919-A1DB-252D67E5C0E5','&amp;lt;strong&amp;gt;专辑介绍：&amp;lt;/strong&amp;gt;&amp;lt;span&amp;gt;&amp;lt;div&amp;gt;韩国男团BEAST五周年新专辑《Time》主打歌《12点30分》一经发布便横扫韩国各大音乐排行榜，人气可见一斑。《12点30分》登顶了包括Melon、Mnet、Olleh Music、Genie等在内的9大音源网站。&amp;lt;/div&amp;gt;&amp;lt;div&amp;gt;该歌曲表现了分手后的恋人互相思念的心情，今年刚好是BEAST出道五周年，通过本张专辑带来了更加深情的曲风和更加成熟的BEAST。&amp;lt;br&amp;gt;&amp;lt;br&amp;gt;5년의 시간으로 다져진 견고함의 결정체 비스트변함없는 사랑에 대해 여섯 남자가 전하는 보답의 선물 [Time]&amp;lt;/div&amp;gt;&amp;lt;br&amp;gt;&amp;lt;div&amp;gt;올해 상반기 미니 6집 [Good Luck]으로 각종 음악방송에서 1위를 달성해 활동 통산 11개의 트로피를 거머쥐며 기록적인 성과를 보였던 비스트가 데뷔 5주년을 기념하는 특별한 일곱 번째 미니앨범으로 돌아왔다. 5년이라는 긴 시간 동안 한결같은 사랑을 준 팬들에게 보답하기 위해 콘서트는 물론 국내외를 오가는 바쁜 스케줄 속에서도 이번 앨범을 준비했기에 더욱 의미가 크다. 특히 이번 앨범은 모든 곡이 타이틀 곡이라 해도 손색이 없을 정도로 높은 퀄리티의 곡들로 구성되어있다. &#39;Good Life&#39;라는 이름으로 새롭게 출발하는 용준형, 김태주는 한층 성장한 모습을 보였을 뿐만 아니라, 더욱 농도 짙은 보이스와 성숙한 감성으로 돌아온 비스트 여섯 멤버도 음악성이 돋보이는 앨범으로 알차게 준비했다.&amp;lt;/div&amp;gt;&amp;lt;br&amp;gt;&amp;lt;div&amp;gt;타이틀 곡 &quot;12시 30분&quot;은 헤어진 연인의 이별 후 그립고 안타까운 마음을 서로 다른 곳을 가리키고 있는 시침과 분침으로 묘사해 가사로 표현했다. 감성을 자극하는 피아노 선율과 묵직하면서도 절제된 세련미가 돋보이는 리듬은 가사가 담고 있는 감정을 더욱 극대화했고, 더욱 섬세하게 표현된 멤버들의 목소리는 서정적인 멜로디와 어우러져 한편의 슬픈 멜로드라마를 연상케 한다. 애절한 감성을 그대로 이어 제작된 뮤직비디오 또한 사랑의 끝을 상징적으로 보여주는 소재들을 이용해 곡의 분위기를 한층 살린다.&amp;lt;/div&amp;gt;&amp;lt;br&amp;gt;&amp;lt;div&amp;gt;나지막하게 읊조리며 시작하는 인트로가 인상적인 &quot;Drive&quot;는 세련된 멜로디가 감성을 자극시키는 힙합 곡이다. 특히 드라이브하듯 멜로디 라인을 따라 서사적으로 진행되는 가사는 마치 영화 속 한 장면을 보는 듯하다. &quot;12시 30분&quot;과 &quot;Drive&quot;의 감성을 이은 세 번째 트랙 &quot;좋은 일이야&quot;는 만남보다 헤어지는 것이 오히려 좋은 일일 것이라고 반어적으로 표현하며 자신을 다독이는 남자의 감정이 더욱 애절하게 느껴지는 R&amp;amp;amp;B 곡이다. 이기광이 또 한 번 Noday와 호흡을 맞춰 작사, 작곡에 참여한 &quot;So Hot&quot;은 미니 6집 수록 곡 &quot;History&quot;에 이어 신 나면서도 달콤한 곡으로 완성시켰다. 이외에도 이별의 쓸쓸함을 섬세하게 그려낸 &quot;눈을 감아도&quot;와 몽환적인 멜로디가 돋보이는 댄스 곡 &quot;가까이(Stay)&quot;까지 여섯 트랙을 거쳐 이어지는 감정은 마치 옴니버스식 영화를 보는 것처럼 느껴진다.&amp;lt;/div&amp;gt;&amp;lt;br&amp;gt;&amp;lt;div&amp;gt;이번 앨범 특유의 쓸쓸한 분위기를 반영한 재킷 사진은 비스트의 진면목을 엿볼 수 있다. 오랜 시간의 흐름이 느껴지는 공간을 배경으로 촬영된 사진들은 고독한 분위기를 십분 담아냈고, 바닷가에서 진행된 재킷 사진 역시 멤버들 특유의 시크함과 남성미를 살렸다. 특히 5주년인 만큼 팬들과 함께할 수 있는 여러 가지 스페셜 이벤트가 돋보인다. 교보 핫트랙스와 함께하는 데뷔 5주년 기념 디자인 응모전과 비스트가 직접 각 지역의 팬들을 찾아가는 &#39;561 프로젝트&#39;, 대형 트레일러를 이용한 프로모션 등 데뷔 5주년을 기념하는 만큼 팬들과 함께 즐길 수 있는 프로모션으로 가득 채웠다.&amp;lt;/div&amp;gt;&amp;lt;br&amp;gt;&amp;lt;div&amp;gt;5년이란 긴 시간 동안 끊임없이 발전해온 여섯 남자 비스트. 오랜 시간 함께 교감해온 팬들에게 보답하는 의미를 담은 스페셜 앨범으로 돌아오는 그들과 함께할 가을이 기대된다.&amp;lt;/div&amp;gt;&amp;lt;/span&amp;gt;',18,0,'2014-12-10 00:09:26','2014-11-15 10:40:59'),(5,'E495957A-63C4-4DB4-A920-265D128FBA0D','My Darling',11,1040002,1050000,2010,'萱萱首支单曲《My Darling》 狮子座女声爱情萌萌哒',' 01 My Darling  ','04E120FF-4ECA-467B-A32D-2FFEA42F01DF','&amp;lt;strong&amp;gt;专辑介绍：&amp;lt;/strong&amp;gt;&amp;lt;span&amp;gt;萱萱首支单曲《My Darling》 狮子座女声爱情萌萌哒&amp;lt;br&amp;gt;&amp;lt;br&amp;gt; 因为浑厚的女中音在中国好声音比赛中赢得那英青睐最终获得第二季季军的好声音学员萱萱（戴潆萱），经过近一年的休整，首支单曲《Darling》正式曝光。略带少女气息的歌词、线条优美的大情歌线路，听强悍的狮子座女声娓娓道来的萌萌哒爱情。&amp;lt;br&amp;gt;&amp;lt;br&amp;gt;同样从好声音第二季走出来的唱作歌手侯磊作曲的《Darling》，整体气质温暖优柔，R&amp;amp;amp;B跟POP的有机结合，较狠的弦乐配器衬托萱萱嗓音的张力，形成强烈的色彩对比，长线条的旋律让陷入爱河的女生面对情人坦露表白有了动人的真情。在这个流行卖萌的年代，既使强悍如狮子座的女生，在爱情面前也会低下骄傲的头颅，在男孩身边变成温柔可人的萌萌哒。&amp;lt;br&amp;gt;&amp;lt;br&amp;gt; 狮子座的萱萱在好声音舞台上张嘴便有故事的嗓音，不仅令乐坛一姐那英动容，也打动了无数电视观众，一曲《我是不是你最疼爱的人》令其在最紧要关头打败姚贝娜进入全国四强获得季军。《Darling》是萱萱沉寂一年之后的首支单曲，既保留了好声音时代的浑厚沉稳，也有了之前因为赛事紧张不曾有过的轻巧放松，在录音棚直接唱哭制作人。在音乐制作人潘卫东看来，萱萱的声音本能盖过技巧，训练只是让其本能更升华强大。这不止是一首旋律优美的好歌带给歌手的修炼，也是经过调整的戴潆萱对嗓音的把控有了新的认知。&amp;lt;br&amp;gt;&amp;lt;br&amp;gt; 生活中性格豪爽全无“音乐里的萱萱”影子的萱萱，计划年底左右推出首张EP。虽年纪轻轻却已参加过数个歌唱比赛的唱将，将会有全新的面貌交付签约经纪公司梦响强音后的首张答卷。&amp;lt;/span&amp;gt; ',18,0,'2014-12-10 00:09:36','2014-11-15 10:44:31'),(6,'9BE2C91D-304C-437A-9A15-38EF69C80F4D','Westlife',10,1040002,1050000,1999,'Westlife不错，不错','12시 30분  \n\nDrive \n\n좋은 일이야 \n\n눈을 감아도  \n\n가까이 (Stay) \n\nSo Hot ','44626336-69F7-4DBF-B0F5-B309141A2B41','&amp;lt;strong&amp;gt;专辑介绍：&amp;lt;/strong&amp;gt;&amp;lt;span&amp;gt;　　著名乐评人王晓峰先生曾经说过：如果一种革命性的音乐出现，随之而来的就是无数人加入到革命的行列，这样的例子屡见不鲜。90年代Grunge乐走红，转瞬间美国的另类遍地皆是，Spice Girls把个性与流行乐结合在一起，于是就出现数不清的个性组合。这是唱片业存在的一个很普遍的现象，哪块云彩下雨，就会有无数这样的云彩挤过来，一起大雨倾盆。 &amp;lt;br&amp;gt;&amp;lt;br&amp;gt; 于是，当Five、A1、Westlife同时挤上同一个唱片架争强斗妍的时候，歌迷的选择不仅丰富了，也给善于喧哗的媒体摆开了一桌绝妙的酒席。而选择 这张专辑与其说是看好这五个男孩的前途不如说是给他们的经纪人Ronan一个面子。否则，在一张利物浦队的球票和一张名为 的专辑面前，对于当时初出茅庐的Westlife来说，绝大多数人会毫不犹豫的抓起前者。但是牺牲一场球赛或者一个周末晚上的蹦迪换来的代价确实很值， 这张专辑中一共产生了5首英国冠军单曲，有一举惊人的纯纯民谣 &quot;Swear it again&quot; 和 &quot;If I let you go&quot; ，可以让人想起很多其他民谣乐队的作品，比如Beautiful South ； &quot;Flying without wings&quot; 中五子的合声演绎出一种纯真的感情；Shane主唱的感伤情歌 &quot;Fool again&quot; 也绝对是独处时的花酒；而重新翻唱的柯达胶卷广告曲 &quot;Seasons in the sun&quot; 则是一首音色俱佳的杰作，包含了对儿时生活的怀念和对老朋友的眷恋，给人带来无限感慨，古人云：“人生如梦，一樽还酹江月”，每个人都有梦想，但是，不要让心中的梦想永远成为梦想。 &quot;I don&#39;t wanna fight&quot; 很动人；犹如天街小雨般轻快的 &quot;No No&quot; 让人心旷神怡；还有中慢板的抒情曲 &quot;I swear I need you&quot; 和有Boyzone味道的 &quot;Try again&quot; 。在电子乐，迷幻摇滚和舞曲轮番上阵轰炸市场的今天，Westlife的音乐给人一种清新自然的感觉，别有一种情趣，不过本张专辑略显时间过长。&amp;lt;br&amp;gt;&amp;lt;br&amp;gt;&amp;lt;br&amp;gt;&amp;lt;br&amp;gt; 年轻人们需要新的声音，新的形象，新的刺激，既然黔驴技穷的美国人不能给新人类带来新的冲击，除了Britney Spears，那么英俊的英国小绅士正是另一种全新的代替物。而在 这张专辑大获全胜之后，我们不妨用古老的分类法来做一下总结，回过头去，在90年代初期的欧美乐坛，是New Kids on the Block和Take That的天下，这算是第一代的偶像团体。然后是中期的BSB、N&#39;sync、Spice Girls和Boyzone，这是第二代的皎皎者，现在则是O-town、Westlife等第三代团体上位的时候，而作为从Boyzone而来的最直接的爱尔兰流行音乐的后继者，Westlife的首次出击，就打出了一个漂亮的本垒，寻遍所有的字典，只有一个词可以描述他们，那就是“Wonderful”！至少有一点可以肯定了，Westlife会拥有比Boyzone更加光辉的前景。Go on! Guys!&amp;lt;br&amp;gt;&amp;lt;br&amp;gt; by: 资深乐评人Tom&amp;lt;br&amp;gt;&amp;lt;br&amp;gt; by Jaime Ikeda &amp;lt;p&amp;gt;Westlife has taken the world by storm much in the same manner as did their predecessors &amp;lt;strong&amp;gt;Boyzone&amp;lt;/strong&amp;gt; and &amp;lt;strong&amp;gt;Take That&amp;lt;/strong&amp;gt;. Under the tutelage of &amp;lt;strong&amp;gt;Ronan Keating&amp;lt;/strong&amp;gt; (from &amp;lt;strong&amp;gt;Boyzone&amp;lt;/strong&amp;gt;) and his manager, &amp;lt;strong&amp;gt;Louis Walsh&amp;lt;/strong&amp;gt;, five handsome and, most importantly, talented young men were assembled and groomed to create this debut. The album itself is well-sung, but all too similar in its final output. Mostly comprised of ballads whose theme is the obvious sort (i.e., love gained, lost, and pleaded for), the hooks are infectious and several tracks are destined for recurrent radio status in the not-too-distant future. This pared-down collection of songs from their multi-platinum worldwide smash release is much more palatable than its original incarnation, which ran a lengthy 17 tracks. The gems and solid compositions are what their American label has presented. Every song is well-produced and well-placed in the set; as mentioned, each track is perfectly executed. This assemblage is a worthy complement to the listening pleasures of anyone enjoying the likes of today&#39;s most popular boybands (e.g., &amp;lt;strong&amp;gt;Backstreet Boys&amp;lt;/strong&amp;gt;, &amp;lt;strong&amp;gt;Five&amp;lt;/strong&amp;gt;, &amp;lt;strong&amp;gt;N&#39;Sync&amp;lt;/strong&amp;gt;). The album overall can be characterized as sometimes bland but unforgettable, with the standouts &quot;Flying Without Wings,&quot; &quot;I Don&#39;t Wanna Fight,&quot; and &quot;Swear It Again.&quot;&amp;lt;/p&amp;gt;&amp;lt;/span&amp;gt;',18,0,'2014-12-10 00:09:47','2014-11-15 10:54:00'),(7,'8E604E9E-EAD9-473A-9275-0A840F8E4E1D','Thriller',2,1040002,1050001,1982,'Great albums!!!','12시 30분  \n\nDrive \n\n좋은 일이야 \n\n눈을 감아도  \n\n가까이 (Stay) \n\nSo Hot ','2F09D7A0-B547-4D6D-8665-1F431FCB1B10','&amp;lt;strong&amp;gt;专辑介绍：&amp;lt;/strong&amp;gt;&amp;lt;span&amp;gt;&amp;lt;div&amp;gt;1982年11月30日，Michael Jackson的第六张个人专辑《Thriller》在美国上市。此后，这张不仅成为Michael Jackson这一生中最具代表性的专辑，而且成为流行音乐史上难以逾越的经典。在Billboard专辑榜中蝉联37周冠军，一共驻扎榜单前十名长达80周，七支单曲打入Hot 100前十，连续两年成为美国唱片市场最畅销的专辑......这一切前无古人、后无来者的纪录都由《Thriller》所创造。不可思议的键盘和弦乐编配，Paul McCartney与Eddie Van Halen等巨星的助阵，以Quincy Jones为首的超级制作班底......这些都是很多歌迷至今仍津津乐道的。而这所有的一切也都说明了，《Thriller》早已不仅仅是一张成功的专辑，它已经成为流行音乐史上的一个奇迹，后人已经注定无法超越。&amp;lt;/div&amp;gt;&amp;lt;div&amp;gt;这张专辑在滚石杂志选出的500张历代最强专辑中排名第20位。&amp;lt;/div&amp;gt;&amp;lt;br&amp;gt;&amp;lt;div&amp;gt;为庆祝Thriller专辑全球发行25周年CD+DVD珍藏版，CD收录5首2008年最新录音，由麦可与当前最受喜爱的音乐人共同制作专辑中经典单曲；包括Akon全新混音Wanna Be Startin&#39; Somethin&#39;、Fergie重新诠释Beat It、“黑眼豆豆”团长will.i.am最新版The Girl Is Mine 2008与P.Y.T (Pretty Young Thing) 2008、Kanye West全新混音的Billy Jean 2008，以及迈克杰克逊亲自操刀混音制作全新单曲For All Time。DVD部分则是重新以数字技术后制的3支经典MV，以及麦可惊艳全球乐迷的经典舞步“月球漫步”现场演出纪录。&amp;lt;/div&amp;gt;&amp;lt;br&amp;gt;&amp;lt;div&amp;gt;====================================&amp;lt;/div&amp;gt;&amp;lt;br&amp;gt;&amp;lt;div&amp;gt;Thriller is the sixth studio album by American recording artist Michael Jackson. It was released on November 30, 1982, by Epic Records as the follow-up to Jackson&#39;s critically and commercially successful 1979 album Off the Wall. Thriller explores similar genres to those of Off the Wall, including pop, R&amp;amp;amp;B, rock, post-disco, funk, and adult contemporary music. Recording sessions took place between April and November 1982 at Westlake Recording Studios in Los Angeles, California, with a production budget of $750,000, assisted by producer Quincy Jones.&amp;lt;/div&amp;gt;&amp;lt;div&amp;gt;Of the nine tracks on the album, four of them were written by Jackson himself. Seven singles were released from the album, all of which reached the top 10 on the Billboard Hot 100. Three of the singles had music videos released. &quot;Baby Be Mine&quot; and &quot;The Lady in My Life&quot; were the only tracks that were not released as singles. In just over a year, Thriller became—and currently remains—the best-selling album of all time, with sales estimated by various sources as being between 51 and 65 million copies worldwide.In the United States, it also tied with the Eagles&#39; Their Greatest Hits (1971–1975) as the best-selling album at 29 millions shipped. The album won a record-breaking eight Grammy Awards in 1984, including for Album of the Year.&amp;lt;/div&amp;gt;&amp;lt;br&amp;gt;&amp;lt;div&amp;gt;Thriller enabled Jackson to break down racial barriers in pop music via his appearances on MTV and meeting with President of the United States Ronald Reagan at the White House. The album was one of the first to use music videos as successful promotional tools—the videos for &quot;Thriller&quot;, &quot;Billie Jean&quot;, and &quot;Beat It&quot; all received regular rotation on MTV. In 2001, a special edition issue of the album was released, which contains additional audio interviews, a demo recording and the song &quot;Someone in the Dark&quot;, which was a Grammy-winning track from the E.T. the Extra-Terrestrial storybook. In 2008, the album was reissued again as Thriller 25, containing re-mixes that feature contemporary artists, a previously unreleased song, and a DVD.&amp;lt;/div&amp;gt;&amp;lt;br&amp;gt;&amp;lt;div&amp;gt;Thriller was ranked number 20 on Rolling Stone magazine&#39;s 500 Greatest Albums of All Time list in 2003, and was listed by the National Association of Recording Merchandisers at number three in its Definitive 200 Albums of All Time. The Thriller album was included in the Library of Congress&#39; National Recording Registry of culturally significant recordings, and the Thriller video was included in the National Film Preservation Board&#39;s National Film Registry of &quot;culturally, historically, or aesthetically significant films&quot;. In 2012, Slant Magazine listed the album at #1 on its list of &quot;Best Albums of the 1980s&quot;.&amp;lt;/div&amp;gt;&amp;lt;br&amp;gt;&amp;lt;div&amp;gt;(wiki)&amp;lt;/div&amp;gt;&amp;lt;br&amp;gt;&amp;lt;div&amp;gt;====================================&amp;lt;/div&amp;gt;&amp;lt;br&amp;gt;&amp;lt;div&amp;gt;by Stephen Thomas Erlewine&amp;lt;/div&amp;gt;&amp;lt;br&amp;gt;&amp;lt;div&amp;gt;Off the Wall was a massive success, spawning four Top Ten hits (two of them number ones), but nothing could have prepared Michael Jackson for Thriller. Nobody could have prepared anybody for the success of Thriller, since the magnitude of its success was simply unimaginable -- an album that sold 40 million copies in its initial chart run, with seven of its nine tracks reaching the Top Ten (for the record, the terrific &quot;Baby Be Mine&quot; and the pretty good ballad &quot;The Lady in My Life&quot; are not like the others). This was a record that had something for everybody, building on the basic blueprint of Off the Wall by adding harder funk, hard rock, softer ballads, and smoother soul -- expanding the approach to have something for every audience. That alone would have given the album a good shot at a huge audience, but it also arrived precisely when MTV was reaching its ascendancy, and Jackson helped the network by being not just its first superstar, but first black star as much as the network helped him. This all would have made it a success (and its success, in turn, served as a new standard for success), but it stayed on the charts, turning out singles, for nearly two years because it was really, really good. True, it wasn&#39;t as tight as Off the Wall -- and the ridiculous, late-night house-of-horrors title track is the prime culprit, arriving in the middle of the record and sucking out its momentum -- but those one or two cuts don&#39;t detract from a phenomenal set of music. It&#39;s calculated, to be sure, but the chutzpah of those calculations (before this, nobody would even have thought to bring in metal virtuoso Eddie Van Halen to play on a disco cut) is outdone by their success. This is where a song as gentle and lovely as &quot;Human Nature&quot; coexists comfortably with the tough, scared &quot;Beat It,&quot; the sweet schmaltz of the Paul McCartney duet &quot;The Girl Is Mine,&quot; and the frizzy funk of &quot;P.Y.T. (Pretty Young Thing).&quot; And, although this is an undeniably fun record, the paranoia is already creeping in, manifesting itself in the record&#39;s two best songs: &quot;Billie Jean,&quot; where a woman claims Michael is the father of her child, and the delirious &quot;Wanna Be Startin&#39; Something,&quot; the freshest funk on the album, but the most claustrophobic, scariest track Jackson ever recorded. These give the record its anchor and are part of the reason why the record is more than just a phenomenon. The other reason, of course, is that much of this is just simply great music.&amp;lt;/div&amp;gt;&amp;lt;/span&amp;gt;',18,0,'2014-12-10 00:10:02','2014-11-15 10:58:17'),(8,'E08A26C6-7A6B-4E19-B34A-4CB6171E1CCA','Do What U Want',10,1040002,1050001,2010,'gaga!','12시 30분  \n\nDrive \n\n좋은 일이야 \n\n눈을 감아도  \n\n가까이 (Stay) \n\nSo Hot ','0B2E0C43-C26A-456F-B6F4-CC263D473FB4','&amp;lt;p&amp;gt;&amp;lt;span style=&quot;font-size: 14px;&quot;&amp;gt;Lady Gaga，美国著名流行女歌手，身兼演员、词曲创作者、舞者、慈善家于一职，亦是国际乐坛最具影响力人物。曾受到David Bowie、Michael Jackson、Madonna及皇后乐队在内艺人的影响，以至于在流行音乐中用华丽且特立独行的形象闻名于世。2008年10月发行首张专辑《The Fame》后迅速掀起热潮，其中包括冠军单曲“Just Dance”与“Poker Face”。2010年被《时代》周刊评为百大最有影响力文化人物之一。2011年6月被《福布斯》杂志评为世界百位名人之首。自出道以来，她的唱片总销量在全球已超过2000万张，单曲销量更是超过6400万张，其中部分单曲更是有史以来销量最高的，曾多次荣获各大音乐典礼大奖，全球各大音乐颁奖典礼几乎榜上有名。&amp;lt;br&amp;gt;&amp;lt;br&amp;gt;Lady Gaga（本名：Stefani Joanne Angelina Germanotta， 艺名：Lady Gaga，中国大陆译为嘎嘎小姐或蕾蒂嘎嘎，台湾译为女神卡卡；1986年3月28日－）是一名美国歌手，词作家，音乐制作人，舞者，活动家，企业家，时尚设计师，演员以及慈善家。是签约美国 Akon 品牌旗下的创作歌手，1986年出生于纽约的Yonkers，其名“Lady Gaga”就是由皇后乐队的一首大热歌曲《Radio Gaga》的谐音而来。Gaga 由来其风格明显受到经典华丽摇滚歌手如 Queen、David Bowie 和1980年代 POP歌手如 Madonna 和 Michael Jackson。&amp;lt;br&amp;gt;&amp;lt;/span&amp;gt;&amp;lt;span style=&quot;font-size: 14px;&quot;&amp;gt;&amp;lt;br&amp;gt;Lady Gaga(1986年3月28日-)为美国女歌手和词曲创作家，五座格莱美奖得主，出生于美国纽约州一个家境丰厚的家庭，父母为意大利裔美国人，是同为意大利裔流行歌手的前辈麦当娜的远房亲戚。&amp;lt;br&amp;gt;&amp;lt;/span&amp;gt;&amp;lt;span style=&quot;font-size: 14px;&quot;&amp;gt;&amp;lt;br&amp;gt;2006年，自纽约大学辍学之后，GaGa与Interscope Records签约成为作曲人。她初踏入业界是纯粹担任幕后作曲者，曾为布兰妮、菲姬、小野猫、街头顽童合唱团和阿肯等知名歌手作曲。同时，她开始在纽约俱乐部演奏。当阿肯发现Gaga同时具有幕前演唱的实力后，他签约Gaga到自己的唱片公司Kon Live Distribution旗下，自此她开始筹备首张个人专辑。2008年，GaGa开始和一个名为“Haus of Gaga”的集团合作，同时发布了自己的首张个人专辑《The Fame》，她自己解释此专辑为“关于如何让所有人都尝到成名的滋味。”这张专辑在英国和加拿大等国家取得巨大成功，同时得到乐坛评论家的一致好评。这张专辑的两首主打单曲《Just Dance》(获得第51届葛莱美奖最佳舞曲提名)以及《Poker Face》在全球热播，使得Lady GaGa开始备受关注。&amp;lt;br&amp;gt;&amp;lt;/span&amp;gt;&amp;lt;span style=&quot;font-size: 14px;&quot;&amp;gt;&amp;lt;br&amp;gt;Lady GaGa一向以其狂放、异乎常人的着装特色著称，她具挑衅意味的时装风格受到好评，同时亦对很多名流有所影响。音乐上，她受到了大卫&#183;鲍伊和皇后乐队的启发，同时也受到流行歌手如麦当娜和麦可&#183;杰克森的影响。&amp;lt;br&amp;gt;&amp;lt;/span&amp;gt;&amp;lt;span style=&quot;font-size: 14px;&quot;&amp;gt;&amp;lt;br&amp;gt;Lady Gaga已经多项世界级记录，包括在英国单曲榜年度在榜周数最久的纪录(156周)，《Bad Romance》打破美国告示牌17年点播记录，其MV也一度为YouTube点阅次数最高的影片(现为第四)。2011年新专辑《Born This Way》的首波同名主打《Born This Way》，不仅在发售后3小时16分即登上美国iTunes数位销售冠军，又在24小时内于世界各地的iTunes拿下惊人的23国同时冠军之记录，同时专辑销售在全球创下2400万的佳绩，是iTunes史上最畅销的歌曲。&amp;lt;br&amp;gt;&amp;lt;/span&amp;gt;&amp;lt;strong style=&quot;font-size: 14px;&quot;&amp;gt;&amp;lt;span style=&quot;color: rgb(255, 0, 0);&quot;&amp;gt;&amp;lt;br&amp;gt; 演艺经历&amp;lt;br&amp;gt;&amp;lt;/span&amp;gt;&amp;lt;/strong&amp;gt;&amp;lt;strong style=&quot;font-size: 14px;&quot;&amp;gt;&amp;lt;br&amp;gt;1986年 - 2004年&amp;lt;br&amp;gt;&amp;lt;/strong&amp;gt;&amp;lt;span style=&quot;font-size: 14px;&quot;&amp;gt;&amp;lt;br&amp;gt;GaGa生于美国纽约曼哈顿一个家境优渥的意大利家庭。她的父亲，Joseph Germanotta，是一位网络企业家，她的母亲，Cynthia，是一位通讯助理。而GaGa是他们的长女。她的妹妹，Natali，一个攻读时装的学生，出生于1992年。尽管她看似在富裕的曼哈顿上西区接受教养，但GaGa强调她自己不是来自一个富裕的家庭，说她的父母&quot;均来自下层社会的家庭，我所拥有的一切都是我母亲上午7:52出去房子工作，在电信，和我的父亲也是如此。&quot;&amp;lt;br&amp;gt;&amp;lt;/span&amp;gt;&amp;lt;span style=&quot;font-size: 14px;&quot;&amp;gt;&amp;lt;br&amp;gt;GaGa在4岁时听着钢琴声学习钢琴，当她11岁时原本要被送到曼哈顿的茱利亚音乐学院就学，但后来她进入了天主教学校圣心学校就读。她在13岁的时候写了自己的第一首钢琴叙事曲，并且在14岁时开始在晚间表演。在她17岁时，她获得纽约大学Tisch School of the Art的提前录取，她在那里学习音乐。她透过写小品散文及分析性质的报告，来使自己的作曲着重于艺术，宗教和社会政治等题材。之后她自纽约大学退学，以专注在音乐事业上。&amp;lt;br&amp;gt;&amp;lt;/span&amp;gt;&amp;lt;strong style=&quot;font-size: 14px;&quot;&amp;gt;&amp;lt;br&amp;gt;2005年 - 2007年&amp;lt;br&amp;gt;&amp;lt;/strong&amp;gt;&amp;lt;span style=&quot;font-size: 14px;&quot;&amp;gt;&amp;lt;br&amp;gt; 在她搬出父母的房子后，GaGa开始在城里表演，在纽约的下东区，她和Mackin Pulsifer和SGBand同台演出。寄希望于从典型的摇滚歌手中脱颖而出，她选择集中自己的注意力于流行音乐。&amp;lt;br&amp;gt;&amp;lt;/span&amp;gt;&amp;lt;span style=&quot;font-size: 14px;&quot;&amp;gt;&amp;lt;br&amp;gt;GaGa在19岁时曾签约Def Jam，那是因为知名的音乐监制L. A. Reid在办公室听到她在走廊的歌声。然而GaGa说Reid从未和她见面。“我常常在他的办公室外等好几个小时，希望他和我谈谈我的音乐理念等等，但他从来没有这么做，甚至连出来见我一面都没有过。”Reid在三个月后舍弃了GaGa。&amp;lt;br&amp;gt;&amp;lt;/span&amp;gt;&amp;lt;span style=&quot;font-size: 14px;&quot;&amp;gt;&amp;lt;br&amp;gt; 当说到她父亲对她吸毒和在脱衣舞表演的反应，“他好几个月都对我不理不睬，我当时穿着皮革拖鞋，他觉得很难过——他无法理解。”同时，GaGa爱上一位名叫Luc Carl的重金属鼓手。在2009年5月的滚石杂志上，GaGa描述了他们的关系和他们的分手“I was his Sandy,and he was my Danny,and I just broke.”她这样说。后来他成为她首张专辑的创作灵感之一。&amp;lt;br&amp;gt;&amp;lt;/span&amp;gt;&amp;lt;span style=&quot;font-size: 14px;&quot;&amp;gt;&amp;lt;br&amp;gt; 音乐制作人Rob Fusari将她的声音及曲风和英国著名乐队皇后乐队的主唱佛莱迪&#183;摩克瑞相提并论，便以1984年Queen的单曲《Radio GaGa》来昵称其为GaGa。她便以“GaGa”为其早期的艺名，而后再演变成“Lady GaGa”，其意为“狂热小姐”。Fusari也帮助她创作了一些她的早期热曲，如&quot;Disco Heaven&quot;，&quot;Dirty Ice Cream&quot;和&quot;Beautiful, Dirty, Rich&quot;。&amp;lt;br&amp;gt;&amp;lt;/span&amp;gt;&amp;lt;span style=&quot;font-size: 14px;&quot;&amp;gt;&amp;lt;br&amp;gt; 最初，专注于前卫及电子舞曲音乐。而后GaGa发现了最适合自己的音乐风格，她开始将流行音乐的经典旋律和华丽摇滚乐如大卫&#183;鲍威和Queen的音乐混合起来。“大卫&#183;鲍威和Queen是我的主要的灵感来源，直到发现他们之前我都不知道怎样进展。”GaGa说。“当我在纽约的俱乐部演唱时，很多唱片公司说我呈现的方式太戏剧化了，但我去面试舞台剧的时候，制作人又说我太盲从流行没有古典感。&amp;lt;br&amp;gt;&amp;lt;/span&amp;gt;&amp;lt;span style=&quot;font-size: 14px;&quot;&amp;gt;&amp;lt;br&amp;gt; 在2007年，GaGa与和她名字相似的下东区摇滚DJ，舞娘兼表演艺术家Lady Starlight合作，她帮助GaGa确立了她在舞台上的时尚造型。这对组合开始在城里的酒吧如Mercury Lounge、The Bitter End和Rockwood Music Hall演出，她们现场表演，也有“Lady GaGaand The Starlight Revue”。号称“The Ultimate Pop Burlesque Rockshow”她们的行为带有一种低调的向1970年代致敬的味道。在2007年8月GaGaand The Starlight Revue被邀请在美国音乐节Lollapalooza表演，她们狂野的表演使观众大为震惊。这场表演广受好评，她们的表演受到了很多积极评价。制作人文森特&#183;赫伯特被她敏锐的发现音乐的能力所震撼签她到Interscope。很多艺人雇佣她写歌，包括Akon的Konvict品牌，同时也有菲姬，小野猫，布兰妮和New Kids on the Block，其中最有名的就是被收录在布兰妮《Circus》豪华版专辑内的歌曲&quot;Quicksand&quot;。GaGa在2007年初获得了Interscope主席Jimmy Lovine的欣赏。他为她通过Streamline/Interscope提供了一个品牌，同时促使她和阿肯的合作关系。在Akon听到他专辑之中一首GaGa所唱的Demo后，他发觉GaGa同时具有演唱的天分。阿肯最终和Jimmy达成协定，将她签约到自己的公司Kon Live Distribution下。&amp;lt;br&amp;gt;&amp;lt;/span&amp;gt;&amp;lt;span style=&quot;font-size: 14px;&quot;&amp;gt;&amp;lt;br&amp;gt; 通过和阿肯的关系，GaGa开始和制作人RedOne制作自己的首张专辑。已经有坚实的电音基础，大卫&#183;鲍威的风格，受Queen所启发的音乐，GaGa希望用城市的旋律对她的复古舞曲进行混音，虽然是流行歌曲但游走在摇滚的边缘。他们制作的第一首音乐是Mtley Cr&#252;e的热门曲&quot;Girls, Girls, Girls&quot;和AC/DC的&quot;T.N.T.&quot;的混合，也就是后来收录在《The Fame》专辑里的歌曲&quot;Boys Boys Boys&quot;。&amp;lt;br&amp;gt;&amp;lt;/span&amp;gt;&amp;lt;strong style=&quot;font-size: 14px;&quot;&amp;gt;&amp;lt;br&amp;gt;2008年－2012年&amp;lt;br&amp;gt;&amp;lt;/strong&amp;gt;&amp;lt;span style=&quot;font-size: 14px;&quot;&amp;gt;&amp;lt;br&amp;gt;2008年，GaGa来到洛杉矶，和她的唱片公司合作完成她的首张专辑《The Fame》。“《The Fame》是有关让所有人都能感觉到如何著名。”，她解释道。“流行文化是一种艺术。痛恨流行文化并不能让你变酷，于是我拥抱了他，而且你能在《The Fame》中感觉到。但这是一种可分享的名望。我想邀请你们所有的人加入这个派对。我希望人们感觉到他们自己生活方式的一部分。”为了这张专辑，GaGa说自己“嫁给”了不少风格，“从威豹乐队鼓和掌声到金属鼓和城市音乐。”GaGa开始和一个名为“Haus of GaGa”的集团合作，他们以她作为时尚，舞台表演和音乐的缪斯。“在这个产业中，你有很多造型师和制作人，但是我有自己的创意团队，在仿造成安迪&#183;沃霍尔工厂的地方。每个人都不到26岁，我们都一起做所有的事情。”。&amp;lt;br&amp;gt;&amp;lt;/span&amp;gt;&amp;lt;span style=&quot;font-size: 14px;&quot;&amp;gt;&amp;lt;br&amp;gt;GaGa的第一支单曲&quot;Just Dance&quot;在2008年4月8日发布，并且在7国取得了第一。在其中的美国，&quot;Just Dance&quot;在10月开始接受广播播放，并且在2009年达到第一，成为GaGa的第一首美国Billboard Hot 100冠军单曲。第二支单曲&quot;Poker Face&quot;在2008年9月29日发布，并且在20国成为冠军单曲，几乎包含世界上所有的音乐市场，此单曲也成为GaGa的第二首美国Billboard Hot 100冠军单曲。《The Fame》在2008年10月末正式在美国发行，并且首战登上Billboard Top 200的17名，首周销量24000张。此专辑得到了大多数评论人的好评，Metacritic的音乐评论给了一个平均70分的评价。泰晤士报网络版描述这张专辑为“Bowie风格的奇妙混音，戏剧化的，受皇后乐队激发的Midtempo和追逐名利的富有孩子的舞曲。”而此后的专辑第三支单曲&quot;LoveGame&quot;登上美国Billboard Top 5，《The Fame》在世界各国皆取得销售第一名的位置。随后Haus of GaGa开始把注意力转移到美国市场，GaGa开始她的初次巡演和Interscope的伙伴Pop组合，重组的New Kids on the Block。在2008年10月8日GaGa开始和New Kids on the Block在洛杉矶有少量的合作直到11月末。她作为嘉宾出席在他们的演唱会上，演唱了他们新专辑《The Block》中的&quot;Big Girl Now&quot;。&amp;lt;br&amp;gt;&amp;lt;/span&amp;gt;&amp;lt;span style=&quot;font-size: 14px;&quot;&amp;gt;&amp;lt;br&amp;gt; 在2008年12月5日，GaGa被添加到BBCSound of 2009，一个专门介绍新人的列表。GaGa被确认为小野猫从2009年1月到5月，在欧洲和大洋洲的巡演演唱会上的嘉宾。从2009年1月18日，巡演开始于苏格兰的鸭巴甸，到2009年5月30日在澳大利亚的珀斯结束。&amp;lt;br&amp;gt;&amp;lt;/span&amp;gt;&amp;lt;span style=&quot;font-size: 14px;&quot;&amp;gt;&amp;lt;br&amp;gt;2009年，GaGa的&quot;Just Dance&quot;获得了第51届格莱美奖最佳舞曲的提名，但输给了Daft Punk的&quot;Harder, Better, Faster, Stronger&quot;。&amp;lt;br&amp;gt;&amp;lt;/span&amp;gt;&amp;lt;span style=&quot;font-size: 14px;&quot;&amp;gt;&amp;lt;br&amp;gt;2月18日，GaGa和摇滚乐队杀手乐队的布兰登&#183;夫洛尔和电子双人组合Pet Shop Boys在2009全英音乐奖的舞台上表演。Pet Shop Boys表演了自己的热门曲，GaGa和夫洛尔则在后段加入，表演1985年的热门单曲&quot;West End Girls&quot;。&amp;lt;br&amp;gt;&amp;lt;/span&amp;gt;&amp;lt;span style=&quot;font-size: 14px;&quot;&amp;gt;&amp;lt;br&amp;gt;2月20日，据Huliq News报道，GaGa将自己在《The Fame Ball Tour》门票的所得收入捐赠给洛杉矶的Odyssey Charter School和小学，为缓解他们资金预算的不足筹款。竞拍在2009年2月17日开始，在eBay上，GaGa被描述为“一生中唯一的一次机会见到为儿童教育问题积极努力的GaGa”。这个拍卖由Giving Engine Auction Management管理，已于2009年2月26日结束。&amp;lt;br&amp;gt;&amp;lt;/span&amp;gt;&amp;lt;span style=&quot;font-size: 14px;&quot;&amp;gt;&amp;lt;br&amp;gt;GaGa的首个北美巡演，《The Fame Ball Tour》，于2009年3月12日开始，受到极大好评。事先GaGa对她的支持者承诺从她马上进行的表演上，他们将感受到高度的戏剧化表演，她说，“我希望我做的更具有安迪&#183;沃霍尔概念：流行表演艺术，多媒体，时尚，科技，视讯，影片。而且他们要一起出现，而且他要成为流动的博物馆展览。”GaGa在小野猫5月的巡演演唱会澳大利亚站的嘉宾表演受到热烈的好评，但也有评论员指出GaGa用她的表演抢了小野猫的风头。&amp;lt;br&amp;gt;&amp;lt;/span&amp;gt;&amp;lt;span style=&quot;font-size: 14px;&quot;&amp;gt;&amp;lt;br&amp;gt;GaGa在2009年5月的滚石杂志封面半裸出镜，是仅仅为他们的年度“穿着塑料泡沫Hot List”，此造型在世界各地引起不小话题，GaGa本人更曾穿着此套衣服演出。在2009年6月，她宣布将和肯伊&#183;威斯特一起举行巡演，但最后取消了合作计划。&amp;lt;br&amp;gt;&amp;lt;/span&amp;gt;&amp;lt;span style=&quot;font-size: 14px;&quot;&amp;gt;&amp;lt;br&amp;gt;11月23日，GaGa推出改版加新歌专辑《The Fame Monster》，第一支单曲&quot;Bad Romance&quot;更在美国Billboard Hot 100排到第二名位置，此歌曲在全世界创下疯狂热潮，世界各地皆可以听到此歌曲热唱，而该歌曲的音乐录影带在YouTube上更在短短三个月内突破一亿的点阅次数，音乐录影带当中GaGa的疯狂造形也在全世界引起模仿热潮，此歌曲的大热卖使得GaGa在世界各地更加知名。而随着改版专辑《The Fame Monster》的发行，GaGa展开了全新的世界巡回演唱会《The Monster Ball Tour》，在北美的每一个场次门票皆全数销售一空，而国外场次的门票也非常抢手。&amp;lt;br&amp;gt;&amp;lt;/span&amp;gt;&amp;lt;span style=&quot;font-size: 14px;&quot;&amp;gt;&amp;lt;br&amp;gt;12月在洛杉矶的诺基亚剧院演出时，并向全球歌迷宣布首张专辑《The Fame》销量大破800万张的好消息。&amp;lt;br&amp;gt;&amp;lt;/span&amp;gt;&amp;lt;span style=&quot;font-size: 14px;&quot;&amp;gt;&amp;lt;br&amp;gt;GaGa在2009年底藉由&quot;Bad Romance&quot;一曲于世界各地爆红，令她在不到两年的时间内迅速攀上世界乐坛天后地位，而她的音乐也被国际各大音乐奖项肯定。在第52届格莱美奖上，GaGa获得了5项提名，最后抱回两项大奖，而她在颁奖典礼现场与艾尔顿&#183;约翰的演出，更被媒体评为格莱美最佳演出之一。她在2010年于世界各地继续她的《The Monster Ball Tour》，她在忙碌之余不忘公益，她出席了包含防治艾滋病等等的公益活动，也已经将一场位于纽约的演唱会收入，全数捐给受强震侵袭的海地灾民。&amp;lt;br&amp;gt;&amp;lt;/span&amp;gt;&amp;lt;span style=&quot;font-size: 14px;&quot;&amp;gt;&amp;lt;br&amp;gt;2月16日，全英音乐奖第30届的颁奖典礼在英国举行GaGa入围三项并担任表演嘉宾，最后三项大奖全数得奖，成为第30届全英音乐奖的最大赢家，而她在领取奖项时哽咽落泪表示“歌迷是第一个愿意相信我的人。”，她也在发表感言时向刚过世的知名设计师亚历山大&#183;麦昆致敬，这位设计师曾将GaGa誉为自己的“缪斯女神”，而GaGa在&quot;Bad Romance&quot;中的疯狂设计也皆出自麦昆之手。&amp;lt;br&amp;gt;&amp;lt;/span&amp;gt;&amp;lt;span style=&quot;font-size: 14px;&quot;&amp;gt;&amp;lt;br&amp;gt;3月3日，GaGa的官方网站正式宣布了《The Fame Monster》专辑的第二支单曲&quot;Telephone&quot;的音乐录影带即将首播，该音乐录影带则由动感天后碧昂丝与GaGa本人共同演出，随后&quot;Telephone&quot;在3月5日登上Billboard排行榜的舞曲点播排行榜冠军，成为GaGa第六首得到Billboard舞曲排行榜冠军的单曲。&amp;lt;br&amp;gt;&amp;lt;/span&amp;gt;&amp;lt;span style=&quot;font-size: 14px;&quot;&amp;gt;&amp;lt;br&amp;gt;3月4日，德国的Echo Music Awards上，GaGa赢得了最佳新人奖、最佳国际流行/摇滚艺人以及最佳年度单曲三项大奖。&amp;lt;br&amp;gt;&amp;lt;/span&amp;gt;&amp;lt;span style=&quot;font-size: 14px;&quot;&amp;gt;&amp;lt;br&amp;gt;3月底，GaGa正式公开《The Fame Monster》专辑的第二支单曲&quot;Telephone&quot;的音乐录影带，她在MV中的造型几近全裸，加上具有强烈话题性的碧昂丝的倾情演出，令这只音乐录影带在各大网站与媒体迅速传播着，纵使这只音乐录影带公开后受到不少保守人士的批评，但&quot;Telephone&quot;依旧登上众多排行榜的冠军，于美国Billboard Hot 100排行榜最高排行第三，仅次于Rihanna的&quot;Rude Boy&quot;。&amp;lt;br&amp;gt;&amp;lt;/span&amp;gt;&amp;lt;span style=&quot;font-size: 14px;&quot;&amp;gt;&amp;lt;br&amp;gt;GaGa的官方网站在五月发表了《The Monster Ball Tour》于2011年的加演巡回场次，也宣布第三波主打&quot;Alejandro&quot;将于6月1号正式公开。&amp;lt;br&amp;gt;&amp;lt;/span&amp;gt;&amp;lt;span style=&quot;font-size: 14px;&quot;&amp;gt;&amp;lt;br&amp;gt; 在2010年的世界音乐奖上，GaGa的音乐再次获得大肯定，她一个人包办了包含最佳流行歌手在内等五项大奖，成为今年世界音乐奖的最大赢家。&amp;lt;br&amp;gt;&amp;lt;/span&amp;gt;&amp;lt;span style=&quot;font-size: 14px;&quot;&amp;gt;&amp;lt;br&amp;gt;6月初，GaGa在节目Larry King中谈到自己的狼疮测试结果呈阳性，但目前为止还不能确定患有狼疮病。&amp;lt;br&amp;gt;&amp;lt;/span&amp;gt;&amp;lt;span style=&quot;font-size: 14px;&quot;&amp;gt;&amp;lt;br&amp;gt;6月8日，官方网站正式播出第三支单曲&quot;Alejandro&quot;的音乐录影带。GaGa在MV当中演出修女的形象随即遭到保守派人士评击。美国知名歌手Katy Perry也因身为虔诚的天主教徒，而在Twitter上表达对于该MV的不满，但GaGa本人则表示该MV是献给她年初过世的知名设计师好友Alexander McQueen，而该MV所制造的话题也使得点阅人次在仅仅仅三天内达到800万。Katy Perry在不久之后澄清她本人并非针对GaGa，事件也就无疾而终。&amp;lt;br&amp;gt;&amp;lt;/span&amp;gt;&amp;lt;span style=&quot;font-size: 14px;&quot;&amp;gt;&amp;lt;br&amp;gt;7月，&quot;Bad Romance&quot;成为YouTube成立五周年内点阅率最高的影片。&amp;lt;br&amp;gt;&amp;lt;/span&amp;gt;&amp;lt;span style=&quot;font-size: 14px;&quot;&amp;gt;&amp;lt;br&amp;gt;7月9日，GaGa在NBC电视台的早上直播节节目《今日秀》中表演，现场吸引了超过过20000名歌迷观赏，亦创下该台开播以来现场人数最多记录。&amp;lt;br&amp;gt;&amp;lt;/span&amp;gt;&amp;lt;span style=&quot;font-size: 14px;&quot;&amp;gt;&amp;lt;br&amp;gt;8月12日，GaGa在洛杉矶史泰博体育中心进行巡演演唱时，公布出道以来专辑销量已突破1300万张，单曲销售更是突破5100万张！&amp;lt;br&amp;gt;&amp;lt;/span&amp;gt;&amp;lt;span style=&quot;font-size: 14px;&quot;&amp;gt;&amp;lt;br&amp;gt;9月，一年一度的MTV音乐录影带大奖于洛杉矶展开，GaGa以13项入围创下史上单届最多入围记录，最后更风光拿下包含年度最佳音乐录影带等8项大奖，她于领奖时激动地落泪，同时宣布她的第二张专辑命名为《Born This Way》并且现场演唱该同名单曲的其中一段。而她在该颁奖礼所穿的一套由新鲜牛肉所制成的肉片装，再次使她成为全世界的焦点话题。&amp;lt;br&amp;gt;&amp;lt;/span&amp;gt;&amp;lt;span style=&quot;font-size: 14px;&quot;&amp;gt;&amp;lt;br&amp;gt;2011年年初，GaGa宣布第二张专辑《Born This Way》将于5月23日推出，首张同名单曲&quot;Born This Way&quot;则自原订2月13日提早至2月11日推出。2月11号，&quot;Born This Way&quot;正式推出，随即空降iTunes音乐商店世界各地23个国家的下载榜首。虽然单曲相当成功，但却引来抄袭疑云与反应两极的评价。&quot;Born This Way&quot;被指扮袭Madonna的1990年名曲&quot;Express Yourself&quot;，其单曲封面也被指抄袭Kylie Minogue2007年歌曲&quot;2 Hearts&quot;的封面。不少人认为该歌曲不如GaGa之前的歌曲，但也有另一派的听众认为这是她转型之作。纵使风波不断，但这并不妨碍GaGa女王般的降临而首日电台的下载次数，也打破动感天后碧昂丝先前所保持的纪录。在2月15日的美国Billboard Hot 100单曲排行榜上，&quot;Born This Way&quot;仅推出三日就达到45万次下载数量并空降排行榜冠军，这不仅是GaGa的第三首美国Billboard Hot 100冠军单曲，更成为Billboard排行榜创立半世纪以来的第1000首冠军单曲，第20首空降冠军的单曲。&quot;Born This Way&quot;自首周空降冠军后连续稳坐冠军位置长达六周。&amp;lt;br&amp;gt;&amp;lt;/span&amp;gt;&amp;lt;span style=&quot;font-size: 14px;&quot;&amp;gt;&amp;lt;br&amp;gt;2月13号，音乐界的盛事第53届格莱美颁奖典礼在洛杉矶举办，坐在蛋形容器内由几位舞者抬着的她直到正式表演单曲&quot;Born This Way&quot;时才露面。她在舞台上的精湛表演与光芒四射的舞台布置成为该届格莱美的最大亮点，也成为了一个为许多乐迷津津乐道的话题。该届颁奖典礼上，她获得最佳流行女歌手、最佳短篇音乐录影带与最佳流行专辑奖，成为该届格莱美奖的最大赢家。&amp;lt;br&amp;gt;&amp;lt;/span&amp;gt;&amp;lt;span style=&quot;font-size: 14px;&quot;&amp;gt;&amp;lt;br&amp;gt;3月11日，位于亚洲的日本东部发生芮氏规模9.0的强震并引发海啸，日本沿海众多大城市都遭淹没，损失相当惨重，一向广受日本歌迷爱戴的GaGa在隔天立刻于网络上公开贩售自行设计的赈灾手环，并号招歌迷与欧美众明星们共同捐款响应赈灾。&amp;lt;br&amp;gt;&amp;lt;/span&amp;gt;&amp;lt;span style=&quot;font-size: 14px;&quot;&amp;gt;&amp;lt;br&amp;gt; 第二支单曲&quot;Judas&quot;原定在5月8日公开，但由于在4月16日在网上已经流出，所以已提早至4月19日放上架。MV里Mary Magdalene（GaGa饰），爱上Judas，因为无法原谅自己没有杀了Judas的错误，所以没办法继续前行，她将背叛看的太重，宽恕自己爱的人，又被爱自己的人宽恕， 所以让自己去顶替所有罪过，让世俗把自己折磨致死， 于是在结尾被乱石打死。该MV当中的耶稣由一位黑人饰演也引起争议。由于诸多争议以及曲风和旧单曲&quot;Bad Romance&quot;的相似，&quot;Judas&quot;并没有获得预料中的好成绩，在美国Billboard Hot 100上仅仅首周空降第十名，之后就快速下滑，很快就淡出了人们的视线。&amp;lt;br&amp;gt;&amp;lt;/span&amp;gt;&amp;lt;span style=&quot;font-size: 14px;&quot;&amp;gt;&amp;lt;br&amp;gt;HBO电视台于5月7日播出GaGa于纽约麦迪逊花广场录影的The Monster Ball Tour纪录片，这也是首次正式的官方录影播出。5月9日，第一首宣传单曲&quot;The Edge of Glory&quot;上传到itunes贩卖，并迅速上升至该下载榜第一位。5月12日，GaGa为了促销最新专辑，将与脸书热门游戏“农场乡村”（FarmVille）电玩业者异业结盟，在5月17日，推出全新的GaGa主题游戏。媒体报道，社群游戏大厂Zynga即将在17日推出“以GaGa为灵感来源的农场游戏，呈现GaGa的风格，以及专辑、音乐录影带的主题，比方说水晶、独角兽和骑机车的绵羊等”。另外，Zynga在回馈玩家的奖励系统Rewardville中，也将提供10项相关虚拟宝物供玩家换取。歌迷在完成“GaGa农庄”中的某些特定任务后，还能提早欣赏到GaGa预定在23日上市的专辑《Born This Way》。此外，粉丝只花25美元（约713元台币）买游戏储值卡，就能免费下载该专辑，同时得额外单曲和专属GaGa虚拟宝物等。GaGa发表声明，希望透过崭新方式与歌迷分享和庆祝《Born This Way》专辑上市，“Zynga在农场乡村另辟神奇地点，让粉丝可前往游戏，率先听到新专辑。”&amp;lt;br&amp;gt;&amp;lt;/span&amp;gt;&amp;lt;span style=&quot;font-size: 14px;&quot;&amp;gt;&amp;lt;br&amp;gt;5月17日，GaGa见&quot;The Edge of Glory&quot;出乎意料地非常受欢迎，决定把&quot;The Edge of Glory&quot;派到电台和正式转为《Born This Way》专辑里的第三支单曲。另外，第二首宣传单曲&quot;Hair&quot;被上传到itunes贩卖，该曲由RedOne监制。5月18日，美国著名杂志《福布斯》公布了今年全球最具权势的名人100名，GaGa挤下蝉联冠军4年的奥普拉，登上No.1的宝座。要知道奥普拉是怎样的一位人物，能够挤下蝉联4年的奥普拉，GaGa的实力已经到了压倒性的水准。5月23日，被GaGa宣称为“十年来最伟大的专辑”，她个人的第二张专辑《Born This Way》正式发行。&amp;lt;br&amp;gt;&amp;lt;/span&amp;gt;&amp;lt;span style=&quot;font-size: 14px;&quot;&amp;gt;&amp;lt;br&amp;gt;6月16日，&quot;The Edge of Glory&quot;的音乐录影带正式推出，原定由知名导演Joseph Kahn的美人鱼概念作为最后采用方案，但在最后已经拍摄好的MV遭到遗弃，整个原订的导演团队更遭到开除，并由GaGa本人亲自导演新的内容。这支MV推出后立刻遭到多方批评为“最无趣也最失望的音乐录影带”，而拥护者则认为她想透过该MV表达对过世祖父的思念。GaGa也与导演的团队陷入僵局，她临时放弃原本拍摄的内容并且开除导演团队之行为，被批评为“对导演最大的侮辱”，双方拥护者在Twitter上面掀起一场论战，但GaGa本人至今仍未对于这件事情有任何表态。MV中的萨克斯风手于MV推出不久后因心脏衰竭而不幸辞世。&amp;lt;br&amp;gt;&amp;lt;/span&amp;gt;&amp;lt;span style=&quot;font-size: 14px;&quot;&amp;gt;&amp;lt;br&amp;gt;6月21~30日，GaGa第四度访问日本，并于25日千叶幕张出席日本MTV录影带音乐奖赈灾演唱会之记者会时，全程闭眼接受采访，更捐助150万美元给日本地震受灾灾民。&amp;lt;br&amp;gt;&amp;lt;/span&amp;gt;&amp;lt;span style=&quot;font-size: 14px;&quot;&amp;gt;&amp;lt;br&amp;gt; 结束长达11天的日本宣传行程后，GaGa于7月1日晚间搭乘私人专机飞抵台湾，展开她的首次宝岛行。台中市政府订7月3日为“GaGa日”，同日于台中圆满户外剧场举行歌友会。歌友会原订只演出4首，但最后加码为9首，也成为她这一次为了宣传新专辑的表演中，时间最长也演唱最多曲目的一次。她于4日出席位于她下榻之台北晶华酒店的记者会，当被问到何时再访台湾时，她立刻回答“Next Year”，并用“I Promise”承诺台湾歌迷将于明年的巡回演唱会时将再次回到台湾并举办演唱会，但她原订于5日离台则提早至4日晚间10点，据称是歌友会的加码演出让她体力透支，于是提早前往下一站新加坡休息。&amp;lt;br&amp;gt;&amp;lt;/span&amp;gt;&amp;lt;span style=&quot;font-size: 14px;&quot;&amp;gt;&amp;lt;br&amp;gt;2011年7月初，因第三支单曲&quot;The Edge of Glory&quot;在美国Billboard Hot 100的排名已达到极致，GaGa因此表示将推出第四支单曲，并以「YUYI」来表示第四单，至于「YUYI」则被歌迷猜出就是抒情歌曲&quot;Yo&#252; and I&quot;。&amp;lt;br&amp;gt;&amp;lt;/span&amp;gt;&amp;lt;span style=&quot;font-size: 14px;&quot;&amp;gt;&amp;lt;br&amp;gt;7月20日，GaGa正式展开第四支单曲的MV拍摄，她于访问台湾期间就已透露正在准备推出专辑的第四支单曲。她表示这支单曲将会等到MV拍摄完毕后，于播出MV时才会同步开放电台点播与线上下载。她在美国时间7月25日在节目受访时透露第四支单曲为&quot;Yo&#252; and I&quot;，这支新单曲的MV原定于8月19日公开，但在8月16日就由GaGa本人提前于自己的Twitter网站上公开，其中包括人鱼造型以及她化为一名叫做Jo Calderone的男子并与自己亲吻等都是实践了原定要在&quot;The Edge of Glory&quot;里实践的概念。该单曲最后不负众望，达到了美国Billboard Hot 100排行榜的第6名位置。&amp;lt;br&amp;gt;&amp;lt;/span&amp;gt;&amp;lt;span style=&quot;font-size: 14px;&quot;&amp;gt;&amp;lt;br&amp;gt;8月28日，MTV音乐录影带大奖于洛杉矶盛大登场，GaGa化身为&quot;Yo&#252; and I&quot;音乐录影带中的Jo Calderone出席领奖典礼并担任典礼的开场表演嘉宾，皇后乐队的吉他手Brian May更特别倾情伴奏。当晚，她作为MTV的特别来宾主持人，亲手为布兰妮颁发了MTV最高荣誉的“千喜成就奖”。她以&quot;Born This Way&quot;的MV夺得最佳女歌手录影带以及最具启发性音乐录影带两个奖项，使她个人以13座奖杯的纪录成为MTV音乐录音带大奖史上得奖数排名第二位的歌手，仅次于流行天后Madonna。&amp;lt;br&amp;gt;&amp;lt;/span&amp;gt;&amp;lt;span style=&quot;font-size: 14px;&quot;&amp;gt;&amp;lt;br&amp;gt;10月，GaGa正式宣布下一支单曲将是专辑的开场，同时也讲述了GaGa在纽约下城奋斗并努力向上的歌曲&quot;Marry the Night&quot;。不久以后这个MV就开始了拍摄工作。同时Interescope唱片公司也正式确认将会在11月21日发行专辑混音版，以及The Monster Ball Tour蓝光DVD。两者除了单独贩售以外，与既有《Born This Way》专辑将会共同包装，以超级豪华版的方式发行。&amp;lt;br&amp;gt;&amp;lt;/span&amp;gt;&amp;lt;span style=&quot;font-size: 14px;&quot;&amp;gt;&amp;lt;br&amp;gt;12月，单曲&quot;Marry the Night&quot;在Billboard Hot 100仅取得第29名的位置，不仅是GaGa所有单曲中名次最差的，也是唯一没有进入前10名的单曲。&amp;lt;br&amp;gt;&amp;lt;/span&amp;gt;&amp;lt;span style=&quot;font-size: 14px;&quot;&amp;gt;&amp;lt;br&amp;gt;2012年1月，单曲&quot;Marry the Night&quot;的失败让Interscope于1月4日决定要停止&quot;Marry the Night&quot;电台的播送，此首歌中断了GaGa每首单曲都有进入前10名的纪录。由4月尾开始，新一轮世界巡回演唱会《Lady GaGa Starring: The Born This Way Ball World Tour》于韩国首尔展开，而香港站门票更一度供不应求并一加再加至四场，在3月20日时公布台湾场次于5月17~18日台北南港国际展览馆举行。5月，流行音乐歌手麦当娜开始了自己宣传新专辑的巡回演唱会《MDNA Tour》。其中当麦当娜表演歌曲《Express Yourself》时，融入了两首歌曲的歌词与舞蹈元素，其中一首为麦当娜自己的歌曲《She&#39;s Not Me》，而另一首就是Lady Gaga的歌曲《Born This Way》。早在2011年2月《Born This Way》单曲发行时，这首歌曲被指出与80年代末麦当娜的作品《Express Yourself》有雷同的地方，而麦当娜从未对此表态。时隔一年多，麦当娜借着自己的演唱会，将两首原本就有相似元素的歌曲重新混音成为一体，表演《Born This Way》部份时连台上舞步都完全雷同，歌曲结束时更是表演了反讽意味浓厚的《She&#39;s Not Me》。对此尽管麦当娜自己从未正式说明桥段的用意，外界传媒与大众早就已经揣测出想要表达的内容。事后Gaga在《天生完美之球世界巡回演出》新西兰场次表演歌曲《Hair》前表示“有些人喜欢跟别人比较并且否定别人的努力来让自己觉得好过，这样的行为让我觉得不被尊重。现在早已不是25年前了，喜欢我们的族群也不一样，完全没有必要去伤害对方。”&amp;lt;br&amp;gt;&amp;lt;/span&amp;gt;&amp;lt;span style=&quot;font-size: 14px;&quot;&amp;gt;&amp;lt;br&amp;gt;8月，Gaga于Twitter透露新专辑的名称会叫做&quot;ARTPOP&quot;，并定于2013初全球发行，Gaga暂时只透露这张新专辑有一首新歌曲&quot;Beginning To Flourish&quot;。 Gaga也证实在她忙碌于《天生完美之球世界巡回演出》时，她将与丹尼&#183;特乔、蜜雪儿&#183;罗莉葛兹、米路&#183;吉逊、查理&#183;辛等著名演员拍摄罗伯特&#183;罗德里格兹的动作电影《弯刀杀戮》(Machete Kills)。&amp;lt;/span&amp;gt; &amp;lt;/p&amp;gt;&amp;lt;div&amp;gt;&amp;lt;div&amp;gt;&amp;lt;div&amp;gt;&amp;lt;div&amp;gt;&amp;lt;div&amp;gt;&amp;lt;span style=&quot;font-size: 14px;&quot;&amp;gt;&amp;lt;br&amp;gt;&amp;lt;br&amp;gt;&amp;lt;strong&amp;gt;&amp;lt;span style=&quot;color: rgb(255, 0, 0);&quot;&amp;gt;个人专辑&amp;lt;/span&amp;gt;&amp;lt;/strong&amp;gt;&amp;lt;br&amp;gt;&amp;lt;br&amp;gt;&amp;lt;br&amp;gt;2008-08-19 &amp;amp;nbsp; &amp;amp;nbsp; &amp;amp;nbsp; &amp;amp;nbsp; The Fame&amp;lt;br&amp;gt; 2011-05-23 &amp;amp;nbsp; &amp;amp;nbsp; &amp;amp;nbsp; &amp;amp;nbsp; Born This Way&amp;lt;br&amp;gt; 2013-11-11 &amp;amp;nbsp; &amp;amp;nbsp; &amp;amp;nbsp; &amp;amp;nbsp; ARTPOP&amp;lt;br&amp;gt;&amp;lt;br&amp;gt;&amp;lt;br&amp;gt;&amp;lt;strong&amp;gt;&amp;lt;span style=&quot;color: rgb(255, 0, 0);&quot;&amp;gt;个人单曲&amp;lt;/span&amp;gt;&amp;lt;/strong&amp;gt;&amp;lt;br&amp;gt;&amp;lt;br&amp;gt;&amp;lt;br&amp;gt;&amp;lt;/span&amp;gt; &amp;lt;div&amp;gt;&amp;lt;span style=&quot;font-size: 14px;&quot;&amp;gt;&amp;amp;nbsp;2008-04-08 &amp;amp;nbsp; &amp;amp;nbsp; &amp;amp;nbsp; &amp;amp;nbsp; &amp;amp;nbsp;Just Dance&amp;lt;/span&amp;gt;&amp;lt;/div&amp;gt;&amp;lt;span style=&quot;font-size: 14px;&quot;&amp;gt;&amp;lt;/span&amp;gt;&amp;lt;span style=&quot;font-size: 16px;&quot;&amp;gt; &amp;lt;div&amp;gt;&amp;lt;span style=&quot;font-size: 14px;&quot;&amp;gt;2008-09-16&amp;lt;span class=&quot;Apple-tab-span&quot; style=&quot;white-space: pre;&quot;&amp;gt;	&amp;lt;/span&amp;gt;&amp;amp;nbsp; &amp;amp;nbsp; &amp;amp;nbsp; &amp;amp;nbsp;Beautiful, Dirty, Rich&amp;lt;br&amp;gt; 2008-09-23 &amp;amp;nbsp; &amp;amp;nbsp; &amp;amp;nbsp; &amp;amp;nbsp; &amp;amp;nbsp;Poker Face&amp;lt;br&amp;gt; 2009-01-10 &amp;amp;nbsp; &amp;amp;nbsp; &amp;amp;nbsp; &amp;amp;nbsp; &amp;amp;nbsp;Eh, Eh (Nothing Else I Can Say)&amp;lt;/span&amp;gt;&amp;lt;/div&amp;gt;&amp;lt;/span&amp;gt;&amp;lt;span style=&quot;font-size: 14px;&quot;&amp;gt;  &amp;lt;/span&amp;gt; &amp;lt;div&amp;gt;&amp;lt;span style=&quot;font-size: 14px;&quot;&amp;gt;2009-03-24 &amp;amp;nbsp; &amp;amp;nbsp; &amp;amp;nbsp; &amp;amp;nbsp; &amp;amp;nbsp;LoveGame&amp;lt;br&amp;gt; 2009-04-14 &amp;amp;nbsp; &amp;amp;nbsp; &amp;amp;nbsp; &amp;amp;nbsp; &amp;amp;nbsp;Chillin&amp;lt;br&amp;gt; 2009-07-05 &amp;amp;nbsp; &amp;amp;nbsp; &amp;amp;nbsp; &amp;amp;nbsp; &amp;amp;nbsp;Paparazzi&amp;lt;br&amp;gt; 2009-10-26 &amp;amp;nbsp; &amp;amp;nbsp; &amp;amp;nbsp; &amp;amp;nbsp; &amp;amp;nbsp;Bad Romance&amp;lt;br&amp;gt; 2009-11-17 &amp;amp;nbsp; &amp;amp;nbsp; &amp;amp;nbsp; &amp;amp;nbsp; &amp;amp;nbsp;Video Phone&amp;lt;br&amp;gt; 2010-02-15 &amp;amp;nbsp; &amp;amp;nbsp; &amp;amp;nbsp; &amp;amp;nbsp; &amp;amp;nbsp;Telephone&amp;lt;br&amp;gt; 2010-04-20 &amp;amp;nbsp; &amp;amp;nbsp; &amp;amp;nbsp; &amp;amp;nbsp; &amp;amp;nbsp;Alejandro&amp;lt;br&amp;gt; 2011-02-11 &amp;amp;nbsp; &amp;amp;nbsp; &amp;amp;nbsp; &amp;amp;nbsp; &amp;amp;nbsp;Born This Way&amp;lt;br&amp;gt; 2011-04-15 &amp;amp;nbsp; &amp;amp;nbsp; &amp;amp;nbsp; &amp;amp;nbsp; &amp;amp;nbsp;Judas&amp;lt;br&amp;gt; 2011-05-09 &amp;amp;nbsp; &amp;amp;nbsp; &amp;amp;nbsp; &amp;amp;nbsp; &amp;amp;nbsp;The Edge of Glory&amp;lt;br&amp;gt; 2011-05-16 &amp;amp;nbsp; &amp;amp;nbsp; &amp;amp;nbsp; &amp;amp;nbsp; &amp;amp;nbsp;Hair&amp;lt;br&amp;gt; 2011-05-24 &amp;amp;nbsp; &amp;amp;nbsp; &amp;amp;nbsp; &amp;amp;nbsp; &amp;amp;nbsp;3-Way (The Golden Rule)&amp;lt;br&amp;gt; 2011-08-23 &amp;amp;nbsp; &amp;amp;nbsp; &amp;amp;nbsp; &amp;amp;nbsp; &amp;amp;nbsp;Yo&#252; and I&amp;lt;br&amp;gt; 2011-10-03&amp;lt;span class=&quot;Apple-tab-span&quot; style=&quot;white-space: pre;&quot;&amp;gt;	&amp;lt;/span&amp;gt;&amp;amp;nbsp; &amp;amp;nbsp; &amp;amp;nbsp; The Lady Is a Tramp&amp;lt;br&amp;gt; 2011-11-15 &amp;amp;nbsp; &amp;amp;nbsp; &amp;amp;nbsp; &amp;amp;nbsp; &amp;amp;nbsp;Marry the Night&amp;lt;/span&amp;gt;&amp;lt;/div&amp;gt;&amp;lt;div&amp;gt;&amp;lt;span style=&quot;font-size: 14px;&quot;&amp;gt;&amp;lt;br&amp;gt;&amp;lt;br&amp;gt;&amp;lt;strong&amp;gt;&amp;lt;span style=&quot;color: rgb(255, 0, 0);&quot;&amp;gt;所获荣誉&amp;lt;/span&amp;gt;&amp;lt;/strong&amp;gt;&amp;lt;br&amp;gt;&amp;lt;br&amp;gt;&amp;lt;br&amp;gt;&amp;lt;/span&amp;gt; &amp;lt;div&amp;gt;&amp;lt;span style=&quot;font-size: 14px;&quot;&amp;gt;&amp;lt;strong&amp;gt;格莱美奖&amp;lt;/strong&amp;gt;&amp;lt;br&amp;gt;&amp;amp;nbsp;&amp;lt;/span&amp;gt;&amp;lt;/div&amp;gt;&amp;lt;div&amp;gt;&amp;lt;span style=&quot;font-size: 14px;&quot;&amp;gt;2012-02-12 &amp;amp;nbsp; &amp;lt;span class=&quot;Apple-tab-span&quot; style=&quot;white-space: pre;&quot;&amp;gt;	&amp;lt;/span&amp;gt;第54届 &amp;amp;nbsp; 最佳流行歌手 &amp;amp;nbsp; Yo&#252; and I &amp;amp;nbsp; （提名）&amp;lt;/span&amp;gt;&amp;lt;/div&amp;gt;&amp;lt;div&amp;gt;&amp;lt;span style=&quot;font-size: 14px;&quot;&amp;gt;2012-02-12 &amp;amp;nbsp; &amp;lt;span class=&quot;Apple-tab-span&quot; style=&quot;white-space: pre;&quot;&amp;gt;	&amp;lt;/span&amp;gt;第54届 &amp;amp;nbsp; 最佳流行专辑 &amp;amp;nbsp; Born This Way &amp;amp;nbsp; （提名）&amp;lt;/span&amp;gt;&amp;lt;/div&amp;gt;&amp;lt;div&amp;gt;&amp;lt;span style=&quot;font-size: 14px;&quot;&amp;gt;2012-02-12 &amp;amp;nbsp; &amp;lt;span class=&quot;Apple-tab-span&quot; style=&quot;white-space: pre;&quot;&amp;gt;	&amp;lt;/span&amp;gt;第54届 &amp;amp;nbsp; 年度专辑 &amp;amp;nbsp; Born This Way &amp;amp;nbsp; （提名）&amp;lt;/span&amp;gt;&amp;lt;/div&amp;gt;&amp;lt;div&amp;gt;&amp;lt;span style=&quot;font-size: 14px;&quot;&amp;gt;2011-02-13 &amp;amp;nbsp; &amp;lt;span class=&quot;Apple-tab-span&quot; style=&quot;white-space: pre;&quot;&amp;gt;	&amp;lt;/span&amp;gt;第53届 &amp;amp;nbsp; 最佳短篇音乐录影带 &amp;amp;nbsp; Bad Romance &amp;amp;nbsp; （获奖）&amp;lt;/span&amp;gt;&amp;lt;/div&amp;gt;&amp;lt;div&amp;gt;&amp;lt;span style=&quot;font-size: 14px;&quot;&amp;gt;2011-02-13 &amp;amp;nbsp; &amp;lt;span class=&quot;Apple-tab-span&quot; style=&quot;white-space: pre;&quot;&amp;gt;	&amp;lt;/span&amp;gt;第53届 &amp;amp;nbsp; 最佳流行女歌手 &amp;amp;nbsp; Bad Romance &amp;amp;nbsp; （获奖）&amp;lt;/span&amp;gt;&amp;lt;/div&amp;gt;&amp;lt;div&amp;gt;&amp;lt;span style=&quot;font-size: 14px;&quot;&amp;gt;2011-02-13 &amp;amp;nbsp; &amp;lt;span class=&quot;Apple-tab-span&quot; style=&quot;white-space: pre;&quot;&amp;gt;	&amp;lt;/span&amp;gt;第53届 &amp;amp;nbsp; 最佳流行专辑 &amp;amp;nbsp; The Fame Monster &amp;amp;nbsp; （获奖）&amp;lt;/span&amp;gt;&amp;lt;/div&amp;gt;&amp;lt;div&amp;gt;&amp;lt;span style=&quot;font-size: 14px;&quot;&amp;gt;2011-02-13 &amp;amp;nbsp; &amp;lt;span class=&quot;Apple-tab-span&quot; style=&quot;white-space: pre;&quot;&amp;gt;	&amp;lt;/span&amp;gt;第53届 &amp;amp;nbsp; 年度专辑 &amp;amp;nbsp; The Fame Monster &amp;amp;nbsp; （提名）&amp;lt;/span&amp;gt;&amp;lt;/div&amp;gt;&amp;lt;div&amp;gt;&amp;lt;span style=&quot;font-size: 14px;&quot;&amp;gt;2011-02-13 &amp;amp;nbsp; &amp;lt;span class=&quot;Apple-tab-span&quot; style=&quot;white-space: pre;&quot;&amp;gt;	&amp;lt;/span&amp;gt;第53届 &amp;amp;nbsp; 最佳舞曲录制 &amp;amp;nbsp; Dance in the Dark &amp;amp;nbsp; （提名）&amp;lt;/span&amp;gt;&amp;lt;/div&amp;gt;&amp;lt;div&amp;gt;&amp;lt;span style=&quot;font-size: 14px;&quot;&amp;gt;2011-02-13 &amp;amp;nbsp; &amp;lt;span class=&quot;Apple-tab-span&quot; style=&quot;white-space: pre;&quot;&amp;gt;	&amp;lt;/span&amp;gt;第53届 &amp;amp;nbsp; 最佳流行合唱 &amp;amp;nbsp; Telephone &amp;amp;nbsp; （提名）&amp;lt;/span&amp;gt;&amp;lt;/div&amp;gt;&amp;lt;div&amp;gt;&amp;lt;span style=&quot;font-size: 14px;&quot;&amp;gt;2010-01-31 &amp;amp;nbsp; &amp;lt;span class=&quot;Apple-tab-span&quot; style=&quot;white-space: pre;&quot;&amp;gt;	&amp;lt;/span&amp;gt;第52届 &amp;amp;nbsp; 最佳舞曲录制 &amp;amp;nbsp; Poker Face &amp;amp;nbsp; （获奖）&amp;lt;/span&amp;gt;&amp;lt;/div&amp;gt;&amp;lt;div&amp;gt;&amp;lt;span style=&quot;font-size: 14px;&quot;&amp;gt;2010-01-31 &amp;amp;nbsp; &amp;lt;span class=&quot;Apple-tab-span&quot; style=&quot;white-space: pre;&quot;&amp;gt;	&amp;lt;/span&amp;gt;第52届 &amp;amp;nbsp; 年度录制 &amp;amp;nbsp; Poker Face &amp;amp;nbsp; （提名）&amp;lt;/span&amp;gt;&amp;lt;/div&amp;gt;&amp;lt;div&amp;gt;&amp;lt;span style=&quot;font-size: 14px;&quot;&amp;gt;2010-01-31 &amp;amp;nbsp; &amp;lt;span class=&quot;Apple-tab-span&quot; style=&quot;white-space: pre;&quot;&amp;gt;	&amp;lt;/span&amp;gt;第52届 &amp;amp;nbsp; 年度单曲 &amp;amp;nbsp; Poker Face &amp;amp;nbsp; （提名）&amp;lt;/span&amp;gt;&amp;lt;/div&amp;gt;&amp;lt;div&amp;gt;&amp;lt;span style=&quot;font-size: 14px;&quot;&amp;gt;2010-01-31 &amp;amp;nbsp; &amp;lt;span class=&quot;Apple-tab-span&quot; style=&quot;white-space: pre;&quot;&amp;gt;	&amp;lt;/span&amp;gt;第52届 &amp;amp;nbsp; 最佳电子/舞曲专辑 &amp;amp;nbsp; The Fame &amp;amp;nbsp; （获奖）&amp;lt;/span&amp;gt;&amp;lt;/div&amp;gt;&amp;lt;div&amp;gt;&amp;lt;span style=&quot;font-size: 14px;&quot;&amp;gt;2010-01-31 &amp;amp;nbsp; &amp;lt;span class=&quot;Apple-tab-span&quot; style=&quot;white-space: pre;&quot;&amp;gt;	&amp;lt;/span&amp;gt;第52届 &amp;amp;nbsp; 年度专辑 &amp;amp;nbsp; The Fame &amp;amp;nbsp; （提名）&amp;lt;/span&amp;gt;&amp;lt;/div&amp;gt;&amp;lt;div&amp;gt;&amp;lt;span style=&quot;font-size: 14px;&quot;&amp;gt;2009-02-08 &amp;amp;nbsp; &amp;lt;span class=&quot;Apple-tab-span&quot; style=&quot;white-space: pre;&quot;&amp;gt;	&amp;lt;/span&amp;gt;第51届 &amp;amp;nbsp; 最佳舞曲录制 &amp;amp;nbsp; Just Dance &amp;amp;nbsp; （提名）&amp;lt;br&amp;gt;&amp;lt;br&amp;gt;&amp;lt;/span&amp;gt; &amp;lt;div&amp;gt;&amp;lt;span style=&quot;font-size: 14px;&quot;&amp;gt;&amp;lt;strong&amp;gt;MTV音乐录影带奖&amp;lt;/strong&amp;gt;&amp;lt;br&amp;gt;&amp;amp;nbsp;&amp;lt;/span&amp;gt;&amp;lt;/div&amp;gt;&amp;lt;div&amp;gt;&amp;lt;span style=&quot;font-size: 14px;&quot;&amp;gt;2011-08-28 &amp;amp;nbsp; &amp;lt;span class=&quot;Apple-tab-span&quot; style=&quot;white-space: pre;&quot;&amp;gt;	&amp;lt;/span&amp;gt;第28届 &amp;amp;nbsp; 最佳艺术指导 &amp;amp;nbsp; Judas &amp;amp;nbsp; （提名）&amp;lt;/span&amp;gt;&amp;lt;/div&amp;gt;&amp;lt;div&amp;gt;&amp;lt;span style=&quot;font-size: 14px;&quot;&amp;gt;2011-08-28 &amp;amp;nbsp; &amp;lt;span class=&quot;Apple-tab-span&quot; style=&quot;white-space: pre;&quot;&amp;gt;	&amp;lt;/span&amp;gt;第28届 &amp;amp;nbsp; 最佳舞蹈设计 &amp;amp;nbsp; Judas &amp;amp;nbsp; （提名）&amp;lt;/span&amp;gt;&amp;lt;/div&amp;gt;&amp;lt;div&amp;gt;&amp;lt;span style=&quot;font-size: 14px;&quot;&amp;gt;2011-08-28 &amp;amp;nbsp; &amp;lt;span class=&quot;Apple-tab-span&quot; style=&quot;white-space: pre;&quot;&amp;gt;	&amp;lt;/span&amp;gt;第28届 &amp;amp;nbsp; 最佳舞蹈设计 &amp;amp;nbsp; Born This Way &amp;amp;nbsp; （提名）&amp;lt;/span&amp;gt;&amp;lt;/div&amp;gt;&amp;lt;div&amp;gt;&amp;lt;span style=&quot;font-size: 14px;&quot;&amp;gt;2011-08-28 &amp;amp;nbsp; &amp;lt;span class=&quot;Apple-tab-span&quot; style=&quot;white-space: pre;&quot;&amp;gt;	&amp;lt;/span&amp;gt;第28届 &amp;amp;nbsp; 最佳音乐录影带资讯 &amp;amp;nbsp; Born This Way &amp;amp;nbsp; （获奖）&amp;lt;/span&amp;gt;&amp;lt;/div&amp;gt;&amp;lt;div&amp;gt;&amp;lt;span style=&quot;font-size: 14px;&quot;&amp;gt;2011-08-28 &amp;amp;nbsp; &amp;lt;span class=&quot;Apple-tab-span&quot; style=&quot;white-space: pre;&quot;&amp;gt;	&amp;lt;/span&amp;gt;第28届 &amp;amp;nbsp; 最佳女歌手录影带 &amp;amp;nbsp; Born This Way &amp;amp;nbsp; （获奖）&amp;lt;/span&amp;gt;&amp;lt;/div&amp;gt;&amp;lt;div&amp;gt;&amp;lt;span style=&quot;font-size: 14px;&quot;&amp;gt;2010-09-12 &amp;amp;nbsp; &amp;lt;span class=&quot;Apple-tab-span&quot; style=&quot;white-space: pre;&quot;&amp;gt;	&amp;lt;/span&amp;gt;第27届 &amp;amp;nbsp; 年度音乐录影带 &amp;amp;nbsp; Bad Romance &amp;amp;nbsp; （获奖）&amp;lt;/span&amp;gt;&amp;lt;/div&amp;gt;&amp;lt;div&amp;gt;&amp;lt;span style=&quot;font-size: 14px;&quot;&amp;gt;2010-09-12 &amp;amp;nbsp; &amp;lt;span class=&quot;Apple-tab-span&quot; style=&quot;white-space: pre;&quot;&amp;gt;	&amp;lt;/span&amp;gt;第27届 &amp;amp;nbsp; 最佳组合 &amp;amp;nbsp; Telephone &amp;amp;nbsp; （获奖）&amp;lt;/span&amp;gt;&amp;lt;/div&amp;gt;&amp;lt;div&amp;gt;&amp;lt;span style=&quot;font-size: 14px;&quot;&amp;gt;2010-09-12 &amp;amp;nbsp; &amp;lt;span class=&quot;Apple-tab-span&quot; style=&quot;white-space: pre;&quot;&amp;gt;	&amp;lt;/span&amp;gt;第27届 &amp;amp;nbsp; 最佳舞蹈设计 &amp;amp;nbsp; Telephone &amp;amp;nbsp; （提名）&amp;lt;/span&amp;gt;&amp;lt;/div&amp;gt;&amp;lt;div&amp;gt;&amp;lt;span style=&quot;font-size: 14px;&quot;&amp;gt;2010-09-12 &amp;amp;nbsp; &amp;lt;span class=&quot;Apple-tab-span&quot; style=&quot;white-space: pre;&quot;&amp;gt;	&amp;lt;/span&amp;gt;第27届 &amp;amp;nbsp; 年度音乐录影带 &amp;amp;nbsp; Telephone &amp;amp;nbsp; （提名）&amp;lt;/span&amp;gt;&amp;lt;/div&amp;gt;&amp;lt;div&amp;gt;&amp;lt;span style=&quot;font-size: 14px;&quot;&amp;gt;2010-09-12 &amp;amp;nbsp; &amp;lt;span class=&quot;Apple-tab-span&quot; style=&quot;white-space: pre;&quot;&amp;gt;	&amp;lt;/span&amp;gt;第27届 &amp;amp;nbsp; 最佳摄影 &amp;amp;nbsp; Bad Romance &amp;amp;nbsp; （提名）&amp;lt;/span&amp;gt;&amp;lt;/div&amp;gt;&amp;lt;div&amp;gt;&amp;lt;span style=&quot;font-size: 14px;&quot;&amp;gt;2010-09-12 &amp;amp;nbsp; &amp;lt;span class=&quot;Apple-tab-span&quot; style=&quot;white-space: pre;&quot;&amp;gt;	&amp;lt;/span&amp;gt;第27届 &amp;amp;nbsp; 最佳剪辑 &amp;amp;nbsp; Bad Romance &amp;amp;nbsp; （获奖）&amp;lt;/span&amp;gt;&amp;lt;/div&amp;gt;&amp;lt;div&amp;gt;&amp;lt;span style=&quot;font-size: 14px;&quot;&amp;gt;2010-09-12 &amp;amp;nbsp; &amp;lt;span class=&quot;Apple-tab-span&quot; style=&quot;white-space: pre;&quot;&amp;gt;	&amp;lt;/span&amp;gt;第27届 &amp;amp;nbsp; 最佳导演 &amp;amp;nbsp; Bad Romance &amp;amp;nbsp; （获奖）&amp;lt;/span&amp;gt;&amp;lt;/div&amp;gt;&amp;lt;div&amp;gt;&amp;lt;span style=&quot;font-size: 14px;&quot;&amp;gt;2010-09-12 &amp;amp;nbsp; &amp;lt;span class=&quot;Apple-tab-span&quot; style=&quot;white-space: pre;&quot;&amp;gt;	&amp;lt;/span&amp;gt;第27届 &amp;amp;nbsp; 最佳舞蹈设计 &amp;amp;nbsp; Bad Romance &amp;amp;nbsp; （获奖）&amp;lt;/span&amp;gt;&amp;lt;/div&amp;gt;&amp;lt;div&amp;gt;&amp;lt;span style=&quot;font-size: 14px;&quot;&amp;gt;2010-09-12 &amp;amp;nbsp; &amp;lt;span class=&quot;Apple-tab-span&quot; style=&quot;white-space: pre;&quot;&amp;gt;	&amp;lt;/span&amp;gt;第27届 &amp;amp;nbsp; 最佳特技效果 &amp;amp;nbsp; Bad Romance &amp;amp;nbsp; （提名）&amp;lt;/span&amp;gt;&amp;lt;/div&amp;gt;&amp;lt;div&amp;gt;&amp;lt;span style=&quot;font-size: 14px;&quot;&amp;gt;2010-09-12 &amp;amp;nbsp; &amp;lt;span class=&quot;Apple-tab-span&quot; style=&quot;white-space: pre;&quot;&amp;gt;	&amp;lt;/span&amp;gt;第27届 &amp;amp;nbsp; 最佳艺术指导 &amp;amp;nbsp; Bad Romance &amp;amp;nbsp; （提名）&amp;lt;/span&amp;gt;&amp;lt;/div&amp;gt;&amp;lt;div&amp;gt;&amp;lt;span style=&quot;font-size: 14px;&quot;&amp;gt;2010-09-12 &amp;amp;nbsp; &amp;lt;span class=&quot;Apple-tab-span&quot; style=&quot;white-space: pre;&quot;&amp;gt;	&amp;lt;/span&amp;gt;第27届 &amp;amp;nbsp; 最佳舞曲录影带 &amp;amp;nbsp; Bad Romance &amp;amp;nbsp; （获奖）&amp;lt;/span&amp;gt;&amp;lt;/div&amp;gt;&amp;lt;div&amp;gt;&amp;lt;span style=&quot;font-size: 14px;&quot;&amp;gt;2010-09-12 &amp;amp;nbsp; &amp;lt;span class=&quot;Apple-tab-span&quot; style=&quot;white-space: pre;&quot;&amp;gt;	&amp;lt;/span&amp;gt;第27届 &amp;amp;nbsp; 最佳流行录影带 &amp;amp;nbsp; Bad Romance &amp;amp;nbsp; （获奖）&amp;lt;/span&amp;gt;&amp;lt;/div&amp;gt;&amp;lt;div&amp;gt;&amp;lt;span style=&quot;font-size: 14px;&quot;&amp;gt;2010-09-12 &amp;amp;nbsp; &amp;lt;span class=&quot;Apple-tab-span&quot; style=&quot;white-space: pre;&quot;&amp;gt;	&amp;lt;/span&amp;gt;第27届 &amp;amp;nbsp; 最佳女歌手录影带 &amp;amp;nbsp; Bad Romance &amp;amp;nbsp; （获奖）&amp;lt;/span&amp;gt;&amp;lt;/div&amp;gt;&amp;lt;div&amp;gt;&amp;lt;span style=&quot;font-size: 14px;&quot;&amp;gt;2009-09-13 &amp;amp;nbsp; &amp;lt;span class=&quot;Apple-tab-span&quot; style=&quot;white-space: pre;&quot;&amp;gt;	&amp;lt;/span&amp;gt;第26届 &amp;amp;nbsp; 最佳艺术指导 &amp;amp;nbsp; Paparazzi &amp;amp;nbsp; （获奖）&amp;lt;/span&amp;gt;&amp;lt;/div&amp;gt;&amp;lt;div&amp;gt;&amp;lt;span style=&quot;font-size: 14px;&quot;&amp;gt;2009-09-13 &amp;amp;nbsp; &amp;lt;span class=&quot;Apple-tab-span&quot; style=&quot;white-space: pre;&quot;&amp;gt;	&amp;lt;/span&amp;gt;第26届 &amp;amp;nbsp; 最佳特效 &amp;amp;nbsp; Paparazzi &amp;amp;nbsp; （获奖）&amp;lt;/span&amp;gt;&amp;lt;/div&amp;gt;&amp;lt;div&amp;gt;&amp;lt;span style=&quot;font-size: 14px;&quot;&amp;gt;2009-09-13 &amp;amp;nbsp; &amp;lt;span class=&quot;Apple-tab-span&quot; style=&quot;white-space: pre;&quot;&amp;gt;	&amp;lt;/span&amp;gt;第26届 &amp;amp;nbsp; 最佳摄影 &amp;amp;nbsp; Paparazzi &amp;amp;nbsp; （提名）&amp;lt;/span&amp;gt;&amp;lt;/div&amp;gt;&amp;lt;div&amp;gt;&amp;lt;span style=&quot;font-size: 14px;&quot;&amp;gt;2009-09-13 &amp;amp;nbsp; &amp;lt;span class=&quot;Apple-tab-span&quot; style=&quot;white-space: pre;&quot;&amp;gt;	&amp;lt;/span&amp;gt;第26届 &amp;amp;nbsp; 最佳剪辑 &amp;amp;nbsp; Paparazzi &amp;amp;nbsp; （提名）&amp;lt;/span&amp;gt;&amp;lt;/div&amp;gt;&amp;lt;div&amp;gt;&amp;lt;span style=&quot;font-size: 14px;&quot;&amp;gt;2009-09-13 &amp;amp;nbsp; &amp;lt;span class=&quot;Apple-tab-span&quot; style=&quot;white-space: pre;&quot;&amp;gt;	&amp;lt;/span&amp;gt;第26届 &amp;amp;nbsp; 最佳导演 &amp;amp;nbsp; Paparazzi &amp;amp;nbsp; （提名）&amp;lt;/span&amp;gt;&amp;lt;/div&amp;gt;&amp;lt;div&amp;gt;&amp;lt;span style=&quot;font-size: 14px;&quot;&amp;gt;2009-09-13 &amp;amp;nbsp; &amp;lt;span class=&quot;Apple-tab-span&quot; style=&quot;white-space: pre;&quot;&amp;gt;	&amp;lt;/span&amp;gt;第26届 &amp;amp;nbsp; 最佳新人 &amp;amp;nbsp; Poker Face &amp;amp;nbsp; （获奖）&amp;lt;/span&amp;gt;&amp;lt;/div&amp;gt;&amp;lt;div&amp;gt;&amp;lt;span style=&quot;font-size: 14px;&quot;&amp;gt;2009-09-13 &amp;amp;nbsp; &amp;lt;span class=&quot;Apple-tab-span&quot; style=&quot;white-space: pre;&quot;&amp;gt;	&amp;lt;/span&amp;gt;第26届 &amp;amp;nbsp; 最佳流行录影带 &amp;amp;nbsp; Poker Face &amp;amp;nbsp; （提名）&amp;lt;/span&amp;gt;&amp;lt;/div&amp;gt;&amp;lt;div&amp;gt;&amp;lt;span style=&quot;font-size: 14px;&quot;&amp;gt;2009-09-13 &amp;amp;nbsp; &amp;lt;span class=&quot;Apple-tab-span&quot; style=&quot;white-space: pre;&quot;&amp;gt;	&amp;lt;/span&amp;gt;第26届 &amp;amp;nbsp; 最佳女歌手录影带 &amp;amp;nbsp; Poker Face &amp;amp;nbsp; （提名）&amp;lt;/span&amp;gt;&amp;lt;/div&amp;gt;&amp;lt;div&amp;gt;&amp;lt;span style=&quot;font-size: 14px;&quot;&amp;gt;2009-09-13 &amp;amp;nbsp; &amp;lt;span class=&quot;Apple-tab-span&quot; style=&quot;white-space: pre;&quot;&amp;gt;	&amp;lt;/span&amp;gt;第26届 &amp;amp;nbsp; 年度音乐录影带 &amp;amp;nbsp; Poker Face &amp;amp;nbsp; （提名）&amp;lt;br&amp;gt;&amp;amp;nbsp;&amp;lt;/span&amp;gt;&amp;lt;/div&amp;gt;&amp;lt;div&amp;gt;&amp;lt;span style=&quot;font-size: 14px;&quot;&amp;gt;&amp;lt;strong&amp;gt;MTV欧洲音乐奖&amp;lt;/strong&amp;gt;&amp;lt;br&amp;gt;&amp;amp;nbsp;&amp;lt;/span&amp;gt;&amp;lt;/div&amp;gt;&amp;lt;div&amp;gt;&amp;lt;span style=&quot;font-size: 14px;&quot;&amp;gt;2011-11-06 &amp;amp;nbsp; &amp;lt;span class=&quot;Apple-tab-span&quot; style=&quot;white-space: pre;&quot;&amp;gt;	&amp;lt;/span&amp;gt;第18届 &amp;amp;nbsp; 最佳录影带 &amp;amp;nbsp; Born This Way &amp;amp;nbsp; （获奖）&amp;lt;/span&amp;gt;&amp;lt;/div&amp;gt;&amp;lt;div&amp;gt;&amp;lt;span style=&quot;font-size: 14px;&quot;&amp;gt;2011-11-06 &amp;amp;nbsp; &amp;lt;span class=&quot;Apple-tab-span&quot; style=&quot;white-space: pre;&quot;&amp;gt;	&amp;lt;/span&amp;gt;第18届 &amp;amp;nbsp; 最佳单曲 &amp;amp;nbsp; Born This Way &amp;amp;nbsp; （获奖）&amp;lt;/span&amp;gt;&amp;lt;/div&amp;gt;&amp;lt;div&amp;gt;&amp;lt;span style=&quot;font-size: 14px;&quot;&amp;gt;2011-11-06 &amp;amp;nbsp; &amp;lt;span class=&quot;Apple-tab-span&quot; style=&quot;white-space: pre;&quot;&amp;gt;	&amp;lt;/span&amp;gt;第18届 &amp;amp;nbsp; 最受乐迷喜爱 &amp;amp;nbsp; Lady GaGa &amp;amp;nbsp; （获奖）&amp;lt;/span&amp;gt;&amp;lt;/div&amp;gt;&amp;lt;div&amp;gt;&amp;lt;span style=&quot;font-size: 14px;&quot;&amp;gt;2011-11-06 &amp;amp;nbsp; &amp;lt;span class=&quot;Apple-tab-span&quot; style=&quot;white-space: pre;&quot;&amp;gt;	&amp;lt;/span&amp;gt;第18届 &amp;amp;nbsp; 最佳现场演出 &amp;amp;nbsp; Lady GaGa &amp;amp;nbsp; （提名）&amp;lt;/span&amp;gt;&amp;lt;/div&amp;gt;&amp;lt;div&amp;gt;&amp;lt;span style=&quot;font-size: 14px;&quot;&amp;gt;2011-11-06 &amp;amp;nbsp; &amp;lt;span class=&quot;Apple-tab-span&quot; style=&quot;white-space: pre;&quot;&amp;gt;	&amp;lt;/span&amp;gt;第18届 &amp;amp;nbsp; 最佳流行歌手 &amp;amp;nbsp; Lady GaGa &amp;amp;nbsp; （提名）&amp;lt;/span&amp;gt;&amp;lt;/div&amp;gt;&amp;lt;div&amp;gt;&amp;lt;span style=&quot;font-size: 14px;&quot;&amp;gt;2011-11-06 &amp;amp;nbsp; &amp;lt;span class=&quot;Apple-tab-span&quot; style=&quot;white-space: pre;&quot;&amp;gt;	&amp;lt;/span&amp;gt;第18届 &amp;amp;nbsp; 最佳女歌手 &amp;amp;nbsp; Lady GaGa &amp;amp;nbsp; （获奖）&amp;lt;/span&amp;gt;&amp;lt;/div&amp;gt;&amp;lt;div&amp;gt;&amp;lt;span style=&quot;font-size: 14px;&quot;&amp;gt;2010-11-07 &amp;amp;nbsp; &amp;lt;span class=&quot;Apple-tab-span&quot; style=&quot;white-space: pre;&quot;&amp;gt;	&amp;lt;/span&amp;gt;第17届 &amp;amp;nbsp; 最佳录影带 &amp;amp;nbsp; Telephone &amp;amp;nbsp; （提名）&amp;lt;/span&amp;gt;&amp;lt;/div&amp;gt;&amp;lt;div&amp;gt;&amp;lt;span style=&quot;font-size: 14px;&quot;&amp;gt;2010-11-07 &amp;amp;nbsp; &amp;lt;span class=&quot;Apple-tab-span&quot; style=&quot;white-space: pre;&quot;&amp;gt;	&amp;lt;/span&amp;gt;第17届 &amp;amp;nbsp; 最佳单曲 &amp;amp;nbsp; Bad Romance &amp;amp;nbsp; （获奖）&amp;lt;/span&amp;gt;&amp;lt;/div&amp;gt;&amp;lt;div&amp;gt;&amp;lt;span style=&quot;font-size: 14px;&quot;&amp;gt;2010-11-07 &amp;amp;nbsp; &amp;lt;span class=&quot;Apple-tab-span&quot; style=&quot;white-space: pre;&quot;&amp;gt;	&amp;lt;/span&amp;gt;第17届 &amp;amp;nbsp; 最佳现场演出 &amp;amp;nbsp; Lady GaGa &amp;amp;nbsp; （提名）&amp;lt;/span&amp;gt;&amp;lt;/div&amp;gt;&amp;lt;div&amp;gt;&amp;lt;span style=&quot;font-size: 14px;&quot;&amp;gt;2010-11-07 &amp;amp;nbsp; &amp;lt;span class=&quot;Apple-tab-span&quot; style=&quot;white-space: pre;&quot;&amp;gt;	&amp;lt;/span&amp;gt;第17届 &amp;amp;nbsp; 最佳流行歌手 &amp;amp;nbsp; Lady GaGa &amp;amp;nbsp; （获奖）&amp;lt;/span&amp;gt;&amp;lt;/div&amp;gt;&amp;lt;div&amp;gt;&amp;lt;span style=&quot;font-size: 14px;&quot;&amp;gt;2010-11-07 &amp;amp;nbsp; &amp;lt;span class=&quot;Apple-tab-span&quot; style=&quot;white-space: pre;&quot;&amp;gt;	&amp;lt;/span&amp;gt;第17届 &amp;amp;nbsp; 最佳女歌手 &amp;amp;nbsp; Lady GaGa &amp;amp;nbsp; （获奖）&amp;lt;/span&amp;gt;&amp;lt;/div&amp;gt;&amp;lt;div&amp;gt;&amp;lt;span style=&quot;font-size: 14px;&quot;&amp;gt;2009-11-06 &amp;amp;nbsp; &amp;lt;span class=&quot;Apple-tab-span&quot; style=&quot;white-space: pre;&quot;&amp;gt;	&amp;lt;/span&amp;gt;第16届 &amp;amp;nbsp; 最佳单曲 &amp;amp;nbsp; Poker Face &amp;amp;nbsp; （提名）&amp;lt;/span&amp;gt;&amp;lt;/div&amp;gt;&amp;lt;div&amp;gt;&amp;lt;span style=&quot;font-size: 14px;&quot;&amp;gt;2009-11-06 &amp;amp;nbsp; &amp;lt;span class=&quot;Apple-tab-span&quot; style=&quot;white-space: pre;&quot;&amp;gt;	&amp;lt;/span&amp;gt;第16届 &amp;amp;nbsp; 最佳新人 &amp;amp;nbsp; Lady GaGa &amp;amp;nbsp; （获奖）&amp;lt;/span&amp;gt;&amp;lt;/div&amp;gt;&amp;lt;div&amp;gt;&amp;lt;span style=&quot;font-size: 14px;&quot;&amp;gt;2009-11-06 &amp;amp;nbsp; &amp;lt;span class=&quot;Apple-tab-span&quot; style=&quot;white-space: pre;&quot;&amp;gt;	&amp;lt;/span&amp;gt;第16届 &amp;amp;nbsp; 最佳世界舞台演出 &amp;amp;nbsp; Lady GaGa &amp;amp;nbsp; （提名）&amp;lt;/span&amp;gt;&amp;lt;/div&amp;gt;&amp;lt;div&amp;gt;&amp;lt;span style=&quot;font-size: 14px;&quot;&amp;gt;2009-11-06 &amp;amp;nbsp; &amp;lt;span class=&quot;Apple-tab-span&quot; style=&quot;white-space: pre;&quot;&amp;gt;	&amp;lt;/span&amp;gt;第16届 &amp;amp;nbsp; 最佳现场演出 &amp;amp;nbsp; Lady GaGa &amp;amp;nbsp; （提名）&amp;lt;/span&amp;gt;&amp;lt;/div&amp;gt;&amp;lt;div&amp;gt;&amp;lt;span style=&quot;font-size: 14px;&quot;&amp;gt;2009-11-06 &amp;amp;nbsp; &amp;lt;span class=&quot;Apple-tab-span&quot; style=&quot;white-space: pre;&quot;&amp;gt;	&amp;lt;/span&amp;gt;第16届 &amp;amp;nbsp; 最佳女歌手 &amp;amp;nbsp; Lady GaGa &amp;amp;nbsp; （提名）&amp;lt;br&amp;gt;&amp;amp;nbsp;&amp;lt;/span&amp;gt;&amp;lt;/div&amp;gt;&amp;lt;div&amp;gt;&amp;lt;span style=&quot;font-size: 14px;&quot;&amp;gt;&amp;lt;strong&amp;gt;全美音乐奖&amp;lt;/strong&amp;gt;&amp;lt;br&amp;gt;&amp;amp;nbsp;&amp;lt;/span&amp;gt;&amp;lt;/div&amp;gt;&amp;lt;div&amp;gt;&amp;lt;span style=&quot;font-size: 14px;&quot;&amp;gt;2011-11-20 &amp;amp;nbsp; &amp;lt;span class=&quot;Apple-tab-span&quot; style=&quot;white-space: pre;&quot;&amp;gt;	&amp;lt;/span&amp;gt;第39届 &amp;amp;nbsp; 最受欢迎流行/摇滚专辑 &amp;amp;nbsp; Born This Way &amp;amp;nbsp; （提名）&amp;lt;/span&amp;gt;&amp;lt;/div&amp;gt;&amp;lt;div&amp;gt;&amp;lt;span style=&quot;font-size: 14px;&quot;&amp;gt;2011-11-20 &amp;amp;nbsp; &amp;lt;span class=&quot;Apple-tab-span&quot; style=&quot;white-space: pre;&quot;&amp;gt;	&amp;lt;/span&amp;gt;第39届 &amp;amp;nbsp; 最受欢迎流行/摇滚女艺人 &amp;amp;nbsp; Lady GaGa &amp;amp;nbsp; （提名）&amp;lt;/span&amp;gt;&amp;lt;/div&amp;gt;&amp;lt;div&amp;gt;&amp;lt;span style=&quot;font-size: 14px;&quot;&amp;gt;2011-11-20 &amp;amp;nbsp; &amp;lt;span class=&quot;Apple-tab-span&quot; style=&quot;white-space: pre;&quot;&amp;gt;	&amp;lt;/span&amp;gt;第39届 &amp;amp;nbsp; 年度艺人 &amp;amp;nbsp; Lady GaGa &amp;amp;nbsp; （提名）&amp;lt;/span&amp;gt;&amp;lt;/div&amp;gt;&amp;lt;div&amp;gt;&amp;lt;span style=&quot;font-size: 14px;&quot;&amp;gt;2010-11-21 &amp;amp;nbsp; &amp;lt;span class=&quot;Apple-tab-span&quot; style=&quot;white-space: pre;&quot;&amp;gt;	&amp;lt;/span&amp;gt;第38届 &amp;amp;nbsp; 最受欢迎流行/摇滚女艺人 &amp;amp;nbsp; Lady GaGa &amp;amp;nbsp; （获奖）&amp;lt;/span&amp;gt;&amp;lt;/div&amp;gt;&amp;lt;div&amp;gt;&amp;lt;span style=&quot;font-size: 14px;&quot;&amp;gt;2010-11-21 &amp;amp;nbsp; &amp;lt;span class=&quot;Apple-tab-span&quot; style=&quot;white-space: pre;&quot;&amp;gt;	&amp;lt;/span&amp;gt;第38届 &amp;amp;nbsp; 年度艺人 &amp;amp;nbsp; Lady GaGa &amp;amp;nbsp; （提名）&amp;lt;/span&amp;gt;&amp;lt;/div&amp;gt;&amp;lt;div&amp;gt;&amp;lt;span style=&quot;font-size: 14px;&quot;&amp;gt;2009-11-22 &amp;amp;nbsp; &amp;lt;span class=&quot;Apple-tab-span&quot; style=&quot;white-space: pre;&quot;&amp;gt;	&amp;lt;/span&amp;gt;第37届 &amp;amp;nbsp; 最受欢迎流行/摇滚专辑 &amp;amp;nbsp; The Fame &amp;amp;nbsp; （提名）&amp;lt;/span&amp;gt;&amp;lt;/div&amp;gt;&amp;lt;div&amp;gt;&amp;lt;span style=&quot;font-size: 14px;&quot;&amp;gt;2009-11-22 &amp;amp;nbsp; &amp;lt;span class=&quot;Apple-tab-span&quot; style=&quot;white-space: pre;&quot;&amp;gt;	&amp;lt;/span&amp;gt;第37届 &amp;amp;nbsp; 最受欢迎流行/摇滚女艺人 &amp;amp;nbsp; Lady GaGa &amp;amp;nbsp; （提名）&amp;lt;/span&amp;gt;&amp;lt;/div&amp;gt;&amp;lt;div&amp;gt;&amp;lt;span style=&quot;font-size: 14px;&quot;&amp;gt;2009-11-22 &amp;amp;nbsp; &amp;lt;span class=&quot;Apple-tab-span&quot; style=&quot;white-space: pre;&quot;&amp;gt;	&amp;lt;/span&amp;gt;第37届 &amp;amp;nbsp; 最具突破艺人 &amp;amp;nbsp; Lady GaGa &amp;amp;nbsp; （提名）&amp;lt;/span&amp;gt;&amp;lt;/div&amp;gt;&amp;lt;div&amp;gt;&amp;lt;span style=&quot;font-size: 14px;&quot;&amp;gt;2009-11-22 &amp;amp;nbsp; &amp;lt;span class=&quot;Apple-tab-span&quot; style=&quot;white-space: pre;&quot;&amp;gt;	&amp;lt;/span&amp;gt;第37届 &amp;amp;nbsp; 年度艺人 &amp;amp;nbsp; Lady GaGa &amp;amp;nbsp; （提名）&amp;lt;br&amp;gt;&amp;amp;nbsp;&amp;lt;/span&amp;gt;&amp;lt;/div&amp;gt;&amp;lt;div&amp;gt;&amp;lt;span style=&quot;font-size: 14px;&quot;&amp;gt;&amp;lt;strong&amp;gt;全英音乐奖&amp;lt;/strong&amp;gt;&amp;lt;br&amp;gt;&amp;amp;nbsp;&amp;lt;/span&amp;gt;&amp;lt;/div&amp;gt;&amp;lt;div&amp;gt;&amp;lt;span style=&quot;font-size: 14px;&quot;&amp;gt;2012-02-21 &amp;amp;nbsp; &amp;lt;span class=&quot;Apple-tab-span&quot; style=&quot;white-space: pre;&quot;&amp;gt;	&amp;lt;/span&amp;gt;第32届 &amp;amp;nbsp; 最佳国际女艺人 &amp;amp;nbsp; Lady GaGa &amp;amp;nbsp; （提名）&amp;lt;/span&amp;gt;&amp;lt;/div&amp;gt;&amp;lt;div&amp;gt;&amp;lt;span style=&quot;font-size: 14px;&quot;&amp;gt;2010-02-16 &amp;amp;nbsp; &amp;lt;span class=&quot;Apple-tab-span&quot; style=&quot;white-space: pre;&quot;&amp;gt;	&amp;lt;/span&amp;gt;第30届 &amp;amp;nbsp; 最佳国际专辑 &amp;amp;nbsp; The Fame &amp;amp;nbsp; （获奖）&amp;lt;/span&amp;gt;&amp;lt;/div&amp;gt;&amp;lt;div&amp;gt;&amp;lt;span style=&quot;font-size: 14px;&quot;&amp;gt;2010-02-16 &amp;amp;nbsp; &amp;lt;span class=&quot;Apple-tab-span&quot; style=&quot;white-space: pre;&quot;&amp;gt;	&amp;lt;/span&amp;gt;第30届 &amp;amp;nbsp; 最具突破性国际艺人 &amp;amp;nbsp; Lady GaGa &amp;amp;nbsp; （获奖）&amp;lt;/span&amp;gt;&amp;lt;/div&amp;gt;&amp;lt;div&amp;gt;&amp;lt;span style=&quot;font-size: 14px;&quot;&amp;gt;2010-02-16 &amp;amp;nbsp; &amp;lt;/span&amp;gt;&amp;lt;span class=&quot;Apple-tab-span&quot; style=&quot;font-size: 14px; white-space: pre;&quot;&amp;gt;	&amp;lt;/span&amp;gt;&amp;lt;span style=&quot;font-size: 14px;&quot;&amp;gt;第30届 &amp;amp;nbsp; 最佳国际女艺人 &amp;amp;nbsp; Lady GaGa &amp;amp;nbsp; （获奖）&amp;lt;/span&amp;gt;&amp;lt;br&amp;gt;&amp;lt;br&amp;gt;&amp;lt;br&amp;gt;&amp;lt;span style=&quot;color: rgb(255, 0, 0);&quot;&amp;gt;&amp;lt;strong&amp;gt;&amp;lt;span style=&quot;font-size: 14px;&quot;&amp;gt;英文简介&amp;lt;/span&amp;gt;&amp;lt;/strong&amp;gt;&amp;lt;/span&amp;gt;&amp;lt;span style=&quot;font-size: 14px;&quot;&amp;gt; （转自 Allmusic）&amp;lt;/span&amp;gt;&amp;lt;br&amp;gt;&amp;lt;br&amp;gt;&amp;lt;div&amp;gt;&amp;lt;span style=&quot;font-size: 14px;&quot;&amp;gt;Glamorously gaudy, a self-made post-modern diva stitched together from elements of Madonna, David Bowie, and Freddie Mercury, Lady Gaga was the first true millennial superstar. Mastering the constant connection of the internet era, Gaga generated countless mini-sensations through her style, her videos, and her music, cultivating a devoted audience she dubbed &quot;Little Monsters.&quot; But it wasn&#39;t just a cult that turned her 2008 manifesto The Fame into a self-fulfilling prophecy: Gaga crossed over into the mainstream, ushering out one pop epoch and kick-starting a new one, quickly making such turn-of-the-century stars as Christina Aguilera and Britney Spears seem old-fashioned, quite a trick for any artist to pull off, but especially impressive for an artist who specialized in repurposing the past -- particularly the &#39;80s -- for present use, creating sustainable pop for a digital world.&amp;lt;br&amp;gt;&amp;lt;br&amp;gt;&amp;lt;/span&amp;gt;&amp;lt;/div&amp;gt;&amp;lt;div&amp;gt;&amp;lt;span style=&quot;font-size: 14px;&quot;&amp;gt;Perhaps unsurprisingly given her flair for grand gestures, Lady Gaga has deep roots in drama. Born Stefani Germanotta on March 28, 1986, the future Gaga played piano as a child and pursued musical theater in high school, regularly auditioning for New York-based television shows, notably landing a background role for a 2001 episode of The Sopranos. At the age of 17 she enrolled at New York University&#39;s Tisch School of the Arts in their Collaborative Arts Project 21. As she studied, she continued to eke her way into show biz, winding up with an appearance on MTV&#39;s short-lived post-Punk&#39;d reality show Boiling Points in 2005. Not long afterward, she left school so she could concentrate on her music, fronting a band called SGBand, which released two EPs prior to splitting. Germanotta then teamed with producer Rob Fusari, a collaboration that produced not only her stage name Lady Gaga, but recordings that led to her signing with Def Jam in the fall of 2006. Her association with Def Jam was short-lived: the label dropped her early in 2007. Gaga rebounded by working with performance artist Lady Starlight, the two developing the Lady Gaga &amp;amp;amp; the Starlight Revue, a tongue-in-cheek neo-burlesque act that gained positive press and proved to be her last stop before signing with Interscope later in 2007. While at Interscope she created a bond with Akon, who convinced Interscope head Jimmy Iovine to have her co-sign with his Kon Live imprint, and then Gaga began working with producer/songwriter RedOne, a union that led to the songs that would bring her fame: &quot;Just Dance,&quot; &quot;LoveGame,&quot; and &quot;Poker Face.&quot; These songs formed the foundation of The Fame, the debut album that appeared in August 2008.&amp;lt;/span&amp;gt;&amp;lt;/div&amp;gt;&amp;lt;div&amp;gt;&amp;lt;span style=&quot;font-size: 14px;&quot;&amp;gt;&amp;lt;br&amp;gt;&amp;lt;/span&amp;gt;&amp;lt;/div&amp;gt;&amp;lt;div&amp;gt;&amp;lt;span style=&quot;font-size: 14px;&quot;&amp;gt;The Fame Monster Initially, Lady Gaga had greater success in Europe, thanks in large part to the &quot;Just Dance&quot; single, which earned club play in the U.S. and chart placement in other territories. Gaga&#39;s march toward the top of the American chart was slow but &quot;Just Dance&quot; reached the peak position in January 2009, followed swiftly by &quot;Poker Face,&quot; the single that firmly pushed her into the mainstream, its popularity growing so large it often functioned as a punch line on TV in addition to winning a Grammy for Best Dance Recording. &quot;LoveGame&quot; and &quot;Paparazzi&quot; also appeared as singles before Gaga released The Fame Monster in time for the holiday season of 2009. The mini-LP, available separately and as a package with The Fame, contained the single &quot;Bad Romance&quot; whose popularity soon rivaled &quot;Poker Face&quot; and helped kickstart a stellar year for Gaga in 2010. That year, the hit singles &quot;Bad Romance,&quot; &quot;Alejandro,&quot; and the Beyonc&#233; duet &quot;Telephone,&quot; along with the successful Monster Ball Tour, put Lady Gaga front and center with the public as she worked on her sophomore album, announcing the May release of Born This Way on New Year&#39;s Day 2011. The steady march to its summer unveiling was preceded by the release of three singles --&quot;Born This Way,&quot; &quot;Judas,&quot; and &quot;The Edge of Glory&quot;-- all leading up to the highly anticipated Born This Way. Arriving to mixed reviews, the album was a hit but didn&#39;t quite live up to its high expectations, yet it produced more genuine hits with &quot;Marry the Night.&quot; A full remix of the album, naturally called Born This Way: The Remix, appeared at the end of the year, as did a holiday television special called A Very Gaga Thanksgiving and an accompanying EP, A Very Gaga Holiday.&amp;lt;br&amp;gt;&amp;lt;br&amp;gt;&amp;lt;/span&amp;gt;&amp;lt;/div&amp;gt;&amp;lt;div&amp;gt;&amp;lt;span style=&quot;font-size: 14px;&quot;&amp;gt;ARTPOPGaga continued to promote Born This Way throughout 2012, appearing at various star-studded events and television programs while continuing her international tour. The tour came to a halt in February of 2013, when she announced that she had hip surgery to repair a labral tear. As she was healing, she worked on her third album, Artpop. Preceded by the singles &quot;Applause&quot; and &quot;Do What U Want,&quot; the latter a duet with R. Kelly, Artpop was released in early November 2013.&amp;lt;/span&amp;gt;&amp;lt;/div&amp;gt;&amp;lt;/div&amp;gt;&amp;lt;/div&amp;gt;&amp;lt;/div&amp;gt;&amp;lt;/div&amp;gt;&amp;lt;/div&amp;gt;&amp;lt;/div&amp;gt;&amp;lt;/div&amp;gt;&amp;lt;/div&amp;gt;',18,0,'2014-12-10 00:10:16','2014-11-15 11:03:51'),(9,'30698E62-C6A6-4DD2-9AE8-5631F56DFB10','Beyoncé',2,1040003,1050001,2010,'','12시 30분  \n\nDrive \n\n좋은 일이야 \n\n눈을 감아도  \n\n가까이 (Stay) \n\nSo Hot ','55D26768-6A5D-44C7-BE65-411972EEE80B','姓名：碧昂丝&#183;吉赛尔&#183;诺斯&amp;lt;br&amp;gt; 性别：女&amp;lt;br&amp;gt; 英文名：Beyonce Giselle Knowles&amp;lt;br&amp;gt;出生年月：1981年9月4日&amp;lt;br&amp;gt; 星座：处女座&amp;lt;br&amp;gt; 国籍：美国&amp;lt;br&amp;gt; 出生地：美国德克萨斯州的休斯顿 &amp;lt;br&amp;gt; 地域：欧美&amp;lt;br&amp;gt; 职业：歌手 词曲创作人 电影演员 服装设计师 制作人&amp;lt;br&amp;gt; 身高：170cm(IMBD权威资料)&amp;lt;br&amp;gt;体重：60kg&amp;lt;br&amp;gt;嗜好：游泳&amp;lt;br&amp;gt; 最喜欢的歌手：Tina Turner Michael Jackson&amp;lt;br&amp;gt;大牌粉丝：Rihanna Alexandra Burke 李玟&amp;lt;br&amp;gt; 明星好友：Shakira Usher Trya Banks&amp;lt;br&amp;gt;婚姻状况：已婚&amp;lt;br&amp;gt; 丈夫：Jay-Z (杰斯)&amp;lt;br&amp;gt;家庭成员：&amp;lt;br&amp;gt;Solange Knowles(妹妹) &amp;lt;br&amp;gt;Tina Knowles(母亲) &amp;lt;br&amp;gt;Mathew Knowles(父亲)&amp;lt;br&amp;gt;&amp;lt;span&amp;gt;Blue Ivy Carter(女儿)&amp;lt;/span&amp;gt;&amp;lt;br&amp;gt;&amp;lt;br&amp;gt;美国乐坛从来不缺少音色出众的R&amp;amp;amp;B女伶，也不乏现场火辣劲爆的女歌手，至于身材与面容姣好的就更是数不胜数。 然而，仿若身负天命一般，什么也不能阻止她脱颖而出。9岁出道，8年后拿下代表黑人音乐最高水平的Soul Train三项大奖，20岁，代表全美音乐最高荣誉的Grammy小唱机奖杯成了她的囊中之物。 无数男士为她曼妙的身材倾倒，而牵手天王Jay-Z更是让女孩们艳羡得妒火中烧。 哪个女孩也不及她美艳倾城，哪个女星也不及她光彩照人，哪个歌手的演艺生涯也不如她的令人羡慕。她是永远独一无二的巧克力美人，她是新一代的超级天后——Beyonc&#233;。 &amp;lt;br&amp;gt; 她是全球150个奖项获得者，全球160次白金认证，全球1亿3千万张唱片销量，2001年年度艺人，全球23支冠军单曲，第一位获得ASCAP年度歌曲创作者的非裔美国女性，第一张个人专辑5项格莱美，183个杂志封面，参演4部票房佳作，DREAMGIRLS创音乐剧首日最佳票房，为全球5百万歌迷表演，在30个国家表演。&amp;lt;br&amp;gt; 真命天女 &amp;lt;br&amp;gt; 因为家族的血统与背景，Beyonc&#233;有了这个颇具法国气息的名字。她的外祖父母都是美国南部Lousianna（路易斯安那）人。两百年前，山姆大叔用金钱把Lousianna这个法国殖民地纳入了美利坚的版图。在那里，民族成份相当混杂，其中有一支族群被称为Creole（克里奥尔人）。他们是说着法语的欧洲人与黑人的混血儿。而Beyonc&#233;的外祖父母就是克里奥尔人。她母亲在她接受洗礼之后原本想用娘家姓氏Beyinc&#233;为女儿命名，但出于对此姓氏的尊敬，母亲不希望名字被简单复制，所以Beyonc&#233;这个名字就应运而生了。不仅如此，她的妹妹也有一个法国名字，叫做Solange，Solange同样是一位极具才华的艺人。 &amp;lt;br&amp;gt;Beyonc&#233;在Texas（得克萨斯州）上小学。在此期间，她被选入了舞蹈班。芭蕾舞和爵士乐的课程为她日后的事业打下了良好的基础。她在小小年纪就展露出的音乐天赋引起了舞蹈老师的注意。一次舞蹈老师亲自哼曲做为舞蹈的伴奏，他刚起了个头，Beyonc&#233;就能跟着一起哼，而之后更是一哼到底，连惊人的高音也没有落下。这让小Beyonc&#233;被老师惊为天人。而据母亲回忆，Beyonc&#233;从小就是个非常害羞的女孩子，何以做出如此大胆的举动，似乎只能解释为两个字——天赋。“一旦Beyonc&#233;上了舞台，她的羞涩就完全消失了。她在舞台上的一切表现似乎就是要力争成为一名真正的歌手。”那一年，她完成了人生第一次正式舞台表演，演唱了披头士成员John Lennon的一曲“Imagin”。同年，Beyonce转到了Houston（休斯敦）一所有着深厚音乐教育传统的学校上学。在那里，她加入了学校的合唱团，同时还是所住地区教堂唱诗班的领唱。虽然年纪尚小，但Beyonc&#233;出色的演唱让她很快就在Houston当地小有名气，甚至破格参加了整个Houston地区的高中艺术表演大赛——做到所有这些的Beyonc&#233;，只是一个刚刚七岁的小女孩。 &amp;lt;br&amp;gt; 第二年，Beyonce八岁，在一次女子音乐组合的选秀活动中，她遇到了同样前来参赛的LaTavia Roberson和自己的朋友Kelly Rowland。她们和其他几人被编排在同一组，共同表演说唱和舞蹈。这个最初定名为Girl’s Tyme的组合后来被缩减为六人。伴随着Beyonce和Kelly的表演，Girl’s Tyme开始引起了全美各地的注意。美国西海岸的R&amp;amp;amp;B制作人Arne Frager甚至亲自飞往Houston看望她们并带她们去了自己的录音室。 &amp;lt;br&amp;gt;Frager非常欣赏Beyonce的声音。他认为Beyonce的声音独一无二，没有谁能够模仿得了。作为让Girl‘s Tyme日后能够签约主流唱片公司的战略之一，Frager带着这个组合参加了当时全美最大的电视才艺秀，然而他们没有获得成功。Beyonce在赛后承认自己没有唱好，这是她人生中的第一次挫败。不过，也正是那场失败让她收获了丰富的舞台经验和自信心。因为同生代的明星Britney Spears和Justin Timberlake也都是这样一路走过来的。 &amp;lt;br&amp;gt;1993年，受《圣经以赛亚书》章节的启示，Girl’s Tyme正式改名为Destiny’s Child——真命天女。改名之后的她们一直积极参与Houston的许多重要活动与演出。到1995年，随着Destiny’s Child的不断发展，Beyonce的父亲Mathew Knowles决定辞去医疗器械销售的工作，专职于真命天女的训练与管理。此举立刻让Beyonce的家庭收入大减。迫于生活压力，Beyonce的父母分居了。&amp;lt;br&amp;gt;Mathew接手伊始便裁减成员人数。除了Beyonce以外，留下来的是Kelly Rowland、LaTavia Roberson和新吸纳的成员LeToya Luckette。团队的排演地点在Beyonce母亲住所的客厅和后院。Beyonce的母亲是位服装设计师，所有Destiny’s Child的演出服都由她亲手包办。在Mathew的支持和团体的共同努力下，真命天女真的受到了上帝的眷顾。唱片业巨鳄Columbia Records对她们产生了浓厚的兴趣并很快送上了合约，真命天女时代的大门就此打开。 &amp;lt;br&amp;gt;Destiny&#39;s Child是于1997年，以其团体的首张同名专辑中所推出的多白金销售单曲“No, No, No,（不，不，不）”脱颖而出，一举跃上流行舞台，掳获全球乐迷的眼光，然而那份傲人的成就与其1999年所发行的&quot;The Writing&#39;s On The Wall（有迹可循）&quot;专辑相比，则又显得微不足道了。因为&quot;The Writing&#39;s On The Wall（有迹可循）&quot;不仅已创下全球逾千万张的销售，更缔造了“Jumpin, Jumpin（跃跃欲试）”“Say My Name（呼唤我）”以及“Bills, Bills, Bills（帐单不断）”三首排行前10名的畅销单曲，其中“Bills, Bills, Bills（帐单不断）”并创下9周蝉联美国告示牌杂志（Billboard）的节奏蓝调单曲榜冠军的纪录。 &amp;lt;br&amp;gt; 自从1990年成立以来的十几年间，Destiny&#39;s Child的唱片在全世界范围内的销量已经超过了三千三百万张，并且获得了2000年度的第43届葛莱美最佳R&amp;amp;amp;B组合奖以及单曲《Say My Name》获得的最佳R&amp;amp;amp;B歌曲奖。这期间，Beyonc&#233;作为Destiny&#39;s Child的核心成员功不可莫。Beyonc&#233;还获得了美国作曲家、作者和出版协会（ASCAP）颁发的年度流行歌曲作者奖，她是获得该奖项的第一位非洲裔女艺人，也是获得该奖项的第二位女性！&amp;lt;br&amp;gt;2000年，在历经团员变动、Michelle Williams（蜜雪儿威廉斯）加入Destiny&#39;s Child（天命真女合唱团）的一年之后，乐团所录制的首张全新专辑&quot;Survivor&quot;问市，首周入榜便空降至告示牌杂志的200名专辑榜榜首位置，并且在发行四周后便打破两百万张的双白金销售纪录，之后又继续在全球狂销破9百万张。2001年，Destiny&#39;s Child（天命真女合唱团）众望所归地以“Say My Name（呼唤我）”抱回了&quot;最佳节奏蓝调歌曲（Best R&amp;amp;amp;B song）&quot;&quot;最佳节奏蓝调团体（Best R&amp;amp;amp;B performance by a Duo or Group）&quot;两项葛莱美（Grammy）大奖。此外，Destiny&#39;s Child（天命真女合唱团）所荣获的无数奖座，还包括有告示牌杂志所颁发的&quot;年度艺人（Artist of the year）&quot;、全美有色人种协会（NAACP）的&quot;形象奖章（Image Awards）&quot;、全美音乐奖（American Music Awards）、儿童点唱票选奖（Nickelodeon Kid&#39;s Choice）以及夺得灵魂列车大奖协会所特设之&quot;小山姆戴维斯年度表演艺人奖&quot;。而此团体巡回演唱的脚步亦到达世界各地且参与了许多音乐盛会的演出，其中包括了流行天王麦可杰克森（Michael Jackson）的30周年纪念特别演唱会，以及为鼓舞纽约市民而举办的&quot;为纽约而唱（Concert For New York City）&quot;。&amp;lt;br&amp;gt; 天女封后 &amp;lt;br&amp;gt;Destiny’s Child无疑是上世纪90年代美国R&amp;amp;amp;B乐坛一株耀眼的花朵，从先辈En Vouge到TLC再到她们，女子R&amp;amp;amp;B组合在主流音乐圈的地位日益巩固。天女们的一首“Brown Eyes”在被台湾地区女子组合S.H.E.翻唱之后，更是在内地引发了第一轮天女热。 &amp;lt;br&amp;gt; 有时候你不得不佩服Beyonc&#233;父亲的眼光与高瞻远瞩，作为真命天女的经纪人，Mathew的商业运作无疑把同时期的其他女子R&amp;amp;amp;B组合——甚至男子团体一一击败。然而，对于Mathew来说，宝贝女儿的更多好戏还在后面。 &amp;lt;br&amp;gt;2002年，Kelly Rowland和另一位天女成员Michelle Williams先后发行了个人专辑，正当Kelly和当时人气鼎盛的说唱巨星Nelly以大热单曲“Dilemma”轰炸全美各大电台和酒吧时，Beyonc&#233;也开始扎实地为自己的第一张个人大碟做着准备。 &amp;lt;br&amp;gt; 在她的Solo发展路途上，Beyonc&#233;得到了许多重量级艺人的鼎力支持。当然，这其中首先要提的自然是她现在的夫君，被尊为纽约之王的Hip-Hop巨星Jay-Z。Beyonce与他合作的单曲“&#39;03 Bonnie &amp;amp;amp; Clyde”（2003版雌雄大盗）由Kanye West制作，采样了已故传奇说唱巨星2Pac的“Me &amp;amp;amp; My Boyfriend”歌曲片段。而这却引起了R&amp;amp;amp;B女星Toni Braxton的不满。原来在“&#39;03 Bonnie &amp;amp;amp; Clyde”推出一星期之后，Toni Braxton也推出了她的个人第四张专辑。在专辑中也有一首叫“Me &amp;amp;amp; My Boyfriend”的歌曲——偏偏同样也采样了2Pac的歌曲片段。这个撞车让已经渐失风头的Toni颇失风度地全面爆发，公开指责Beyonc&#233;和Jay-Z剽窃了她的创意。这让目空一切的“纽约之王”大为恼火。他和旗下的Kanye West先后在“A Million &amp;amp;amp; One Questions”、“A Million”歌曲中以犀利的歌词对Toni Braxton莫须有的指责进行了毫不留情的回击。 &amp;lt;br&amp;gt; 在Jay-Z之外，Beyonc&#233;的个人生涯还得到了另一位重量级歌手的提携。他就是已故R&amp;amp;amp;B情歌传奇Luther Vandross。翻开和Luther合作过的女星名单，Mariah Carey、Janet Jackson等被奉为天后的名字赫然在目，能得到Luther的首肯正是对Beyonc&#233;实力的最佳认可。而这次合作的歌曲也是非同一般。此曲乃是1977年芝加哥灵魂乐大师Donny Hathaway和Roberta Flack的名作“The Closer I Get To You”。结果Beyonc&#233;顶住压力，凭借此曲拿下Grammy年度最佳R&amp;amp;amp;B组合歌曲奖，向所有质疑她只会跳舞不会唱歌的人进行了有力还击。 &amp;lt;br&amp;gt; 在这些成绩的基础之上，Beyonc&#233;于次年夏天推出了她的首张个人Solo大碟《Dangerouse In Love》。 &amp;lt;br&amp;gt; 这张专辑是动感和柔情的完美结合。很多歌迷在欣赏Beyonc&#233;唱功的同时，在视觉上也大快朵颐。在最大热的单曲“Crazy In Love”的MV之中，Beyonc&#233;的形象激情狂野，热烈的舞蹈动用了全身每一个部位，完全颠覆了天女的形象。这首歌再一次找来Jay-Z合作，不禁让人们对两人的关系充满了好奇。而第二支单曲“Baby Boy”更为热辣，MV请来了加勒比海当红小生Sean Paul一起拍摄。出人意料的是，导演竟然拒绝Sean Paul在Beyonc&#233;百尺范围之内活动。她的性感撩人让这位加勒比明星完全招架不住，竟然试图上前调戏。导演出于对Beyonce的保护才不得不出此下策。另外在“Naughty Girl”的MV之中，Beyonc&#233;邀请了Usher客串演出。Usher是不折不扣的现代黑人舞王，两人在MV中对飙劲舞的场面让人惊叹。制造超强视觉体验的同时，歌曲的成败终究还以嗓音决胜负。这一点上，Beyonc&#233;当然毫不含糊。抒情歌虽不及舞曲大热，却更体现了她不俗的音乐功底——毕竟她的启蒙发声训练从爵士乐开始，而著名现代爵士乐女伶Rachelle Ferrell的音乐也对她的影响很大。&amp;lt;br&amp;gt;2004年2月8日晚，洛杉矶Staples Center，第46届Grammy颁奖典礼上，当主持人连续五次念到她名字之时，Beyonc&#233;无疑成为了当晚最为闪亮的明星。算上真命天女时期所获的Grammy奖，她已是拥有8座唱机奖杯的天后了。而此时的她才只有23岁。 &amp;lt;br&amp;gt; 好莱坞新宠&amp;lt;br&amp;gt;2004年3月，虽有Destiny’s Child即将解散的传闻，天女们还是集体出现在了好莱坞，并在星光大道留下了她们的手印。而这也预示着她们朝向好莱坞的新动作。到了年底，在完成了真命天女第四张专辑《Destiny Fullfilled》之后，团队宣布解散。不久，Beyonce出现在了翻拍电影《Pink Panther》（粉红豹）的拍摄现场。 &amp;lt;br&amp;gt; 为了搭配体形瘦长、模样懒散的巴黎美女，《Pink Panther》片商找到欧洲影迷最喜欢的黑人明星Beyonc&#233;。《Pink Panther》讲述的是国际首席足球教练在巴黎惨遭谋杀，身上镶有知名美钻“Pink Panther”的戒指也不翼而飞，造成法国警界大地震的故事。著名喜剧明星Steve Martin饰演的探长和法国影帝Jean Reno饰演的搭档临危受命侦查本案，案子还没破，笑话惹不少。 &amp;lt;br&amp;gt;Steve Martin饰演的探长对她一见钟情，从艾菲尔铁塔追到第五大道。电影处处都是欧式的浪漫华丽风情。曾以《霹雳娇娃》系列电影获奖的设计师约瑟夫o欧里为Beyonce量身制做了6套戏服，从耳环、鞋子到珠宝配饰都极尽考究。 &amp;lt;br&amp;gt;Beyonc&#233;是从小看着Steve Martin的电视剧和电影长大的，这次和Martin合作拍戏让她感觉非常开心。不过，为了演好自己的角色、保持演出状态，在片场拍戏期间，她竭力让自己板着脸。Beyonc&#233;解释说：“我必须严肃一些，因为要演好自己的戏份，我就得保持在电影角色的状态当中。等看内容回放的时候，我才能哈哈大笑。” &amp;lt;br&amp;gt;Jean Reno对Beyonc&#233;的印象极为深刻：“有一天我去买唱片，突然看到墙上电视屏幕里在播放她的一系列MV，当时我是和保镖一起去的。我们一直在店里，足足呆了45分钟，等到那些MV最后放完才走。现在，连我的头发都受到Beyonce的影响，开始像她的头发了。她太富有才华了，而且充满活力，对我来说她本身就是音乐旋律。” &amp;lt;br&amp;gt;《Pink Panther》虽然夺下北美票房冠军，但Beyonc&#233;本人却对自己的荧幕处女秀颇感不满：警察追小偷的情节有些老套，美女罪犯的角色显得轻浮。真正让她发挥才华的无疑是接下来的电影《追梦女郎》。此剧改编自1981年百老汇歌剧，演员阵容清一色为黑人。故事的蓝本来自上世纪60年代著名的Motown唱片当家花旦组合The Supremes，讲述了三个女孩追求音乐梦想的故事。在片中，Beyonc&#233;刻画了以Diana Ross为原型的歌手。因《灵魂歌王》获封2005年奥斯卡影帝的Jamie Foxx则出演了Beyonce的经纪人。老牌黑人喜剧明星Eddie Murphy的角色则是一名当红的R&amp;amp;amp;B歌手。 &amp;lt;br&amp;gt; 说到唱，自然是正中Beyonc&#233;下怀。表演驾轻就熟，情感流露自然。她同时也为电影录制了包括主题歌在内的7首歌曲。为了这部电影，Beyonc&#233;放弃了手上一切其他工作，专心投入到了电影角色之中。她甚至向媒体坦承，在完成此部电影之前，她不会考虑第二张专辑的事宜。令Beyonc&#233;欣慰的是，《追梦女郎》获得了2006年金球奖的两项提名，更在之后拿下两座奥斯卡小金人。 &amp;lt;br&amp;gt; 新抢钱夫妻&amp;lt;br&amp;gt;2000年前后，Destiny’s Child获得了她们的第一座Grammy奖杯之后，团队内部开始出现不和谐的声音，这最终导致了团队成员先后单飞。在此期间，媒体的炒作令Beyonce承受了巨大的压力。更为雪上加霜的是，和她相恋7年的男友也在此时离她而去，让她郁闷到了极点。Beyonc&#233;日后承认，她当时把自己锁在房间里，拒绝进食。Destiny’s Child内部争吵的画面在她头脑中一再浮现，而她也开始思考究竟谁才是她真正的朋友。现在的她是天后级的巨星——又有谁会出自真心地喜爱自己，而不是贪恋她的名利与财富？在这个特殊的时期，母亲给Beyonc&#233;的关爱让她逐渐重拾了对生活的信心，而在这之后，她的幸福已经在不远的将来等待着她了。&amp;lt;br&amp;gt; 自从与Jay-Z合作了“&#39;03 Bonnie &amp;amp;amp; Clyde”之后，两人相恋的绯闻就不绝于耳。事实上，娱乐小报的编辑们颇为肯定Jay-Z对Beyonc&#233;有意。早在1998年，在Jay-Z的“Lobster &amp;amp;amp; Scrimp”一曲中有这样几句歌词：“She said，&#39;You&#39;re stressin me now，&#39;/Said，&#39;No No No，&#39; then，&#39;Yea yea yea&#39; like she Destiny&#39;s Child。” &amp;lt;br&amp;gt;如果Jay-Z对Beyonc&#233;的关注从Destiny’s Child时代已经开始，那么待到Beyonce单飞以后，Jay-Z更是亲自出马全力护航。先后两次在Beyonc&#233;个人专辑中跨刀演出、两人所合作的单曲全部登顶Billboard单曲榜冠军。到了2005年，甚至已经传出两人结婚的流言， Beyonc&#233;不得不亲自出面辟谣。而两年之后，两人携手出现在NBA新泽西网队的主场，之后又飞往法国嘎纳度假，令媒体彻底“骚动”了起来。 &amp;lt;br&amp;gt;2008年4月，两人在纽约秘密完婚，但素来低调的夫妻俩一直没有向公众展示他们的婚戒。一直到了9月，在Fashion Rock演唱会上，Beyonce的家人才用大屏幕向观众展示了两人的婚礼录像。 在2009MTV欧洲音乐颁奖礼上Beyon&#233;与Jay-Z横扫四大奖，Beyonc&#233;获最佳女歌手、最佳歌曲及最佳录像带奖，Jay-Z则获得“最佳最佳城市音乐艺人”大奖。&amp;lt;br&amp;gt;Jay-Z作为Hip-Hop界最为出色的商人之一，长居福布斯Hip-Hop金主榜三甲，而Beyonc&#233;比起丈夫来也是不遑多让。从2002年开始她就担任百事可乐的代言人。次年，她的广告范围扩展到了护肤产品。欧莱雅花了7位数的资金与她签定广告代言合同。而时尚巨头Amarni更是以她为核心推出了独有品牌的香水.她的收入在2007-2008年度达到了8000万美元。在最近公布的福布斯排行榜上，她和丈夫Jay-Z以1亿6千2百万的总收入位居好莱坞最富有明星夫妇，成了名副其实的一对“新抢钱夫妻”。 &amp;lt;br&amp;gt; 归真返璞 &amp;lt;br&amp;gt; 虽然坐拥惊人财富，Beyonc&#233;与Jay-Z在对财富的处理上却始终低调谨慎。豪掷千金的新闻鲜见于媒体，倒是两人积极投身慈善事业，更让她在音乐、演艺事业方面能够没有后顾之忧地大胆尝试、努力追求自我突破。全新专辑《I Am…Sasha Fierce》就是最好的例证。当演艺圈中所有人都四下打探一夜之间浮出水面的这位“Sasha Fierce”何许人也的时候，Beyonc&#233;出面证实了这个一脸朴素却与自己“神似”的女子其实就是她本人——更准确地说，是她为新专辑所创造的形象角色。她将通过Sasha Fierce这个看似与自己风格迥异的形象，在专辑中扮演一回全无束缚的自己。专辑中依然收录有传统的Beyonc&#233;式商业化单曲，却也有许多真情坦然流露甚至充满创想的新意之作，而当Beyonc&#233;换上Sasha Fierce这个名号的时候，也正是她卸下妆容、表达真我的一刻。而已然贵为天后的Beyonc&#233;依然对音乐有如此诚意，使得Sasha Fierce这一角色引来了从乐迷到评论界的一致叫好。 &amp;lt;br&amp;gt; 从天女到天后，一路走来的Beyonc&#233;终于又在新专辑中得到了自我的回归，随着她阅历的增长与演艺事业的越发成熟，在如意夫君Jay-Z的鼎力相助之下，Beyonc&#233;这个名字终将进一步闪耀出更为炫目的光芒，更长远、更绚烂的人生路正在前方等待着这位年轻有为的美人天后。&amp;lt;br&amp;gt;&amp;lt;br&amp;gt;&amp;lt;br&amp;gt;One of the most recognizable characters in modern-day R&amp;amp;amp;B, Beyonc&#233; first rose to fame as the siren-voiced centerpiece of Destiny&#39;s Child before embarking on a multi-platinum solo career in 2001. Booming record sales, Grammy awards, movie roles, and a romance with rapper/CEO Jay-Z combined to heighten her profile in the 2000s, making the singer a virtual mainstay in the entertainment world. While some media outlets derisively championed Paris Hilton as &quot;the next Marilyn Monroe,&quot; Beyonc&#233; was a much better contender for the role, her glittering pop culture persona only matched by her success onscreen and on record. &amp;lt;br&amp;gt;&amp;lt;br&amp;gt; Born in Houston in September 1981, Beyonc&#233; Giselle Knowles began performing at age seven, winning upwards of 30 local competitions for her dancing and vocal abilities. She also joined her cousin Kelly Rowland and classmates LaTavia Roberson and LeToya Luckett in forming an adolescent vocal group. Mathew Knowles, Beyonc&#233;&#39;s father and Rowland&#39;s legal guardian, signed on to be the girls&#39; manager, eventually quitting his full-time job to focus on their efforts. This situation would ultimately lead to the creation of one of the most popular female R&amp;amp;amp;B groups of all time — Destiny&#39;s Child.&amp;lt;br&amp;gt;&amp;lt;br&amp;gt; Destiny&#39;s Child gained momentum throughout the 1990s, appearing on Star Search in 1992 (under the name Girl&#39;s Tyme) and weathering several lineup changes before signing to Columbia Records in 1997. Four studio albums later, the group has officially become the best-selling female group of all time, with such smash hits as &quot;Jumpin&#39; Jumpin&#39;,&quot; &quot;Bills, Bills, Bills,&quot; &quot;Say My Name,&quot; and &quot;Survivor&quot; bolstering the girls&#39; momentum despite a continued string of lawsuits from former members Roberson and Luckett (who contested Mathew Knowles&#39; management, claiming he withheld profits and unjustly favored his daughter and niece). In 2001, Beyonc&#233;, Rowland, and replacement member Michelle Williams allowed themselves a break from the group to pursue individual solo careers. Before landing several movie roles, Beyonc&#233; became the first African-American female artist and second woman ever to win the annual ASCAP Pop Songwriter of the Year Award. An appearance in the MTV drama Carmen: A Hip Hopera quickly followed, but it was her role as Foxxy Cleopatra in 2002&#39;s Austin Powers in Goldmember that established Beyonc&#233; as a true Hollywood star. &amp;lt;br&amp;gt;&amp;lt;br&amp;gt; While her inclusion on the movie&#39;s soundtrack failed to chart nationally, Beyonc&#233;&#39;s full-length solo debut, 2003&#39;s Dangerously in Love, reached multi-platinum status. Featuring collaborations with Sean Paul, Missy Elliott, OutKast&#39;s Big Boi, and romantic interest Jay-Z, the album spawned a total of four Top Ten singles and garnered the singer five Grammys. Destiny&#39;s Child reconvened the following year to release Destiny Fulfilled; upon completing the resulting tour, the group issued one final album, a greatest-hits compilation entitled #1&#39;s, and subsequently disbanded. Beyonc&#233; turned her full attention to her burgeoning solo career, releasing the sophomore effort B&#39;day in September 2006 and, three months later, turning in an award-winning performance for the movie musical Dreamgirls. The singer then embarked on the &quot;Beyonc&#233; Experience&quot; concert tour, releasing a live DVD in November 2007 and citing plans to work with producer Timbaland on an impending third studio effort (slated for release in 2008). ',18,0,'2014-12-10 00:10:28','2014-11-15 11:10:45'),(10,'55531A73-AF32-4D53-A8D2-D13CC1029997','Party',2,1040003,1050000,2010,'','','9C985D79-E615-4695-B850-267DE8762431','&amp;lt;strong&amp;gt;专辑介绍：&amp;lt;/strong&amp;gt;&amp;lt;span&amp;gt;&amp;lt;div&amp;gt;&quot;Party&quot; was officially remixed with vocals from American rapper J. Cole, replacing those of Andr&#233; 3000. The verses of Andr&#233; 3000 were supplanted by those from Cole; all other elements of the remix are identical to the original. His rap is much shorter than that of Andr&#233; 3000. In his verse, Cole thanks God and Ice Cube for Friday, references Sade and Petey Pablo and name-drops the Bugatti brand. Cole revealed that he was originally supposed to appear on the album version and that Knowles later enlisted him to appear on the official &quot;Party&quot; remix. It was released worldwide as a digital download on October 24, 2011 as a single.&amp;lt;/div&amp;gt;&amp;lt;div&amp;gt;Critics complimented the remix, stating that anyone could sound good over the beat of the mid-tempo R&amp;amp;amp;B song. An accompanying music video for &quot;Party&quot; was shot in New Jersey and was directed by Knowles. Cole replaced Andr&#233; 3000 in the clip, which takes viewers back to an old-school backyard celebration full of colorful bikinis, freestyle dancing and a few cameo appearances, including sister Solange Knowles and former Destiny&#39;s Child bandmate Kelly Rowland. Music critics generally praised the retro-themed visuals, further commending the fact that she proves she can &quot;bring a party&quot; without elaborate choreography, high fashion or cinematic elements.&amp;lt;/div&amp;gt;&amp;lt;/span&amp;gt;',18,0,'2014-12-10 00:10:45','2014-11-15 11:13:09'),(11,'0398DBBC-DF24-4538-BC53-590A045326D1','Gypsy Heart',11,1040003,1050000,2010,'10座葛莱美奖金牌制作人',' Live It Up  \n\n Blaze  \n\nIf You Love Me Let Me Go \n\n Never Gonna Let You Down  \n\nLand Called Far Away ','DECA5D05-5327-44D2-A7F7-566FA3B13483','&amp;lt;strong&amp;gt;专辑介绍：&amp;lt;/strong&amp;gt;&amp;lt;span&amp;gt;&amp;lt;div&amp;gt;★“唱”行全球1600万张专辑/单曲销售  葛莱美肯定部落格女孩2014全创作大碟★&amp;lt;/div&amp;gt;&amp;lt;div&amp;gt;★10座葛莱美奖金牌制作人Babyface掌舵制作★&amp;lt;/div&amp;gt;&amp;lt;div&amp;gt;★轰动网络首波话题主打&quot;Try&quot;，横扫iTunes 22国Top 10，YouTube涌入超过2400万名乐迷感动点播★&amp;lt;/div&amp;gt;&amp;lt;div&amp;gt;「音乐上而言，【Gypsy Heart】有着乐迷这些年来喜爱的创作型歌手风格，不过，有些歌曲有着更加轻快的节奏与繁复的制作，我的目标就是要融合这两方面。」勇夺两座葛莱美奖，缔造1000万张单曲与600万张专辑销售之后，美国加州创作女歌手Colbie Caillat在2014年专辑中展现改变音乐风格的决心。专辑发行前抢先曝光专辑中5首歌曲的迷你EP『Gypsy Heart Side A』登上iTunes美国专辑榜冠军。&amp;lt;/div&amp;gt;&amp;lt;div&amp;gt;Colbie Caillat在2007年以全美抒情榜19周冠军曲&quot;Bubbly&quot;走红乐坛，此单曲的400万首下载销售成为史上最畅销的数位单曲之一，音乐录像带在YouTube的点看率超过3400万人次；同年发行的首张专辑『Coco』也挺进全美流行专辑榜第5名。她在2009年发表的第2张专辑『Breakthrough』更上一层楼，写下发行首周空降冠军的纪录；2011年TOP 10专辑『All Of You』中的抒情榜冠军曲&quot;Brighter Than The Sun&quot;更在20多部电影与电视影集曝光。&amp;lt;/div&amp;gt;&amp;lt;div&amp;gt;2013年，Colbie Caillat待在可以眺望马里布海滩的惬意小屋，抱着心爱的吉他持续不断的写歌，光是从Paul Simon的葛莱美奖经典专辑「Graceland」得到灵感所写的歌，就足以录制成一张完整专辑，不过，唱片公司却建议写不同风格的歌曲。于是，她找OneRepublic乐团的团长与畅销曲创作高手Ryan Tedder（*Adele、Beyonc&#233;）合作写了流行舞曲风格的单曲&quot;Hold On&quot;。这样的改变激发了Colbie Caillat的创作能量，当她与10座葛莱美奖制作人Babyface一起写歌的剎那，她形容彷彿坐上了情感奔驰的云霄飞车一样，她找到了歌曲创作的乐趣，也找到了转折点。&amp;lt;/div&amp;gt;&amp;lt;div&amp;gt;  专辑【Gypsy Heart】由Babyface担纲制作，歌曲由Colbie Caillat与合写过&quot;Bubbly&quot;、&quot;Realize&quot;的创作者Jason Reeves以及David Hodges（*Christina Perri）共同创作。首支单曲&quot;Try&quot;在吉他与钢琴相伴的舒缓旋律中呼吁女生拥抱天生美感的重要性，不要在意身体外表，更不要为了取悦他人而失去真实自我，获选为iTunes美国每周单曲，音乐录像带在YouTube/VEVO涌入超过2400万名乐迷点听，歌曲晋升全美抒情榜第16名，告示牌杂志盛赞这是一首鼓舞年轻女孩拥有更强自我价值观的歌曲。专辑中还有宛若微风轻拂的吉他伴奏的迷人小品&quot;Land Called Far Away&quot;，描述永无止尽的夏日派对生活劲歌&quot;Blaze&quot;，充满活力的&quot;Floodgates&quot;，以诗意歌词呈现感情困惑的流行民谣&quot;If You Love Me Let Me Go&quot;，还有以自身克服舞台恐惧症的经历所写成的心情小品&quot;Live It Up&quot;。&amp;lt;/div&amp;gt;&amp;lt;div&amp;gt;Colbie Caillat希望【Gypsy Heart】专辑能引领乐迷参与一趟真情流露且充满启发的旅程，她说：「我只想写能停留在人们心中的歌曲，如果粉丝能够反覆听着我的歌，那就很棒！在生活中最值得记忆的时刻放着我的歌，我知道那对我来说是最重要的。」&amp;lt;/div&amp;gt;&quot;Gypsy Heart” is the upcoming fourth studio album and fifth overall, if we consider her holiday album “Christmas In the Sand“, released in 2012, recorded by American singer-songwriter Colbie Caillat. It’s scheduled to be released on digital retailers on September 30, 2014 via Republic Records and Universal Music Group.&amp;lt;br&amp;gt;&amp;lt;br&amp;gt; The album is a continuation of her last EP “Gypsy Heart (Side A)“, released in early June this year. In it we can find her latest single “Try“, plus the other songs also included in EP.&amp;lt;br&amp;gt;&amp;lt;br&amp;gt; Alongside the pre-order of the album, Caillat released brand new track “Just Like That” as first coutndown single on iTunes on September 2nd.&amp;lt;br&amp;gt;&amp;lt;br&amp;gt; Recently, Caillat co-wrote “Chasing the Sun” along with Jason Reeves and Toby Gad for Hilary Duff. The song was released as the first buzz single for Duff’s highly awaited fifth album.&amp;lt;/span&amp;gt;							 ',18,0,'2014-12-10 00:11:02','2014-11-15 11:16:12'),(12,'CCF81404-9119-4EB4-AEC8-1C477E1429C2','Boyhood (Music from the Motion Picture)',10,1040003,1050003,2000,'本片讲述一个男孩从6岁到18岁的成长历程','12시 30분  \n\nDrive \n\n좋은 일이야 \n\n눈을 감아도  \n\n가까이 (Stay) \n\nSo Hot ','646CA986-C2BF-48E6-B7EE-25F094342AED','&amp;lt;strong&amp;gt;专辑介绍：&amp;lt;/strong&amp;gt;&amp;lt;span&amp;gt;本片讲述一个男孩从6岁到18岁的成长历程，导演理查德&#183;林克莱特花了12年时间来完成这部作品。它仔细描画了孩子的成长过程，及其父母亲各个方面的变化，可以让观众细致入微地体会岁月流逝的痕迹。为了不打扰主演艾拉&#183;萨尔蒙的正常生活，拍摄均在他暑假期间的简短时间内完成。&amp;lt;br&amp;gt;&amp;lt;br&amp;gt; 电影的原声也囊括了多首经典金曲：“Yellow”开场引得情怀无数，到神曲“Somebody That I Used To Know”，确实从听觉上感受到12年的时光流逝，清新民谣“Hero”配合剧情发展更是百听不厌。&amp;lt;br&amp;gt;&amp;lt;br&amp;gt;Today marks the release of the soundtrack to Boyhood—a film written, directed, and co-produced by Richard Linklater—on Nonesuch Records; the movie, which is being distributed by IFC Films, opens this Friday, July 11, in the UK, New York, and Los Angeles before going wider across the US beginning next week. Shot over 12 years with the same cast, Boyhood is a groundbreaking story of growing up as seen through the eyes of a child named Mason (a breakthrough performance by Ellar Coltrane), who literally grows up on screen before the viewers’ eyes.&amp;lt;br&amp;gt;&amp;lt;br&amp;gt; The New York Times film critic A.O. Scott calls Boyhood &quot;one of the most extraordinary movies of 2014, or for that matter the 21st century so far.&quot; Film critic David Edelstein, in a review for CBS Sunday Morning, says: &quot;Boyhood makes each moment momentous.&quot;&amp;lt;br&amp;gt;&amp;lt;br&amp;gt; The film’s soundtrack spans the story’s 12 years, with songs ranging from the year 2000 (Coldplay’s “Yellow” and The Hives’ “Hate to Say I Told You So”) to 2013 (Yo La Tengo’s “I’ll Be Around”). The album also includes the classic “Band on the Run,” by Paul McCartney and Wings (from the 2010 re-mastered album of the same name) and the debut of a new song written by Jeff Tweedy and performed by the father/son duo Tweedy—“Summer Noon.” The Boyhood soundtrack album was produced by Richard Linklater and Randall Poster.&amp;lt;br&amp;gt;&amp;lt;br&amp;gt; To pick up a copy of the Boyhood soundtrack, head to iTunes or the Nonesuch Store, where CD orders include a free download of the complete album at checkout; MP3 and FLAC lossless files are also available to purchase there.&amp;lt;br&amp;gt;&amp;lt;br&amp;gt; Starring Ethan Hawke and Patricia Arquette as Mason’s parents and newcomer Lorelei Linklater as his sister Samantha, Boyhood charts the rocky terrain of childhood like no other film has before. Snapshots of adolescence from road trips and family dinners to birthdays and graduations and all the moments in between become transcendent. Boyhood is both a nostalgic time capsule of the recent past and an ode to growing up and parenting. Cathleen Sutherland produced the film with Linklater.&amp;lt;br&amp;gt;&amp;lt;br&amp;gt; Before Slacker, an experimental narrative revolving around 24 hours in the lives of 100 characters, garnered acclaim in 1991, Richard Linklater had made many shorts and completed a Super 8 feature, It’s Impossible to Learn to Plow by Reading Books (1988).&amp;lt;br&amp;gt;&amp;lt;br&amp;gt; Linklater’s additional credits include the 1970s cult hit Dazed and Confused (1993); Before Sunrise (1995), for which Linklater won the Berlin Film Festival Silver Bear Award for Best Director; Suburbia (1997); The Newton Boys (1998), a western/gangster film set in the 1920s; the animated feature Waking Life (2001); the real-time drama Tape (2001); the hit comedy School of Rock (2003); $5.15 an Hour (2003, HBO), Before Sunset (2004) which earned him an Academy Award nomination; Bad News Bears (2005); A Scanner Darkly (2006); Fast Food Nation (2006); Inning by Inning: A Portrait of a Coach (2008); Me and Orson Welles (2009); Bernie (2012); Up to Speed (2012, Hulu); Before Midnight (2013); and Boyhood (2014).&amp;lt;br&amp;gt;&amp;lt;br&amp;gt; Linklater also serves as the Artistic Director for the Austin Film Society, which he founded in 1985 to showcase films from around the world that were not typically shown in Austin. Now one of the nation’s top film organizations, The Austin Film Society shows more than 200 films a year, has educational programs, and has given out more than $1,500,000 in grants to Texas filmmakers since 1996.&amp;lt;/span&amp;gt; ',18,0,'2014-12-10 00:11:13','2014-11-15 11:18:55'),(13,'08136779-FA92-4845-AF2D-E7BDD2A12FAD','My Darling',2,1040006,1050001,2010,'萱萱首支单曲','12시 30분  \n\nDrive \n\n좋은 일이야 \n\n눈을 감아도  \n\n가까이 (Stay) \n\nSo Hot ','51F487CC-9FD5-462D-833A-7B3F90DFC24D','&amp;lt;strong&amp;gt;专辑介绍：&amp;lt;/strong&amp;gt;&amp;lt;span&amp;gt;萱萱首支单曲《My Darling》 狮子座女声爱情萌萌哒&amp;lt;br&amp;gt;&amp;lt;br&amp;gt; 因为浑厚的女中音在中国好声音比赛中赢得那英青睐最终获得第二季季军的好声音学员萱萱（戴潆萱），经过近一年的休整，首支单曲《Darling》正式曝光。略带少女气息的歌词、线条优美的大情歌线路，听强悍的狮子座女声娓娓道来的萌萌哒爱情。&amp;lt;br&amp;gt;&amp;lt;br&amp;gt;同样从好声音第二季走出来的唱作歌手侯磊作曲的《Darling》，整体气质温暖优柔，R&amp;amp;amp;B跟POP的有机结合，较狠的弦乐配器衬托萱萱嗓音的张力，形成强烈的色彩对比，长线条的旋律让陷入爱河的女生面对情人坦露表白有了动人的真情。在这个流行卖萌的年代，既使强悍如狮子座的女生，在爱情面前也会低下骄傲的头颅，在男孩身边变成温柔可人的萌萌哒。&amp;lt;br&amp;gt;&amp;lt;br&amp;gt; 狮子座的萱萱在好声音舞台上张嘴便有故事的嗓音，不仅令乐坛一姐那英动容，也打动了无数电视观众，一曲《我是不是你最疼爱的人》令其在最紧要关头打败姚贝娜进入全国四强获得季军。《Darling》是萱萱沉寂一年之后的首支单曲，既保留了好声音时代的浑厚沉稳，也有了之前因为赛事紧张不曾有过的轻巧放松，在录音棚直接唱哭制作人。在音乐制作人潘卫东看来，萱萱的声音本能盖过技巧，训练只是让其本能更升华强大。这不止是一首旋律优美的好歌带给歌手的修炼，也是经过调整的戴潆萱对嗓音的把控有了新的认知。&amp;lt;br&amp;gt;&amp;lt;br&amp;gt; 生活中性格豪爽全无“音乐里的萱萱”影子的萱萱，计划年底左右推出首张EP。虽年纪轻轻却已参加过数个歌唱比赛的唱将，将会有全新的面貌交付签约经纪公司梦响强音后的首张答卷。&amp;lt;/span&amp;gt; ',18,0,'2014-12-10 00:11:23','2014-11-15 11:21:43'),(14,'6780F182-3F9E-4CC1-A94F-7895CE591B57','Declan',11,1040006,1050000,2011,'不错，不错','12시 30분  \n\nDrive \n\n좋은 일이야 \n\n눈을 감아도  \n\n가까이 (Stay) \n\nSo Hot ','7490E4B4-B1E3-4817-AC55-62B13C4AB55C','&amp;lt;strong&amp;gt;专辑介绍：&amp;lt;/strong&amp;gt;&amp;lt;span&amp;gt;&amp;lt;div&amp;gt;音乐界专业人士很快就注意到了迪克兰的天赋，多家大牌音乐唱片公司的激烈争夺中，EMI唱片公司更不惜开出一百万英镑的承诺，签下了第一份演艺合同。&amp;lt;/div&amp;gt;&amp;lt;br&amp;gt;&amp;lt;div&amp;gt;他录制的第一首歌曲是“Walking in the Air”,并被收录在一张圣诞特辑中，其中也包括西城男孩、艾尔顿&#183;约翰和埃尔维斯&#183;普雷斯利等至尊前辈的经典金曲&amp;lt;/div&amp;gt;&amp;lt;br&amp;gt;&amp;lt;div&amp;gt;他的首张同名专辑《Declan》于2002年9月22日发行，唱片公司是EMI。此张专辑中的曲目主要是爱尔兰民歌，但也包括一些为他特别而写的素材。此张专辑在英国和爱尔兰大获成功。&amp;lt;/div&amp;gt;&amp;lt;/span&amp;gt;',18,0,'2014-12-10 00:11:34','2014-11-15 11:28:00'),(15,'247D3673-2FF3-479F-A6C7-EF1A27AA684F','Sweet Talker',10,1040006,1050001,1998,'Stay！！！','12시 30분  \n\nDrive \n\n좋은 일이야 \n\n눈을 감아도  \n\n가까이 (Stay) \n\nSo Hot ','384E5FA8-045E-4852-A4DE-217137B817D7','&amp;lt;strong&amp;gt;专辑介绍：&amp;lt;/strong&amp;gt;&amp;lt;span&amp;gt;&amp;lt;div&amp;gt;&amp;lt;div&amp;gt;&amp;lt;strong&amp;gt;★全球2400万张专辑/单曲销售，全英音乐奖/葛莱美肯定的英国流行女歌手&amp;lt;/strong&amp;gt;&amp;lt;/div&amp;gt;&amp;lt;div&amp;gt;&amp;lt;strong&amp;gt;★强打推荐：与乐坛安娜公主Ariana Grande、嘻哈妖姬Nicki Minaj精彩交锋的首支单曲&quot;Bang Bang&quot;攻佔英国金榜冠军，iTunes 40国冠军及告示牌No.3&amp;lt;/strong&amp;gt;&amp;lt;/div&amp;gt;&amp;lt;br&amp;gt;&amp;lt;div&amp;gt;荣获英国BBC评选为2011年度之声，拿下2011年全英音乐奖的乐评首选奖，担任2012年伦敦奥运大使、闭幕典礼演唱嘉宾，歌唱选秀节目「英国好声音」的歌唱教练，缔造2000万张单曲与400万张专辑销售，拥有超过1800万名的脸书粉丝，英国流行女歌手Jessie J挟带奖座、掌声与人气指数，祭出结合流行乐、节奏蓝调、灵魂乐、嘻哈魅力的2014年大碟【Sweet Talker】！&amp;lt;/div&amp;gt;&amp;lt;br&amp;gt;&amp;lt;div&amp;gt;专辑中与流行乐界的安娜公主Ariana Grande、嘻哈妖姬Nicki Minaj精彩交锋的首支单曲&quot;Bang Bang&quot;抢尽排行锋头，攻佔英国金榜冠军、全美热门单曲榜第3名等全球14国TOP 10，在40国的iTunes夺冠，在45国的iTunes挺进TOP 10！&amp;lt;/div&amp;gt;&amp;lt;br&amp;gt;&amp;lt;div&amp;gt;与Adele、Leona Lewis同属于英国唱片工业成立的表演艺术与技术学院BRIT School的Jessie J，她在2009年以创作Miley Cyrus畅销曲&quot;Party In The U.S.A.&quot;引起乐坛注意；2011年发表首张专辑『Who You Are』，专辑在超过15个国家获得白金唱片销售认证，发行首週空降英国金榜亚军，随后也成为该年度英国最畅销的首张专辑，更写下第一位在一张专辑创造6首英国金榜TOP 10畅销单曲的英国女歌手的纪录，包括：&quot;Price Tag&quot;（*英国金榜在内18国冠军）、&quot;Domino&quot;（*英国金榜冠军、全美舞曲榜冠军/流行单曲榜亚军/热门单曲榜第6名）、&quot;Do It Like A Dude&quot;（UK#2）、与法国电音DJ David Guetta合作的&quot;Laserlight&quot;（UK#5）、&quot;Who You Are&quot;（UK#8）、&quot;Nobody’s Perfect&quot;（UK#9）。&amp;lt;/div&amp;gt;&amp;lt;br&amp;gt;&amp;lt;div&amp;gt;Jessie J在伦敦奥运闭幕典礼上与Queen乐团携手献唱名曲&quot;We Will Rock You&quot;震撼全球；2013年发行第2张专辑『Alive』，专辑晋升英国金榜第3名，专辑推出两首英国金榜TOP 10畅销曲，包括：与嘻哈歌手Big Sean跟Dizzee Rascal合作的&quot;Wild&quot;（UK#5）、&quot;It’s My Party&quot;（UK#3）。她在2014年以电影「派特的幸福剧本」主题曲&quot;Silver Lining (Crazy ’Bout You)&quot;获得葛莱美奖最佳视觉媒体歌曲提名。&amp;lt;/div&amp;gt;&amp;lt;br&amp;gt;&amp;lt;div&amp;gt;两度入围全英音乐奖最佳英国女艺人的Jessie J邀请包括：Max Martin（*Taylor Swift）、Josh Alexander（*Demi Lovato）、Diplo（*Bruno Mars）、Tricky Stewart &amp;amp;amp; The-Dream（*Rihanna）、Steve Mac &amp;amp;amp; Wayne Hector（*The Wanted）、Ilya（*Jennifer Lopez），Will IDAP（*Nico &amp;amp;amp; Vinz）等歌曲创作与製作名人共同打造【Sweet Talker】专辑，专辑中除了火红单曲&quot;Bang Bang&quot;之外，还有与葛莱美奖提名嘻哈歌手2 Chainz合作的嘻哈派对热歌&quot;Burnin’ Up&quot;，与嘻哈经典名团De La Soul过招的&quot;Seal Me With A Kiss&quot;，英国流行灵魂乐男歌手John Newman打造的流行佳作&quot;Fire&quot;，展现情感爆发力的&quot;Get Away&quot;…等。（博客来）&amp;lt;/div&amp;gt;&amp;lt;br&amp;gt;Sweet Talker is the upcoming third studio album by English singer-songwriter Jessie J, scheduled to be released 13 October 2014 through Lava Records and Republic Records.&amp;lt;/div&amp;gt;&amp;lt;br&amp;gt;&amp;lt;div&amp;gt;American rapper 2 Chainz, American singer Ariana Grande, and Trinidadian-American rapper Nicki Minaj all make guest appearances on the album, in addition to hip hop group De La Soul and violinist Lindsey Stirling. Jessie co-wrote the album and worked with The-Dream, Diplo, Tricky Stewart, Max Martin, Ammo and amongst a host of collaborators from both new and old. The album was preceded by the lead single, &quot;Bang Bang&quot;, which features singer Ariana Grande and rapper Nicki Minaj was released on 29 July 2014 and was met with critical acclaim from music critics. It also became a worldwide hit, reaching the top 10 in Australia, Canada, Denmark, New Zealand, and reaching the top 5 in the United States, becoming Jessie&#39;s most successful single in the USA, surpassing her previous chart peak reached in 2012 with &#39;Domino&#39; at #6. It also topped the singles chart in the United Kingdom, becoming Jessie&#39;s third number one hit here.&amp;lt;/div&amp;gt;&amp;lt;/span&amp;gt;',18,0,'2014-12-13 11:10:51','2014-11-15 11:31:20'),(16,'DB124307-2188-4BB1-B46F-4213C3468FF1','The Endless River',11,1040006,1050000,2000,'눈을 감아도 ','12시 30분  \n\nDrive \n\n좋은 일이야 \n\n눈을 감아도  \n\n가까이 (Stay) \n\nSo Hot ','9CADE9B1-288F-4C0A-862C-B285FD14A2A5','&amp;lt;strong&amp;gt;专辑介绍：&amp;lt;/strong&amp;gt;&amp;lt;span&amp;gt;&amp;lt;div&amp;gt;&amp;lt;div&amp;gt;&amp;lt;div&amp;gt;&amp;lt;span style=&quot;color: rgb(255, 0, 0);&quot;&amp;gt;&amp;lt;strong&amp;gt;◎入籍美国《摇滚名人殿堂》和英国《音乐名人堂》至尊荣耀的前卫摇滚不朽经典名团睽违20年再造传奇钜作&amp;lt;/strong&amp;gt;&amp;lt;/span&amp;gt;&amp;lt;/div&amp;gt;&amp;lt;div&amp;gt;&amp;lt;span style=&quot;color: rgb(255, 0, 0);&quot;&amp;gt;&amp;lt;strong&amp;gt;◎协同Paul McCartney共组The Fireman的Martin Glover(The Verve、Beth Orton)+Roxy Music吉他手Phil Manzanera(David Gilmour、John Cale)+2次葛莱美提名的老伙伴Andy Jackson齐力製作&amp;lt;/strong&amp;gt;&amp;lt;/span&amp;gt;&amp;lt;/div&amp;gt;&amp;lt;br&amp;gt;&amp;lt;div&amp;gt;久等了，经过20个寒暑，整合迷幻和太空摇滚，将实验、叙事性丰富的前卫摇滚，以及运用哲学性的词藻，打开了摇滚音乐史上新页，立足无法取代的伟大乐团Pink Floyd终告回归，替2014年流行歌坛投下最巨大的震撼弹，让全球摇滚迷们欣喜若狂！荣获葛莱美奖青睐，缔造全球销售突破2亿5000万的天量，14张录音室专辑，全数送入英国金榜前十强之林，其中加总停留美国告示牌881週的传世经典《The Dark Side Of The Moon》、史上最伟大的概念专辑《The Wall》，都是影响后辈的膜拜圣碟。分别入籍美国《摇滚名人殿堂》和英国《音乐名人堂》的至尊荣耀、滚石杂志和VH1频道的《史上百组经典艺人》、Q杂志《史上最伟大的乐团》名单裡头。因对音乐与慈善事业的卓越贡献，授予大英帝国司令勳章(CBE)，获得Q杂志颁发《杰出贡献》大礼、滚石杂志名单《史上百大伟大吉他手》之列的David Gilmour，加上贝斯手Roger Waters、鼓手Nick Mason、键盘手Richaed Wright，还有早期参与过两张专辑录製的创始团员Syd Barrett，都是构成Pink Floyd最坚强的阵容。David、Roger、Nick和Richaed，在超过20年的分崩离析，彼此尽释前嫌的重聚首，于2005年的Live 8音乐高峰会上同台演出！2006和2008年，Syd与Richard分别因糖尿病、癌症过世，令全球乐迷哀痛不已。&amp;lt;/div&amp;gt;&amp;lt;div&amp;gt;第15张跨世纪新碟《The Endless River》，除了David掌控音乐走向之外，还劳驾协同Paul McCartney共组The Fireman的Martin Glover(The Verve、Beth Orton)+Roxy Music吉他手Phil Manzanera(David Gilmour、John Cale)+2次葛莱美提名的老伙伴Andy Jackson齐力製作。主要阵容包括David Gilmour、Nick Mason与2008年因癌症逝世的创团成员Richard Wright，还有Richard女婿Guy Pratt+「加拿大音乐名人堂」和朱诺奖得主Bob Ezrin，两人负责吉他弹奏、爵士萨克斯风好手Gilad Atzmon等幕后班底。早在《The Division Bell》时期成形的《The Endless River》，原本三人将即兴录製好的作品取为《The Big Spliff》，架构于环境音乐(Ambient Music)风格的演奏作品，却搁置长达20年之久，Pink Floyd决定重新录音、增加内容，同向Richard致敬的唱片。概念式的分为四个纯演奏部份，仅有一首演唱歌曲〈Louder Than Words〉，交付David妻子Polly Samson填词。感动聆赏Richard运用键盘音色的气氛营造、David独特且情感丰沛的吉他演奏、Nick沾染爵士韵味的迷人鼓点，大师们将完美音乐艺术结合，势必再造传奇不朽的经典钜作！&amp;lt;/div&amp;gt;&amp;lt;/div&amp;gt;The Endless River is the upcoming fifteenth studio album by British rock band Pink Floyd. Produced by David Gilmour, Martin Glover, Andy Jackson and Phil Manzanera, the album is set to be released by Parlophone and Columbia Records respectively in Friday-release countries on 7 November 2014 and in the United Kingdom on 10 November 2014. The album is the band&#39;s first after the death of the band&#39;s keyboardist and founding member Richard Wright, who appears posthumously on the album, and the third by the Gilmour-helmed Pink Floyd after Roger Waters&#39; departure from the band in 1985, following the release of The Final Cut. The Endless River is also the first studio release by the band to be distributed by Parlophone and Warner Bros. Records, following the purchase of EMI and its assets by the Universal Music Group in 2012, their transfer to Parlophone and the purchase of Parlophone by Warner Bros. in 2013. It will be the band&#39;s first Columbia title since The Division Bell, as well as their only title on their former label.&amp;lt;/div&amp;gt;&amp;lt;br&amp;gt;&amp;lt;div&amp;gt;Described as a &quot;swan song&quot; for Wright, The Endless River is mostly an instrumental album consisting primarily of ambient music. The album is based on unreleased material the band had written, recorded and produced with Wright during sessions for The Division Bell in 1993. Created out of 20 hours of recorded material, the album was recorded aboard the Astoria, Gilmour&#39;s houseboat recording studios, in 2013 and 2014. The album is packaged with an album cover by Ahmed Emad Eldin and sleeve design by Stylorouge.&amp;lt;/div&amp;gt;&amp;lt;br&amp;gt;&amp;lt;div&amp;gt;The Endless River is the band&#39;s first studio album in twenty years, the last being 1994&#39;s The Division Bell. Information about the band&#39;s renewed undertaking was initially leaked from personnel via social media, after which Pink Floyd made a formal announcement. The news was met with anticipation from fans as well as criticism regarding the absence of Waters on the new project. The band and Parlophone promoted the album in the lead-up to its release with television advertisements and installations of the album artwork placed in cities around the world such as London, New York, Paris, Berlin and Milan.&amp;lt;/div&amp;gt;&amp;lt;/span&amp;gt;',18,0,'2014-12-10 08:17:15','2014-11-15 11:33:08'),(17,'CDC40918-C0EE-419B-B624-0DAC8D248CF1','Once Upon a Dream (Young Ruffian Remix)',2,1040007,1050003,2111,'(沉睡魔咒)》演唱的主题曲','12시 30분  \n\nDrive \n\n좋은 일이야 \n\n눈을 감아도  \n\n가까이 (Stay) \n\nSo Hot ','7C13ED9A-2461-4273-BCDF-C3CD9EB91F98','&amp;lt;strong&amp;gt;专辑介绍：&amp;lt;/strong&amp;gt;&amp;lt;span&amp;gt;Lana Del Rey在今年年初为电影《Maleficent (沉睡魔咒)》演唱的主题曲的混音版。&amp;lt;/span&amp;gt;',18,0,'2014-12-10 08:17:27','2014-11-15 11:37:26'),(18,'B9000CE9-965E-4D0A-A566-F4645B00F5CE','Clear Sky',9,1040007,1050003,1998,'2014年8月8日发售的动画音乐杂志','12시 30분  \n\nDrive \n\n좋은 일이야 \n\n눈을 감아도  \n\n가까이 (Stay) \n\nSo Hot ','5C669D6F-CB2F-4006-9FC4-28197030AE09','&amp;lt;strong&amp;gt;专辑介绍：&amp;lt;/strong&amp;gt;&amp;lt;span&amp;gt;在2014年8月8日发售的动画音乐杂志《リスアニ！Vol.18》的ClariS特集中，公布了“新生的ClariS开始活动！&quot;的新闻，并告知在11月8日杂志《リスアニ！Vol.19》会附录新生的ClariS新曲CD。  &amp;lt;br&amp;gt;&amp;lt;br&amp;gt;2014年11月8日零点，在秋叶原GAMERS本店举办了《リスアニ！Vol.19》最速发售会，新ClariS形象公开，由高野音彦绘图。新成员カレン的代表标志是「星星」，与另一现役成员アリス的标志「月亮」为新的组合，新生ClariS正式启动。 &amp;lt;br&amp;gt;&amp;lt;br&amp;gt; 今年の春に突如駆け巡った“アリス卒業”のニュース。あれから約5ヵ月、新メンバーを迎えて新生ClariSとして活動をスタートさせる彼女たちの初めての音源が、11月8日発売の「リスアニ！Vol.19」の付録CDに収録される。    &amp;lt;br&amp;gt;&amp;lt;br&amp;gt;この企画のために新たに書き下ろされた楽曲のタイトルは「Clear Sky」。作詞・作曲を担当するのは、最初期からClariSを支えるコンポーザー・丸山真由子。キラキラと音が輝くミドルナンバーで、“はじまるこのメロディー”というフレーズに、否が応にもClariSの今後への期待が高まる。ClariSファンはもちろん、アニメ音楽ファンなら絶対に見逃せない本企画、ぜひお楽しみに。&amp;lt;/span&amp;gt; ',18,0,'2014-12-13 11:09:50','2014-11-15 11:40:23'),(19,'85D74D09-0189-4B1E-85CE-AEEC58D2A475','Irish Son',2,1040007,1050001,2011,'脱离Westlife作独立歌手发展',' 01 Irish Son   2212   \n \n 02 Real To Me   33984   \n  \n 03 Demons   33280   \n \n 04 Lose Lose Situation   799   \n  \n 05 Hes No Hero   1302   \n  \n 06 Sorry Love Daddy   14724   \n  \n 07 Pull Myself Away   862   \n  \n 08 Be True To Your Women   1005   \n  \n 09 Walking Disaster   749   \n  \n 10 Walking Into Walls   635   \n  \n 11 Almost Here (with Delta Goodrem)','A7BE1E81-B792-4D48-BA8C-96358D95A1BE','&amp;lt;strong&amp;gt;专辑介绍：&amp;lt;/strong&amp;gt;&amp;lt;span&amp;gt;&amp;lt;p&amp;gt;脱离Westlife作独立歌手发展的Brian  McFadden的单曲&quot;Real  To  Me&quot;曾拿下英国单曲榜的冠军！算是真正为他的单飞事业来了个开门红。他在11月22日发行他继  &quot;Rral  To  Me&quot;  之后的第二首单曲  &quot;Irish  Son&quot;  。   &amp;lt;br&amp;gt;&amp;lt;br&amp;gt; 个月宣布离婚的前Westlife成员Brian  Mcfadden,为了配合新歌《Irish  Son》的自传式歌词在家乡爱尔兰首都都柏林拍摄新歌MV，Brian的新歌讲述他对家乡之情,歌名更改名为《Irish  Son》(爱尔兰之子）。   &amp;lt;br&amp;gt;&amp;lt;br&amp;gt; 这张专辑里还将收录Demons,  Lose  Lose  Situation,  Hes  No  Hero,  Sorry  Love  Daddy,  Pull  Myself  Away,  Be  True  To  Your  Woman,  Walking  Distaster,  Walking  Into  Walls及和澳大利亚歌手  Delta  Goodrem  合唱的Almost  Here。   &amp;lt;br&amp;gt; 　　   &amp;lt;br&amp;gt; 这些歌曲都是Brian和  Paul  Barry  以及  以前和Robbie  Williams合作写歌的Guy  Chambers一起创作的，专辑由  Chambers  和  Mark  Taylor  制作。   &amp;lt;br&amp;gt;&amp;lt;br&amp;gt;&amp;lt;br&amp;gt;&amp;lt;br&amp;gt;Brian  McFadden  was  a  key  member  of  the  Irish  boyband  Westlife  and  in  his  songs  in  this,his  first  album  as  a  solo  artist,we  catch  glimpses  of  the  influence  and  style  of  the  hugely  sucessful  group.  Brian,as  you  may  recall,actually  broke  away  from  the  band  to  spend  more  time  with  his  wife  but  within  two  months  of  his  departure  from  Westlife,  Brian  McFadden  released  his  first  solo  single  &quot;Real  to  Me&quot;,  one  of  the  few  genuinely  great  songs  in  this  CD.  &amp;lt;/p&amp;gt;&amp;lt;p&amp;gt;&quot;Real  to  Me&quot;  is  a  fantastic  single  with  a  melodious  music  complementing  the  powerful  lyrics.  Another  track  that  exhibits  the  array  of  talent  of  this  Irishman  is  &quot;Irish  Son&quot;---composed  on  a  patriotic  theme  that  fires  up  the  sense  of  nationalism,  this  title-track  is  a  great  way  to  start  the  CD.  &quot;He&#39;s  No  Hero&quot;  and  &quot;  Sorry  Love  Daddy&quot;  invoke  a  softer  kind  of  music  with  an  air  of  melancholy  about  them.  Actually  I  feel  that  Brian  McFadden&#39;s  voice  is  suited  to  such  types  of  songs  and  not  to  fast  and  loud  music  as  in  &quot;  Lose  Lose  Situation&quot;  and  &quot;Pull  Myself  Away&quot;,  which  in  my  opinion,  sound  wan  and  emotionless.  &quot;Demons&quot;,  &quot;Be  True  To  Your  Woman&quot;,  &quot;Walking  Disaster&quot;  and  &quot;  Walking  Into  Walls&quot;  are  good  songs  but  somehow  fail  to  capture  our  heart  and  eventually  passed  by  leaving  an  expression  of  a  mere  shallow  depth  of  enjoyment.  The  best  song  in  &quot;Irish  Son&quot;  in  my  judgement  is  &quot;Almost  Here&quot;,  a  great  duet  by  two  amazing  vocalists.  Delta  Gudrem  and  Brian  McFadden  compilment  each  other  exquisitely  in  this  track  and  as  the  music  moves  from  a  soft  to  a  mid-tempo  rhythm  and  the  lyrics  become  more  and  more  touching,  you  are  invariably  led  to  accept  and  imbibe  the  profound  emotion  and  sentimentality  of  this  song.  &amp;lt;/p&amp;gt;&amp;lt;p&amp;gt;Robbie  Williams,  Ronan  Keating  and  Justin  Timberlake  all  broke  away  from  their  respective  groups  and  launched  massively  successful  solo  careers.  Brian  McFadden  too  has  endeavoured  to  acomplish  just  that  and  has  produced  a  mixed  bag  in  his  maiden  album  &quot;Irish  Son&quot;.  But  he  has  got  more  to  do  if  he  wants  to  be  a  real  heavyweight  in  the  arena  of  Pop  solo  artist  since  as  more  time  elapses,  people  will  tend  to  associate  him  less  and  less  with  Westlife  and  then  Brian  has  to  create  and  sustain  and  individual  identity  bereft  of  past  glories.  Brian  McFadden  has  the  talent,  the  voice  and  the  intensity  to  establish  himself  as  a  great  male  solo  vocalist  but  for  that  he  would&#39;ve  to  pay  attentiion  to  what  types  of  music  he  creates  and  the  sensibitity  of  his  songs.  I  feel  that  his  voice  doesn&#39;t  allow  him  to  make  all  and  any  kinda  of  music  and  the  Irishman  must  stick  to  this  limitation  and  not  try  something  that  goes  beyond,  not  atleast  in  the  next  two  CDs. &amp;lt;/p&amp;gt;&amp;lt;/span&amp;gt;&amp;lt;span&amp;gt;&amp;lt;/span&amp;gt; ',18,0,'2014-12-13 11:10:19','2014-11-15 11:49:48'),(20,'83f85410-ede3-4437-888c-0669068f6f95','The Best of Bob Dylan',13,1040002,1050001,1997,'真的很不错哦！',' 01 Blowin In the Wind.m4a\n 02 The Times They Are A-Changin.m4a\n 03 Mr. Tambourine Man.m4a\n 04 Like a Rolling Stone.m4a\n 05 Rainy Day Women #12 & 35.m4a\n 06 All Along the Watchtower.m4a\n 07 Lay, Lady, Lay.m4a\n 08 Knockin On Heavens Door.m4a\n 09 Tangled Up In Blue.m4a\n 10 Hurricane.m4a\n 11 Forever Young.m4a\n 12 Gotta Serve Somebody.m4a\n 13 Jokerman.m4a\n 14 Not Dark Yet.m4a\n 15 Things Have Changed.m4a\n 16 Summer Days.m4a','9DBA3B1E-54D4-4389-B6A9-0639BD54064D','专辑简介：&amp;lt;br&amp;gt;并不是每个人都知道这是 Bob Dylan一首歌的名字。 &amp;lt;br&amp;gt;　　 &amp;lt;br&amp;gt;　　很多年以前，我爱上一个男生，他离开这座城市的时候我去送他。我记得那时在北京站，我买了一包摩尔，站在站台上傻抽。那是一个夜晚，那列车次是T56。我看见他出现在灯光昏暗的车厢门口，他向我走来。那是一个冬天的夜晚。 &amp;lt;br&amp;gt;　　 &amp;lt;br&amp;gt;　　他从随身听里拿出这盘磁带，Bob Dylan的精选集。他说Dylan很多歌曲都有政治含义，但在我听来，很多歌曲都是纯粹诗歌。 &amp;lt;br&amp;gt;　　 &amp;lt;br&amp;gt;　　那天我没有灯火车开走，我就先离开了。我突然发现一个人站在站台上看着火车开走是一件让人毕生都无法忍耐的事情。我边走边抽烟，穿着一件破棉袄。 &amp;lt;br&amp;gt;　　 &amp;lt;br&amp;gt;　　那张专辑我到现在仍然保留着，我最喜欢Blowin&#39; in the wind，其次就是这首just like a woman。 &amp;lt;br&amp;gt;　　 &amp;lt;br&amp;gt;　　我一生中所有的悲剧开始和结束都在冬天的夜晚。现在是夏末，所以我不必担心。不必担心会有人从千里之外跑过来伤害我，其实，杳无音信就够了，我们一生中要经历无穷多的类似事件，我甚至可以习惯地想象事后我们是怎样若无其事地掸去伤感如同掸去风衣上的尘土。 &amp;lt;br&amp;gt;　　 &amp;lt;br&amp;gt;　　She takes just like a woman &amp;lt;br&amp;gt;　　She makes love just like a woman &amp;lt;br&amp;gt;　　She aches just like a woman &amp;lt;br&amp;gt;　　But she breaks just like a little girl &amp;lt;br&amp;gt;　　 &amp;lt;br&amp;gt;　　或许永远不会有伤害了，我总是从一个地方经过，然后离开。“必须离开”成为一种凄美结束。我必须离开那些让我留恋的城市，我穿过黑暗的村庄和广袤原野来到的城市，我离开的时候火车站里总是挤满了人，我们紧紧靠在一起，仿佛这样就永不会别离。还有无人的机场，我知道你不会来送我，你太柔弱，你的眼神如此空灵，你不曾凝视我，不曾凝视我凝视你的眼睛。 &amp;lt;br&amp;gt;　　 &amp;lt;br&amp;gt;　　这一切都是一个故事应有的结局？ &amp;lt;br&amp;gt;　　 &amp;lt;br&amp;gt;　　在此刻，我需要你在我的身边，我心爱的人。我们应该在火车站附近流浪，在老乡聚集的招待所，在一个地下室的房间。我心爱的人，你的头发长了，你的眼睛依然明亮，整个城市和海港的灯火都比不上你，你也有月光一样皎洁的笑容，你血管透明的脚踝，我不知道，你为什么要在这个夜晚离开。&amp;lt;br&amp;gt;&amp;lt;br&amp;gt;',18,0,'2014-12-14 22:31:28','2014-12-14 22:17:38');

/*Table structure for table `mordor_albumext` */

DROP TABLE IF EXISTS `mordor_albumext`;

CREATE TABLE `mordor_albumext` (
  `AlbumID` int(11) NOT NULL COMMENT 'ID',
  `StarCount` int(11) NOT NULL DEFAULT '0' COMMENT '评分值',
  `ViewCount` int(11) NOT NULL DEFAULT '0' COMMENT '浏览次数',
  `DownloadCount` int(11) NOT NULL DEFAULT '0' COMMENT '下载次数',
  `FavoriteCount` int(11) NOT NULL DEFAULT '0' COMMENT '收藏次数',
  `ShareCount` int(11) NOT NULL DEFAULT '0' COMMENT '分享次数',
  `CommentCount` int(11) NOT NULL DEFAULT '0' COMMENT '评论次数',
  `ModifyTime` datetime NOT NULL COMMENT '修改时间',
  `CreateTime` datetime NOT NULL COMMENT '创建时间',
  PRIMARY KEY (`AlbumID`)
) ENGINE=InnoDB DEFAULT CHARSET=utf8;

/*Data for the table `mordor_albumext` */

insert  into `mordor_albumext`(`AlbumID`,`StarCount`,`ViewCount`,`DownloadCount`,`FavoriteCount`,`ShareCount`,`CommentCount`,`ModifyTime`,`CreateTime`) values (1,0,0,0,0,0,0,'2014-11-11 21:32:21','2014-11-11 21:32:21'),(2,0,0,0,0,0,0,'2014-11-13 22:21:01','2014-11-13 22:21:01'),(3,0,0,0,0,0,0,'2014-11-15 10:30:42','2014-11-15 10:30:42'),(4,0,0,0,0,0,0,'2014-11-15 10:40:59','2014-11-15 10:40:59'),(5,0,0,0,0,0,0,'2014-08-17 19:06:47','2014-08-17 19:06:47'),(6,0,0,0,0,0,0,'2014-08-17 19:11:08','2014-08-17 19:11:08'),(7,0,0,0,0,0,0,'2014-08-17 19:17:45','2014-08-17 19:17:45'),(8,0,0,0,0,0,0,'2014-11-15 11:03:50','2014-11-15 11:03:51'),(9,0,0,0,0,0,0,'2014-11-15 11:10:45','2014-11-15 11:10:45'),(10,0,0,0,0,0,0,'2014-11-15 11:13:09','2014-11-15 11:13:09'),(11,0,0,0,0,0,0,'2014-11-15 11:16:12','2014-11-15 11:16:12'),(12,0,0,0,0,0,0,'2014-11-15 11:18:55','2014-11-15 11:18:55'),(13,0,0,0,0,0,0,'2014-11-15 11:21:43','2014-11-15 11:21:43'),(14,0,0,0,0,0,0,'2014-11-15 11:28:00','2014-11-15 11:28:00'),(15,0,0,0,0,0,0,'2014-11-15 11:31:20','2014-11-15 11:31:20'),(16,0,0,0,0,0,0,'2014-11-15 11:33:08','2014-11-15 11:33:08'),(17,0,0,0,0,0,0,'2014-11-15 11:37:26','2014-11-15 11:37:26'),(18,0,0,0,0,0,0,'2014-11-15 11:40:23','2014-11-15 11:40:23'),(19,0,0,0,0,0,0,'2014-11-15 11:49:48','2014-11-15 11:49:48'),(20,0,0,0,0,0,0,'2014-12-14 22:17:38','2014-12-14 22:17:38');

/*Table structure for table `mordor_albumtag` */

DROP TABLE IF EXISTS `mordor_albumtag`;

CREATE TABLE `mordor_albumtag` (
  `AlbumTagID` int(11) NOT NULL AUTO_INCREMENT,
  `AlbumID` int(11) NOT NULL,
  `TagID` int(11) NOT NULL,
  `CreateTime` datetime NOT NULL COMMENT '创建时间',
  PRIMARY KEY (`AlbumTagID`),
  KEY `AlbumID` (`AlbumID`),
  KEY `TagID` (`TagID`)
) ENGINE=InnoDB AUTO_INCREMENT=111 DEFAULT CHARSET=utf8 AVG_ROW_LENGTH=50;

/*Data for the table `mordor_albumtag` */

insert  into `mordor_albumtag`(`AlbumTagID`,`AlbumID`,`TagID`,`CreateTime`) values (81,1,5,'2014-12-10 00:08:19'),(82,2,1,'2014-12-10 00:08:35'),(83,3,5,'2014-12-10 00:09:13'),(84,4,1,'2014-12-10 00:09:25'),(85,5,5,'2014-12-10 00:09:35'),(86,6,1,'2014-12-10 00:09:46'),(87,6,5,'2014-12-10 00:09:46'),(88,7,1,'2014-12-10 00:10:01'),(89,7,5,'2014-12-10 00:10:01'),(90,8,5,'2014-12-10 00:10:15'),(91,9,1,'2014-12-10 00:10:28'),(92,9,5,'2014-12-10 00:10:28'),(93,11,1,'2014-12-10 00:11:01'),(94,12,1,'2014-12-10 00:11:13'),(95,13,1,'2014-12-10 00:11:23'),(96,14,1,'2014-12-10 00:11:33'),(101,16,1,'2014-12-10 08:17:14'),(102,17,1,'2014-12-10 08:17:26'),(104,18,1,'2014-12-13 11:09:44'),(105,19,1,'2014-12-13 11:10:14'),(106,15,5,'2014-12-13 11:10:45'),(110,20,5,'2014-12-14 22:31:26');

/*Table structure for table `mordor_artist` */

DROP TABLE IF EXISTS `mordor_artist`;

CREATE TABLE `mordor_artist` (
  `ArtistID` int(11) NOT NULL AUTO_INCREMENT COMMENT 'ID',
  `GUID` varchar(64) NOT NULL DEFAULT ' ',
  `Name` varchar(50) NOT NULL COMMENT '姓名',
  `Alias` varchar(50) NOT NULL COMMENT '别名',
  `Gender` tinyint(4) DEFAULT '0' COMMENT '性别',
  `Country` int(11) DEFAULT NULL COMMENT '国家 ',
  `Birthday` date DEFAULT NULL COMMENT '出生日期',
  `Description` longtext COMMENT '简介',
  `Avatar` varchar(200) DEFAULT NULL COMMENT '图片',
  `Creator` int(11) NOT NULL COMMENT '创建人',
  `Invalid` tinyint(4) NOT NULL DEFAULT '0' COMMENT '是否禁用',
  `ModifyTime` datetime NOT NULL COMMENT '修改时间',
  `CreateTime` datetime NOT NULL COMMENT '创建时间',
  PRIMARY KEY (`ArtistID`)
) ENGINE=InnoDB AUTO_INCREMENT=14 DEFAULT CHARSET=utf8;

/*Data for the table `mordor_artist` */

insert  into `mordor_artist`(`ArtistID`,`GUID`,`Name`,`Alias`,`Gender`,`Country`,`Birthday`,`Description`,`Avatar`,`Creator`,`Invalid`,`ModifyTime`,`CreateTime`) values (2,' ','Michael Jackson','迈克尔·杰克逊',1,1010004,'1958-08-29','&amp;lt;p&amp;gt;&amp;lt;div&amp;gt;迈克尔&#183;约瑟夫&#183;杰克逊（英语：Michael Joseph Jackson，1958年8月29日－2009年6月25日）是一名美国流行音乐工作者，身兼歌手、作曲家、填词人、唱片监制、唱片联合监制、唱片执行监制、舞蹈家、艺术家、舞蹈设计者、舞台设计师、演唱会概念设计师、演唱会艺术指导、MV 演员、MV 导演、MV 联合导演、MV 监制、MV 编剧电影演员、电影编剧、电影监制、电影执行监制、舞台音乐剧监制、配音演员、综艺节目主持、颁奖典礼司仪、时尚引领者、服装设计师、画家、自传作家、诗人、电子游戏音乐制作人、企业家、慈善家、慈善机构创办人、人道主义者等身份，被誉为“流行音乐之王”（King of Pop），亦是世上为人所公认地球上最受欢迎和最多支持者的艺人，与猫王、披头士被认为是流行乐史上并列的最伟大的三组歌手，也是吉尼斯世界纪录评鉴的“人类史上最成功艺人”。在他一生中亦创下很多的“第一”及音乐上的创举，但同时亦是世界上被误解得最严重的艺人。&amp;lt;/div&amp;gt;&amp;lt;div&amp;gt;&amp;amp;nbsp;&amp;lt;/div&amp;gt;&amp;lt;div&amp;gt;&amp;lt;span style=&quot;color: rgb(255, 0, 0);&quot;&amp;gt;&amp;lt;strong&amp;gt;经历&amp;lt;/strong&amp;gt;&amp;lt;/span&amp;gt;&amp;lt;/div&amp;gt;&amp;lt;div&amp;gt;&amp;amp;nbsp;&amp;lt;/div&amp;gt;&amp;lt;div&amp;gt;迈克尔&#183;杰克逊在1969年以杰克逊五人组乐队（初期称为Jackson 5）主唱身份出道，而于1971年开始了个人独唱生涯。截至2009年8月，他已在全世界销售了超过10亿张唱片，他的《颤栗》 (Thriller)专辑是人类音乐史上销量最高的唱片，全球销量超过1.04亿张 (2006年吉尼斯世界纪录)。&amp;lt;/div&amp;gt;&amp;lt;div&amp;gt;&amp;amp;nbsp;&amp;lt;/div&amp;gt;&amp;lt;div&amp;gt;迈克尔&#183;杰克逊获得15座格莱美奖，26座全美音乐奖，并在美国有17首冠军单曲 (包括Jackson 5时期)，曾两次得到诺贝尔和平奖提名，并是极少数被迎入摇滚名人堂三次的艺人之一。单曲《Thriller》的音乐录像带为全球第一支有故事内容的MV，被誉为全世界“最伟大的音乐录像带”，并在音乐录像带的艺术性上“前进了一大步”。&amp;lt;/div&amp;gt;&amp;lt;div&amp;gt;&amp;amp;nbsp;&amp;lt;/div&amp;gt;&amp;lt;div&amp;gt;&amp;lt;span style=&quot;color: rgb(51, 153, 102);&quot;&amp;gt;&amp;lt;strong&amp;gt;1958–60: 早期生活&amp;lt;/strong&amp;gt;&amp;lt;/span&amp;gt;&amp;lt;/div&amp;gt;&amp;lt;div&amp;gt;迈克尔&#183;杰克逊，1958年8月29日的深夜出生于美国中部印第安纳州的工业小城加里市的一个黑人家庭中，其父亲约瑟夫&#183;杰克森 (Joseph Jackson)和母亲凯萨琳&#183;杰克森 (Katherine Jackson)育有九个孩子，迈克尔排行第七。迈克尔的曾祖母是黑奴的后代，他的另一个远祖是印第安人。他的妹妹珍妮&#183;杰克逊也是美国知名度很高的女歌手。&amp;lt;/div&amp;gt;&amp;lt;div&amp;gt;&amp;amp;nbsp;&amp;lt;/div&amp;gt;&amp;lt;div&amp;gt;杰克森家族起初住在一间很简陋的两房屋里，迈克尔的父亲在铸造厂和钢铁工厂工作并住在工厂里，母亲凯萨琳则是担任收银员，家中经济非常拮据。加里市的治安非常混乱，为了避免孩子误入歧途，父亲的管教相当严厉。迈克尔和他的兄弟姐妹们都说他们的父亲对孩子非常严格，而且经常打骂他们，在家庭暴力的阴影中成长。在一次电视采访中被问到这个情况时，迈克尔竟情绪失控哭泣起来。&amp;lt;/div&amp;gt;&amp;lt;div&amp;gt;&amp;amp;nbsp;&amp;lt;/div&amp;gt;&amp;lt;div&amp;gt;迈克尔和他的兄弟姐妹某次因弄坏父亲吉他的弦，被要求演奏一段音乐，结果一鸣惊人，这使得他们父亲产生了“造星”的念头，希望他们能在音乐界有所造诣。&amp;lt;/div&amp;gt;&amp;lt;div&amp;gt;&amp;amp;nbsp;&amp;lt;/div&amp;gt;&amp;lt;div&amp;gt;&amp;lt;span style=&quot;color: rgb(51, 153, 102);&quot;&amp;gt;&amp;lt;strong&amp;gt;1960–75: 杰克逊五人组&amp;lt;/strong&amp;gt;&amp;lt;/span&amp;gt;&amp;lt;/div&amp;gt;&amp;lt;div&amp;gt;1960年代中期，迈克尔和四个哥哥在父亲的组织下成立了演唱蓝调音乐的《The Jackson 5》 (杰克森五人组)，这个组合以迈克尔为主唱。父亲乔杰克森每到周末就会开车送孩子们去参加俱乐部和酒吧的演唱，渐渐的在美国中西部地区迅速崛起，甚至在纽约哈莱姆的阿波罗剧院举行的业余歌唱比赛中也获得了成功。(据说如果他们演出失败就会遭到父亲的打骂。)&amp;lt;/div&amp;gt;&amp;lt;div&amp;gt;&amp;amp;nbsp;&amp;lt;/div&amp;gt;&amp;lt;div&amp;gt;1967年，杰克逊5人组与本地的钢城唱片公司 (Steeltown Records)签订了第一张唱片合约，并且有了一支地区上榜歌曲《Big Boy》。&amp;lt;/div&amp;gt;&amp;lt;div&amp;gt;&amp;amp;nbsp;&amp;lt;/div&amp;gt;&amp;lt;div&amp;gt;杰克逊5人组在1968年被Gladys Knight发掘，并把他们带进摩城唱片 (Motown Records)。1969年，唱片公司总裁：贝瑞&#183;高蒂 (Berry Gordy)将他们从摩城唱片公司买出，乐队正式签约摩城唱片公司。高蒂随即把杰克逊家庭迁到洛杉矶，并开始了他的造星计划。1969年秋，杰克逊5人组由戴安娜&#183;罗丝 (Diana Ross)引荐给大众，并在摩城的大型娱乐节目中首次表演。乐队的前4支单曲，先后成为冠军单曲，分别是《I want you back》、《The love you save》、《ABC》及《I&#39;ll be there》，全部发行于1972年。杰克逊5人组的歌曲动用了众多的歌曲作者和唱片制作人。&amp;lt;/div&amp;gt;&amp;lt;div&amp;gt;&amp;amp;nbsp;&amp;lt;/div&amp;gt;&amp;lt;div&amp;gt;在摩城唱片公司，杰克逊5人组发行了14张专辑。并且让迈克尔作为独唱歌手发行了4张个人专辑。与此同时，杰克森一家的经济状况已经大为改善，也搬进了高级住宅区中的双层别墅，父亲乔还盖了私家录音室给孩子们练唱使用。1972年11月，杰克逊5人组开始了国际性巡回演出，包括伦敦、西德、意大利、法国、印度、日本以及澳洲、非洲等地。&amp;lt;/div&amp;gt;&amp;lt;div&amp;gt;&amp;amp;nbsp;&amp;lt;/div&amp;gt;&amp;lt;div&amp;gt;&amp;lt;em&amp;gt;&amp;lt;strong&amp;gt;Jackson 5在摩城时期的专辑及销量&amp;lt;/strong&amp;gt;&amp;lt;/em&amp;gt;&amp;lt;/div&amp;gt;&amp;lt;div&amp;gt;■ 1972年1月24日：Got to Be There (9，600，000)&amp;lt;/div&amp;gt;&amp;lt;div&amp;gt;■ 1972年8月4日：Ben (7，500，000)&amp;lt;/div&amp;gt;&amp;lt;div&amp;gt;■ 1973年5月13日：Music &amp;amp;amp; Me (6，800，000)&amp;lt;/div&amp;gt;&amp;lt;div&amp;gt;■ 1975年1月16日：Forever， Michael (8，800，000)&amp;lt;/div&amp;gt;&amp;lt;div&amp;gt;&amp;amp;nbsp;&amp;lt;/div&amp;gt;&amp;lt;div&amp;gt;&amp;lt;span style=&quot;color: rgb(51, 153, 102);&quot;&amp;gt;&amp;lt;strong&amp;gt;1975–79: Epic 唱片公司&amp;lt;/strong&amp;gt;&amp;lt;/span&amp;gt;&amp;lt;/div&amp;gt;&amp;lt;div&amp;gt;1976年，杰克森五兄弟与哥伦比亚唱片公司签订了协议，先加入费城国际部，后来又转到该唱片公司旗下的Epic唱片公司 (Epic Records)。与哥伦比亚广播电台的所签的新协议，给他们提供了更具创造性的自由空间和更多的版税收入，这是摩城唱片公司所不能比拟的。&amp;lt;/div&amp;gt;&amp;lt;div&amp;gt;&amp;amp;nbsp;&amp;lt;/div&amp;gt;&amp;lt;div&amp;gt;然而离开摩城唱片公司，他们便失去了使用“杰克逊5人组”的名字以及标志的权利，再加上迈克尔的三哥杰曼&#183;杰克森娶了贝瑞&#183;高蒂的女儿黑兹尔&#183;高蒂后，他选择了留在摩城公司做独唱歌手。杰克逊五兄弟乐队被迫改名“杰克逊乐队” (The Jacksons)，并且让迈克尔的弟弟蓝迪&#183;杰克森顶替了杰曼在乐队中的位置。&amp;lt;/div&amp;gt;&amp;lt;div&amp;gt;&amp;amp;nbsp;&amp;lt;/div&amp;gt;&amp;lt;div&amp;gt;杰克逊兄弟继续了他们的辉煌，在1976年到1984年间，他们不断参加巡回演出并发行了7张专辑。这段时期的打榜歌曲包括《Enjoy Yourself》、《Show You The Way To Go》 (1976年)、《Find Me A Girl》 (1977年)、《Blame It On The Boogie》 (1978年)、《Shake Your Body (Down To The Ground)》 (1979年)、《Can You Feel It?》、《Heartbreak Hotel》 (1980年)、《Torture》和《State of Shock》 (1984年)。自此，迈克尔&#183;杰克逊开始了他传奇的音乐之旅 ── 前所未有、难得一见的“流行音乐之王” (King Of Pop)。&amp;lt;/div&amp;gt;&amp;lt;div&amp;gt;&amp;amp;nbsp;&amp;lt;/div&amp;gt;&amp;lt;div&amp;gt;&amp;lt;span style=&quot;color: rgb(51, 153, 102);&quot;&amp;gt;&amp;lt;strong&amp;gt;1979–81 专辑 Off The Wall 《墙外》&amp;lt;/strong&amp;gt;&amp;lt;/span&amp;gt;&amp;lt;/div&amp;gt;&amp;lt;div&amp;gt;1979年8月10日，迈克尔发行专辑《墙外》 (Off The Wall，或译：疯狂)。此为迈克尔加盟索尼唱片后的首张个人专辑； 《墙外》一发行即大受欢迎。单曲《Rock With You》和《Don&#39;t Stop &#39;Til You Get Enough》及其录像带更是屡登冠军单曲宝座。另一首抒情歌曲《She&#39;s Out Of My Life》在1980年也杀进排行榜前十名。该专辑发行一年内全球销量超过1000万张 (累积销量超过2300万张)，在美国专辑榜中停留了84周之久，成为迈克尔音乐生涯中的重要转折。&amp;lt;/div&amp;gt;&amp;lt;div&amp;gt;&amp;amp;nbsp;&amp;lt;/div&amp;gt;&amp;lt;div&amp;gt;&amp;lt;span style=&quot;color: rgb(51, 153, 102);&quot;&amp;gt;&amp;lt;strong&amp;gt;1982–83: 专辑 Thriller 《颤栗》&amp;lt;/strong&amp;gt;&amp;lt;/span&amp;gt;&amp;lt;/div&amp;gt;&amp;lt;div&amp;gt;1983年3月25日，当在参加“摩城唱片25周年：昨天，今天，永远”的电视特别节目演出时，迈克尔第一次在公众面前表演了“月球漫步 (moonwalk)”舞步 (后来成为他的标志性的舞步动作)，震惊全场。这也使得迈克尔&#183;杰克逊的专辑疯狂大卖。&amp;lt;/div&amp;gt;&amp;lt;div&amp;gt;&amp;amp;nbsp;&amp;lt;/div&amp;gt;&amp;lt;div&amp;gt;1984年1月，迈克尔获得全美音乐奖的9项提名并创记录性的赢得8项奖项 (这个记录一直到1994年才被惠特尼&#183;休斯敦《保镖》原声带专辑打破)。在2月举行的葛莱美奖中，迈克尔获得12项提名并创造了8个奖项的纪录 (1999年被卡洛斯&#183;桑塔纳的专辑《超自然》追平)，其中7项授予《颤栗》专辑，一项授予他的自述《ET外星人故事书》。5月，《颤栗》专辑被《金氏世界纪录大全》认定为空前的最佳销量流行音乐唱片。&amp;lt;/div&amp;gt;&amp;lt;div&amp;gt;&amp;amp;nbsp;&amp;lt;/div&amp;gt;&amp;lt;div&amp;gt;&amp;lt;span style=&quot;color: rgb(51, 153, 102);&quot;&amp;gt;&amp;lt;strong&amp;gt;1984–85: 单曲 We Are The World 《四海一家》&amp;lt;/strong&amp;gt;&amp;lt;/span&amp;gt;&amp;lt;/div&amp;gt;&amp;lt;div&amp;gt;1985年，Michael参与组织并与莱昂纳尔&#183;里奇共同创作了单曲《We Are The World》 (四海一家)。《We Are The World》旨在声援向非洲饥民捐款的大型慈善活动“美国援非”，由45位歌手所共同演唱。这张单曲在美国狂销800万张，成为空前最佳销量单曲 (直到1997年才被艾尔顿&#183;约翰的《风中之烛》所超过)。&amp;lt;/div&amp;gt;&amp;lt;div&amp;gt;&amp;amp;nbsp;&amp;lt;/div&amp;gt;&amp;lt;div&amp;gt;&amp;lt;span style=&quot;color: rgb(51, 153, 102);&quot;&amp;gt;&amp;lt;strong&amp;gt;1986–90: 专辑 Bad 《飙》&amp;lt;/strong&amp;gt;&amp;lt;/span&amp;gt;&amp;lt;/div&amp;gt;&amp;lt;div&amp;gt;1987年8月31日，迈克尔发行了唱片《飙》 (Bad，又译：真棒)。同时开始了第一次全球巡演。次年，迈克尔发行影片Moonwalker (月球漫步)以及一系列的同名自传。《飙》专辑是迈克尔的又一次巨大成功。它的歌曲和音乐电视《I Just Can&#39;t Stop Loving You》、《Bad》、《The Way You Make Me Feel》、《Man In The Mirror》、《Dirty Diana》、《Another Part Of Me》、《Smooth Criminal》和《Leave Me Alone》再一次全面流行。&amp;lt;/div&amp;gt;&amp;lt;div&amp;gt;&amp;amp;nbsp;&amp;lt;/div&amp;gt;&amp;lt;div&amp;gt;迈克尔创造了一张专辑产生5首冠军单曲的历史奇迹。在美国发行的7首单曲中，前5首均荣登“Billboard TOP 100”榜的冠军宝座，《Another Part Of Me》曾排名第11位 (Billboard 蓝调歌曲榜冠军)，《Smooth Criminal》获得第7名。这张专辑在美国共售出1250万张，全球销量达4500万张。&amp;lt;/div&amp;gt;&amp;lt;div&amp;gt;&amp;amp;nbsp;&amp;lt;/div&amp;gt;&amp;lt;div&amp;gt;1989年，MTV频道授予迈克尔“十年先锋音乐录像带艺人奖”。1990年，迈克尔被哥伦比亚唱片公司评为“当代最伟大的艺人”。同年4月，布什总统在白宫为迈克尔颁发“十年最佳艺人奖”。&amp;lt;/div&amp;gt;&amp;lt;div&amp;gt;&amp;amp;nbsp;&amp;lt;/div&amp;gt;&amp;lt;div&amp;gt;&amp;lt;span style=&quot;color: rgb(51, 153, 102);&quot;&amp;gt;&amp;lt;strong&amp;gt;1991–93: 专辑 Dangerous 《危险之旅》&amp;lt;/strong&amp;gt;&amp;lt;/span&amp;gt;&amp;lt;/div&amp;gt;&amp;lt;div&amp;gt;由于已经成为迈克尔的一种标准，专辑中歌曲的录像带在当时是最富有创意和制作最为昂贵的音乐电视作品。《Give In To Me》中邀请枪与玫瑰乐队的 Slash 参加演出；《Heal The World》则是为了配合迈克尔自己的同名慈善组织所作；&quot;Will You Be There&quot; 中迈克尔以电影《威鲸闯天关》为背景演唱。&amp;lt;/div&amp;gt;&amp;lt;div&amp;gt;&amp;amp;nbsp;&amp;lt;/div&amp;gt;&amp;lt;div&amp;gt;其它的许多音乐电视作品有很强的故事性和令人眼花缭乱的舞步，以及明星的参与。在 &quot;Jam&quot; 的音乐电视中，迈克尔和篮球巨星迈克尔&#183;乔丹一起打篮球和跳舞；在 &quot;Remember The Time&quot; 中喜剧明星艾迪&#183;墨菲则饰演一位埃及国王，名模伊曼扮演王后，篮球明星“魔术师”约翰逊扮演国王的侍卫；迈克尔与纳奥米&#183;坎贝尔则在《In The Closet》中排演一对情侣。&amp;lt;/div&amp;gt;&amp;lt;div&amp;gt;&amp;amp;nbsp;&amp;lt;/div&amp;gt;&amp;lt;div&amp;gt;迈克尔对这张专辑抱有很大的期望，希望能在全球售出1亿张。但是在金曲榜中出现过一段时间后，专辑便跌出前十名，在美国只售出900万张，全球售出超过3600万张。虽然这使得《危险之旅》专辑仅超过上一张专辑《Bad》的成绩成为他的销量第二佳的唱片，但是距离售出1亿张唱片的目标却很遥远。1993年，迈克尔先后获美国音乐奖“国际艺人大奖”、“葛莱美传奇奖”、“年度人道主义奖”及世界音乐大奖颁发的3项大奖。&amp;lt;/div&amp;gt;&amp;lt;div&amp;gt;&amp;amp;nbsp;&amp;lt;/div&amp;gt;&amp;lt;div&amp;gt;&amp;lt;span style=&quot;color: rgb(51, 153, 102);&quot;&amp;gt;&amp;lt;strong&amp;gt;1995–97: 专辑 HIStory 《历史之旅》&amp;lt;/strong&amp;gt;&amp;lt;/span&amp;gt;&amp;lt;/div&amp;gt;&amp;lt;div&amp;gt;《Earth Song》是关于保护环境的，《Childhood》 则是电影《威鲸闯天关2》的主题曲，《They Don&#39;t Care About Us》的监狱版MV发行的时候曾被禁播，因为画面有敏感的政治镜头，黑人被虐待的镜头和警察打人的镜头，还有战争的画面。而且歌词有明显的关于民族和宗教的内容 (敏感的犹太的话题)。还有反对暴力，牵涉了太多的政治因素，所以被禁播，流传的主要是麦克在巴西拍的版本。当时不仅MV禁播，单曲也差点被封掉。由于在歌词中有《Jew me》 (像对待犹太人那样 (恶毒地)对待我)、《Kike me》 (像侮辱犹太人那样侮辱我)，而被误解为歧视犹太人，因此该曲在美国所有电台遭到禁播。《They Don&#39;t Care About Us》本身则比它在排行榜上的表现要优秀得多，短促紧凑的歌词演唱，使听众过耳难忘。这首歌曲与《Black Or White》不同，麦克在歌中毫无掩饰地宣泄着自己的愤怒、控诉着社会的黑暗。由于麦克自己是这场不平等社会的受害者，所以使此曲尤为真切。在歌词当中，他甚至对于美国政府、警察暴力、种族隔离等等都直言不讳，他对现实深深不解，对未来希望渺茫，期望罗斯福和马丁&#183;路德&#183;金这样的人物再次出现。不断地重复着“All I wanna say is that / They don&#39;t really care about us” (我只是想说／他们从来不在乎我们)，这首最大胆的作品，显然得不到吹捧，但麦克还是用他无与伦比的创作才华将此曲的节奏发挥得淋漓尽致，在事实上成为了他的又一首经典之作。这首遭遇到极大争议的歌曲，在美国榜上仅仅落到第30位，而在英国它还算是打进了前5。&amp;lt;/div&amp;gt;&amp;lt;div&amp;gt;&amp;amp;nbsp;&amp;lt;/div&amp;gt;&amp;lt;div&amp;gt;专辑中除《Scream》及《You Are Not Alone》单曲外，其它的歌曲似乎在美国不是很流行。看来在美国方面来看整张专辑是失败的，尽管在2012年这张专辑卖了2380万张。本来迈克尔希望它能整个夏天都停留在榜首位置的，但它仅打榜2周就悄然无声了。不过，这张专辑在英国却大受欢迎，《Earth Song》夺冠军宝座6周并卖出超过100万张。&amp;lt;/div&amp;gt;&amp;lt;div&amp;gt;&amp;amp;nbsp;&amp;lt;/div&amp;gt;&amp;lt;div&amp;gt;&amp;lt;span style=&quot;color: rgb(51, 153, 102);&quot;&amp;gt;&amp;lt;strong&amp;gt;1997–01: 专辑 Blood On The Dance Floor 《赤色风暴》&amp;lt;/strong&amp;gt;&amp;lt;/span&amp;gt;&amp;lt;/div&amp;gt;&amp;lt;div&amp;gt;&amp;amp;nbsp;&amp;lt;/div&amp;gt;&amp;lt;div&amp;gt;&amp;lt;span style=&quot;color: rgb(51, 153, 102);&quot;&amp;gt;&amp;lt;strong&amp;gt;2001–08: 专辑 Invincible 《万夫莫敌》&amp;lt;/strong&amp;gt;&amp;lt;/span&amp;gt;&amp;lt;/div&amp;gt;&amp;lt;div&amp;gt;专辑刚发行便荣登Billboard TOP200 榜榜首，在美国卖出了300万张，全球1500万张。虽然数字很惊人，但与迈克尔以前的专辑相比，似乎不尽人意。《万夫莫敌》专辑在美国推出《You Rock My World》和《Butterflies》单曲，第三支单曲《Cry》在欧洲发行，在欧洲排行榜最高为第7位。《You Rock My World》进入美国流行音乐榜前十名，仅停留了一周的时间，但在整体排行当中，停留了近20周的时间。全长12分26秒的音乐影片仅在 MTV， VH1， MTV2， 和 BET 几个电视台播出，并且通常只播出5分钟长度的版本。《Butterflies》在美国打榜前20名，在 R&amp;amp;amp;B 榜上排名第二，占据亚军宝座一个月，但并没有进入流行音乐榜前十名 (但在流行音乐榜前60名停留了难以置信的20周，考虑到该曲既无相应的MV配合，也没有做商业发行，该曲仍然取得如此大的成功实在令人难以置信，尤其是在R&amp;amp;amp;B领域。单曲的在榜上的持久生命力自然也推进了专辑的销量，使《Invincible》从2001年12月1日到2002年2月2日的时间内都停留在美国榜的前40名。索尼音乐再一次推迟《Butterflies》单曲的商业发行，以至最后索性取消商业发行的行为对该曲来说简直就是一场灾难。如果索尼音乐按原计划对《Butterflies》做商业发行 (仍然没有MV)，该曲将轻而易举拿下R&amp;amp;amp;B单曲榜的冠军宝座并至少在冠军位置上停留1个月。而一支R&amp;amp;amp;B冠军单曲将不可避免引起一起R&amp;amp;amp;B和Pop两类电台的交流，一向拒抗米高歌曲的大型流行电台为大势所驱将不得不将这支R&amp;amp;amp;B冠军单曲列入播放表单。&amp;lt;/div&amp;gt;&amp;lt;div&amp;gt;&amp;amp;nbsp;&amp;lt;/div&amp;gt;&amp;lt;div&amp;gt;由于当时杰克逊与索尼音乐发生某些纠纷，因此并未积极宣传此专辑。但当中歌曲《Whatever Happens》在专辑发行后，有不少音乐评论家大赞此曲。此曲亦在坊间极受好评，以强烈旋律加上充满热情的间奏与和声，深深吸引著听众，背景适时穿插拉丁韵味的吉他独奏声，和谐的节奏，与倾诉情衷的曲调，令人仿佛处于牛仔酒吧里。(歌曲当中吉他声是由Calos Santana弹奏。)&amp;lt;/div&amp;gt;&amp;lt;div&amp;gt;&amp;amp;nbsp;&amp;lt;/div&amp;gt;&amp;lt;div&amp;gt;2002年末，《万夫莫敌》专辑的销量不尽人意，据悉唱片公司的总裁Tommy Mottola，因为知道迈克尔不会与公司续约，故意不拨资金宣传这张专辑，迈克尔曾说他是“种族主义者”，形容他为“魔鬼”。&amp;lt;/div&amp;gt;&amp;lt;div&amp;gt;&amp;amp;nbsp;&amp;lt;/div&amp;gt;&amp;lt;div&amp;gt;2002年6月，迈克尔入主创作名人堂。2002年11月，迈克尔在德国柏林获得“2002年德国千年Bambi奖”，以承认他世界“最伟大的流行歌手”的地位。这个奖项是德国最具权威的奖项之一，表彰包括从经济到影视，从政治到体育等不同领域的杰出人物。&amp;lt;/div&amp;gt;&amp;lt;div&amp;gt;&amp;amp;nbsp;&amp;lt;/div&amp;gt;&amp;lt;div&amp;gt;2003年11月21日，迈克尔发行了一首新歌《One More Chance》，这是他的精选集《独一无二》 (Number Ones)中的唯一的一首新歌。这首歌曾登上Billboard榜的蓝调单曲销售榜冠军宝座3周。这首歌的录像带也是使用了电影蒙太奇拍摄手法，并准备在CBS电视台的特别节目“独一无二的迈克尔&#183;杰克逊”中播出，但因为案件而取消。米高逝世一年后，《One More Chance》的MV终于收录了于2010年11月发行的《视觉艺术 (飙视界)》 (Vision)当中，成为了《视觉艺术 (飙视界)》当中唯一一部以往从未向外流出过的音乐录像带。同年11月19日，迈克尔&#183;杰克逊的官方网站亦公开播放了《One More Chance》的MV。&amp;lt;/div&amp;gt;&amp;lt;div&amp;gt;&amp;amp;nbsp;&amp;lt;/div&amp;gt;&amp;lt;div&amp;gt;&amp;lt;span style=&quot;color: rgb(51, 153, 102);&quot;&amp;gt;&amp;lt;strong&amp;gt;2008-09 纪念辑 Thriller 25《颤栗 25周年》&amp;lt;/strong&amp;gt;&amp;lt;/span&amp;gt;&amp;lt;/div&amp;gt;&amp;lt;div&amp;gt;2008年2月15日，发行了《战栗25周年纪念专辑》，除收录原始曲目外，并增加了数首原曲目的混音版本与两首新曲，以及当年未释出的一段口白。本辑为庆祝专辑全球发行25周年CD+DVD珍藏版，CD收录5首2008年最新录音，由米高与当前最受喜爱的音乐人共同制作专辑中经典单曲；包括阿肯全新混音《Wanna Be Startin’ Somethin》、菲姬重新诠释《Beat It》、“黑眼豆豆”团长will.i.am最新版《The Girl Is Mine 2008》与《P.Y.T (Pretty Young Thing) 2008》、肯伊&#183;威斯特全新混音的《Billie Jean 2008》，以及米高&#183;积逊亲自操刀混音制作全新单曲《For All Time》。DVD部分则是重新以数位技术后制的3支经典MV，以及迈克尔惊艳全球乐迷的经典舞步“Moonwalk”现场演出纪录。由于此纪念辑收录全新单曲，因此不少人视此辑为全新大碟。此纪念辑发行后大获成功，三个月内全球销量已达三百万张。&amp;lt;/div&amp;gt;&amp;lt;div&amp;gt;&amp;amp;nbsp;&amp;lt;/div&amp;gt;&amp;lt;div&amp;gt;&amp;lt;strong&amp;gt;&amp;lt;span style=&quot;color: rgb(51, 153, 102);&quot;&amp;gt;2009年 未来的未来《This Is It》&amp;lt;/span&amp;gt;&amp;lt;/strong&amp;gt;&amp;lt;/div&amp;gt;&amp;lt;div&amp;gt;2009年3月6日，迈克尔&#183;杰克逊宣布将于7月在伦敦举行一系列复出演唱会，这将是他超过10年来首次举行大型演出。他证实，将自7月8日起在伦敦宏伟的O2体育场 (O2 Arena)公演50场。据报道，这次演唱会100万张门票在开售后4个半小时内给抢购一空，再次缔造了流行音乐史上最高的纪录。也证明他的人气丝毫未减。&amp;lt;/div&amp;gt;&amp;lt;div&amp;gt;&amp;amp;nbsp;&amp;lt;/div&amp;gt;&amp;lt;div&amp;gt;据报道，迈克尔&#183;杰克逊再决定复出时接受的非常详细妥善的全身健康检查，最后是以极高分过关的。显示迈克尔的身体依旧硬朗。对于复出开唱的目的众说纷纭，媒体曾大肆报道杰克森因为破产、欠债被迫开唱。但据资深歌迷透露，杰克森私下向他们表示开唱的目的：“趁这个世界还没被摧毁之前，我们现在还来的及 (借由演唱会)拯救她。”除此之外，亦有其他资料透露，迈克尔&#183;杰克逊曾向肯尼‧欧塔葛表示：“在以前，我的孩子还不会欣赏我的事业。但他们成长了，是时候让他们知道他们的父亲究竟是什么人。”&amp;lt;/div&amp;gt;&amp;lt;div&amp;gt;&amp;amp;nbsp;&amp;lt;/div&amp;gt;&amp;lt;div&amp;gt;但随着演唱会主角于2009年6月25日去世，原定于2009年7月13日的演唱会宣告取消。目前由之前彩排画面剪辑而成的同名电影《This Is It》已于2009年10月28日全球上映 (古巴、朝鲜除外)。&amp;lt;/div&amp;gt;&amp;lt;div&amp;gt;&amp;amp;nbsp;&amp;lt;/div&amp;gt;&amp;lt;div&amp;gt;&amp;lt;span style=&quot;color: rgb(51, 153, 102);&quot;&amp;gt;&amp;lt;strong&amp;gt;去世&amp;lt;br&amp;gt;&amp;lt;/strong&amp;gt;&amp;lt;/span&amp;gt;迈克尔&#183;杰克逊的去世引发全球性的伤痛，2009年6月25日下午12时22分 (美国太平洋时间)美国洛杉矶消防队911接获通报，迈克尔&#183;杰克逊在加州洛杉矶荷尔贝山租赁的住处陷入昏迷没有呼吸。在通报消防队前，杰克逊的私人医生康拉德&#183;墨瑞 (Conrad Murray)于杰克逊家中，曾试图急救但没有成功。消防队急救人员于三分钟后抵达，随后给予心肺复苏术，并紧急送往加州大学洛杉矶分校附属医疗中心急救，于下午1时14分送抵医院。院方在下午2时26分宣告迈克尔&#183;杰克逊死亡，终年50岁。洛杉矶警方对此事件高度重视，此案移交给洛杉矶的法医单位，杰克逊的尸体由直升机运送到洛杉矶博伊尔高地的验尸官检查所。&amp;lt;/div&amp;gt;&amp;lt;div&amp;gt;&amp;amp;nbsp;&amp;lt;/div&amp;gt;&amp;lt;div&amp;gt;&amp;lt;span style=&quot;color: rgb(51, 153, 102);&quot;&amp;gt;&amp;lt;strong&amp;gt;悼念&amp;lt;/strong&amp;gt;&amp;lt;/span&amp;gt;&amp;lt;/div&amp;gt;&amp;lt;div&amp;gt;美国时间7月7日上午10时，杰克逊的悼念仪式：“In Loving Memory of Michael Jackson King of Pop 1958-2009”追思会在洛杉矶斯台普斯中心举行，当天有大量演艺明星及超过2万名观众参加，全球观赏人数共超过31亿，堪称本世纪最盛大的告别式。。这场告别式号称是暨洛杉矶奥运会后洛杉矶市举办最大的公众活动。当代艺术大师大卫&#183;拉切贝尔：“迈克尔是饱受磨难的殉难者。我们如果回顾迈克尔说的话会发现，他一直提到爱、提到上帝与纯真，但人们和媒体以践踏名人为乐……”。迈克尔&#183;杰克逊葬礼本于2009年8月29日其五十一岁冥寿举行，不过该丧礼日期后来改为9月3日。&amp;lt;/div&amp;gt;&amp;lt;div&amp;gt;&amp;amp;nbsp;&amp;lt;/div&amp;gt;&amp;lt;div&amp;gt;&amp;lt;span style=&quot;color: rgb(51, 153, 102);&quot;&amp;gt;&amp;lt;strong&amp;gt;他杀&amp;lt;/strong&amp;gt;&amp;lt;/span&amp;gt;&amp;lt;/div&amp;gt;&amp;lt;div&amp;gt;2009年8月25日，法医判定迈克尔之死为他杀。迈克尔的私人医生莫里（Conrad Murray），很有遭到美国当地警方以“过失杀人罪”起诉，据英国太阳报的消息迈克尔至少吞9种危险性药物导致意外，其中还包括丙泊酚、劳拉西泮、咪达唑仑。警方取得莫里的手机通话纪录，发现他从11时18分左右开始讲电话，3通电话共花了47分钟，而迈克尔的保镳足足等到82分钟后，才打电话向911求救，这关键的1个多小时，正是迈克尔急救的黄金时刻。而法医根据资料，判定迈克尔死于他杀，莫里恐怕难逃过失致死的罪嫌。&amp;lt;/div&amp;gt;&amp;lt;div&amp;gt;&amp;amp;nbsp;&amp;lt;/div&amp;gt;&amp;lt;div&amp;gt;&amp;lt;span style=&quot;color: rgb(51, 153, 102);&quot;&amp;gt;&amp;lt;strong&amp;gt;后续&amp;lt;/strong&amp;gt;&amp;lt;/span&amp;gt;&amp;lt;/div&amp;gt;&amp;lt;div&amp;gt;杰克逊的死引发了全球性流露的悲痛，以及超过10亿人观看他的公众悼念仪式的电视直播。生前原定于同年7月13日开始的人生最后一场演唱会，50场演唱会门票总数约100万张门票在4.5小时内被销售一空，但演唱会随麦克杰逊的逝去未能如期开唱。&amp;lt;/div&amp;gt;&amp;lt;div&amp;gt;&amp;amp;nbsp;&amp;lt;/div&amp;gt;&amp;lt;div&amp;gt;在杰克逊去世后，杰克逊随即再次成为当年全球最畅销的歌手，2009年在美国销售超过850万张专辑，在09到10年一年间，全球销售约4000万张专辑。索尼公司宣布，他们已与遗产公司延长持有的发行权。2010年3月16日，索尼音乐娱乐公司，率先在其哥伦比亚／史诗唱片公司集团旗下，签订了新的杰克逊歌曲发行权，并扩展他们的分销权，且至少到2017年，并获准发行10张新专辑与以前未发行歌曲材料或有关杰克逊的东西。第一张专辑据说在2010年11月发行。该协议是前所未有的音乐产业，因为它是最昂贵的音乐合同，并涉及到一个艺术家的历史，据报涉及的索尼音乐公司支付2.5亿美元的协议。视频游戏开发商育碧宣布在2010年假日季节将推出一个新的舞蹈和歌唱比赛迈克尔&#183;杰克逊游戏。游戏名为迈克尔&#183;杰克逊。这些游戏将成为首批使用Kinect和PlayStation Move，系统为微软的Xbox 360和索尼的PlayStation 3。&amp;lt;/div&amp;gt;&amp;lt;div&amp;gt;&amp;amp;nbsp;&amp;lt;/div&amp;gt;&amp;lt;div&amp;gt;据索尼消息称，迈克尔&#183;杰克逊生前已完成但没发行的歌曲，将会收录部分于此全新专辑。新专辑于2010年12月14日发行，目前。索尼将会大规模宣传专辑，会有一些迈克尔&#183;杰克逊合作者上电视露面谈论专辑，比如另一天 (Another Day)的原作者Lenny Kravtiz就会接受采访。还会有电视、杂志和网络广告。专辑大部分歌曲是1998－2009年期间所录制的全新未发行歌曲。2010年11月8日，索尼在迈克尔&#183;杰克逊的官方网站公开限期试听最新单曲《突发新闻》 (Breaking News)。同年的11月15日，索尼在迈克尔&#183;杰克逊的官方网站公开播放与Akon合唱的全新单曲《握紧我的手》 (Hold My Hand)。&amp;lt;br&amp;gt;&amp;lt;br&amp;gt; 据索尼消息称，2012年，即Bad25周年发行纪念辑，当中会收录一至三首新歌以及混音及内页全新册子。2012年5月21日，索尼宣布将在9月中推出Bad25周年纪念辑，内容包括:原始Bad专辑、Bad专辑内歌曲的早期样带和落选歌曲的样带、以及温布利演唱会现场录音专辑等。百事可乐公司亦宣布将与迈克尔&#183;杰克逊遗产管理委员会的合作推出全球独家的宣传活动，作为其新的“渴望无限”宣传行动的一部分。从这个月开始，迈克尔&#183;杰克逊和全世界超过20个国家的百事歌迷将以多种方式共同体验到这个合作计划，包括10亿罐迈克尔&#183;杰克逊《飙》25周年纪念百事罐的发售、现场宣传活动、以及歌迷赢取特别版周边产品和《飙25周年纪念版》中新歌的机会。&amp;lt;/div&amp;gt;&amp;lt;div&amp;gt;&amp;amp;nbsp;&amp;lt;/div&amp;gt;&amp;lt;div&amp;gt;&amp;lt;span style=&quot;color: rgb(51, 153, 102);&quot;&amp;gt;&amp;lt;strong&amp;gt;影响&amp;lt;/strong&amp;gt;&amp;lt;/span&amp;gt;&amp;lt;/div&amp;gt;&amp;lt;div&amp;gt;迈克尔&#183;杰克逊被广泛认为是1970年代以来对西方流行文化影响最巨大的歌手，并长期保持多个国家的唱片销量记录，并发起多个慈善活动和基金会，曾多次受到西方大国政府首领的召见，亦被认为是美国乃至西方国家1980年代至1990年代流行文化的象征人物。杰克逊长年投入慈善事业，固定资助39个慈善机构，已知之捐款额已超过三亿美元，是吉尼斯世界纪录的“全球捐助慈善事业金额最高艺人”。然而这些正面事迹并未受到传媒重视，反被忽略。传媒着重于报道其他方面，包括他的外貌、行为等负面新闻，引起许多争议。之后他更受到两次猥亵男童的指控，虽然在经过调查后，两案因毫无第三方公正的证据皆被法院正式裁定无罪，但此事在一定程度上造成迈克尔之后的事业日益黯淡，并对其形象造成永久而巨大的误解与伤害。&amp;lt;/div&amp;gt;&amp;lt;div&amp;gt;&amp;amp;nbsp;&amp;lt;/div&amp;gt;&amp;lt;div&amp;gt;&amp;lt;span style=&quot;color: rgb(255, 0, 0);&quot;&amp;gt;&amp;lt;strong&amp;gt;作品&amp;lt;/strong&amp;gt;&amp;lt;/span&amp;gt;&amp;lt;/div&amp;gt;&amp;lt;div&amp;gt;&amp;amp;nbsp;&amp;lt;/div&amp;gt;&amp;lt;div&amp;gt;&amp;lt;span style=&quot;color: rgb(51, 153, 102);&quot;&amp;gt;&amp;lt;strong&amp;gt;录音室专辑&amp;lt;/strong&amp;gt;&amp;lt;/span&amp;gt;&amp;lt;/div&amp;gt;&amp;lt;div&amp;gt;■ Got to Be There (1972)&amp;lt;/div&amp;gt;&amp;lt;div&amp;gt;■ Ben (1972)&amp;lt;/div&amp;gt;&amp;lt;div&amp;gt;■ Music &amp;amp;amp; Me (1973)&amp;lt;/div&amp;gt;&amp;lt;div&amp;gt;■ Forever， Michael (1975)&amp;lt;/div&amp;gt;&amp;lt;div&amp;gt;■ Off the Wall《墙外》 (1979)&amp;lt;/div&amp;gt;&amp;lt;div&amp;gt;■ Thriller《颤栗》 (1982)&amp;lt;/div&amp;gt;&amp;lt;div&amp;gt;■ Bad《飙》 (1987)&amp;lt;/div&amp;gt;&amp;lt;div&amp;gt;■ Dangerous《危险之旅》 (1991)&amp;lt;/div&amp;gt;&amp;lt;div&amp;gt;■ HIStory: Past， Present and Future， Book I《历史之旅》 (1995)&amp;lt;/div&amp;gt;&amp;lt;div&amp;gt;■ Invincible《万夫莫敌》 (2001)&amp;lt;/div&amp;gt;&amp;lt;div&amp;gt;&amp;amp;nbsp;&amp;lt;/div&amp;gt;&amp;lt;div&amp;gt;&amp;lt;span style=&quot;color: rgb(51, 153, 102);&quot;&amp;gt;&amp;lt;strong&amp;gt;巡回演唱会&amp;lt;/strong&amp;gt;&amp;lt;/span&amp;gt;&amp;lt;/div&amp;gt;&amp;lt;div&amp;gt;■ J5及THE JACKSONS早期演唱会 (1977-78年)&amp;lt;/div&amp;gt;&amp;lt;div&amp;gt;■ Destiny巡回演唱会（1979年）&amp;lt;/div&amp;gt;&amp;lt;div&amp;gt;■ Triumph巡回演唱会（1981年）&amp;lt;/div&amp;gt;&amp;lt;div&amp;gt;■ Victory巡回演唱会（1984年）&amp;lt;/div&amp;gt;&amp;lt;div&amp;gt;■ Bad世界巡回演唱会（1987–89年）&amp;lt;/div&amp;gt;&amp;lt;div&amp;gt;■ Dangerous世界巡回演唱会（1992–93年）&amp;lt;/div&amp;gt;&amp;lt;div&amp;gt;■ HIStory世界巡回演唱会（1996–97年）&amp;lt;/div&amp;gt;&amp;lt;div&amp;gt;■ This Is It (2009–10)（取消）&amp;lt;/div&amp;gt;&amp;lt;div&amp;gt;&amp;amp;nbsp;&amp;lt;/div&amp;gt;&amp;lt;div&amp;gt;&amp;lt;span style=&quot;color: rgb(255, 0, 0);&quot;&amp;gt;&amp;lt;strong&amp;gt;造型特色&amp;lt;/strong&amp;gt;&amp;lt;/span&amp;gt;&amp;lt;/div&amp;gt;&amp;lt;div&amp;gt;&amp;amp;nbsp;&amp;lt;/div&amp;gt;&amp;lt;div&amp;gt;“我的态度是，如果时尚认为是禁忌，我就要去做。” (自传书《月球漫步》) 迈克尔创造了与众不同的流行指标，在风潮过去后，这些打扮也成为他的代表。再细微的造型，都紧紧吸引著歌迷的目光，而这些渺小的点缀背后也藏着许多故事。&amp;lt;/div&amp;gt;&amp;lt;div&amp;gt;&amp;amp;nbsp;&amp;lt;/div&amp;gt;&amp;lt;div&amp;gt;但迈克尔也在《月球漫步》一书中表示，他待在家及录音室时不喜欢打扮，不戴饰品，“因为碍手碍脚，”他写道。“但我一出门，就要穿上有型、亮眼、剪裁良好的衣服。”迈克尔认为真正令他开心的事是表演与创作，“我很喜欢把全部心思都放到同一样东西上，让人们接受和喜欢它。那是很棒的感觉。”&amp;lt;/div&amp;gt;&amp;lt;div&amp;gt;&amp;amp;nbsp;&amp;lt;/div&amp;gt;&amp;lt;div&amp;gt;&amp;lt;span style=&quot;color: rgb(51, 153, 102);&quot;&amp;gt;&amp;lt;strong&amp;gt;墨镜&amp;lt;/strong&amp;gt;&amp;lt;/span&amp;gt;&amp;lt;/div&amp;gt;&amp;lt;div&amp;gt;红斑性狼疮是可能导致死亡的严重病症，杰克逊的病情虽得到控制，但受到紫外线照射会加速恶化，故杰克逊极力避免受阳光曝晒，外出时戴墨镜、口罩，撑伞遮阳。另一个原因是，迈克尔虽然从小就需要不停在公众露面，可即使是这样，迈克尔仍然是个生性害羞的人，戴上墨镜能令他用较轻松的心情面对公众。这为他增添一份神秘感及成为了他的个人特色。另外，迈克尔&#183;杰克逊亦是第一个及唯一一个能戴墨镜进出白宫的人，这是因为迈克尔&#183;杰克逊得到总统的最高规格及礼节的接待，代表他是一位十分尊贵的客人，是一种认同的方式。&amp;lt;/div&amp;gt;&amp;lt;div&amp;gt;&amp;amp;nbsp;&amp;lt;/div&amp;gt;&amp;lt;div&amp;gt;&amp;lt;span style=&quot;color: rgb(51, 153, 102);&quot;&amp;gt;&amp;lt;strong&amp;gt;白袜&amp;lt;/strong&amp;gt;&amp;lt;/span&amp;gt;&amp;lt;/div&amp;gt;&amp;lt;div&amp;gt;白袜在五〇年代曾风行一时，但在六〇年代与七〇年代却成了老土的象征。然而，迈克尔却一直穿着白袜。这项举动引来迈克尔的兄长反对，他的哥哥杰曼&#183;杰克逊甚至经常向母亲告状。“他们全说我是怪胎，但我还是照样穿我的白袜。” (自传书《月球漫步》)&amp;lt;/div&amp;gt;&amp;lt;div&amp;gt;&amp;amp;nbsp;&amp;lt;/div&amp;gt;&amp;lt;div&amp;gt;&amp;lt;span style=&quot;color: rgb(51, 153, 102);&quot;&amp;gt;&amp;lt;strong&amp;gt;皮鞋&amp;lt;/strong&amp;gt;&amp;lt;/span&amp;gt;&amp;lt;/div&amp;gt;&amp;lt;div&amp;gt;迈克尔&#183;杰克逊不论在跳舞还是日常生活中，都喜欢穿着一对黑皮鞋。这种鞋是Penny Loafer，但这种鞋他只穿一种牌子，富乐绅，因为适合跳舞。迈克尔&#183;杰克逊常常把鞋子穿破都不掉弃，令他的家人说：“你这破鞋子怎样穿，快去买新的。”这时候迈克尔会反驳他们：“我这鞋子都不能穿，那没鞋子的人怎么办，没脚的人又怎么办？”&amp;lt;/div&amp;gt;&amp;lt;div&amp;gt;&amp;amp;nbsp;&amp;lt;/div&amp;gt;&amp;lt;div&amp;gt;&amp;lt;span style=&quot;color: rgb(51, 153, 102);&quot;&amp;gt;&amp;lt;strong&amp;gt;手套&amp;lt;/strong&amp;gt;&amp;lt;/span&amp;gt;&amp;lt;/div&amp;gt;&amp;lt;div&amp;gt;早在七〇年代的巡回演出，迈克尔就开始在右手戴手套，“戴一只手套很有演艺圈的味道，我喜欢这样戴。” (自传书《月球漫步》)。他的白色水晶手套令人印象深刻，他也曾在全美音乐奖颁奖典礼上戴上黑色手套，而当天正是金恩博士的生日，对于这场巧合，他也感到惊讶，并在自传书《月球漫步》中写道：“有时发生的事就是这么有趣。”虽然之后巡演有时没有戴上手套，当表演到比莉&#183;珍 (Billie Jean)时，也特地戴上手套。&amp;lt;/div&amp;gt;&amp;lt;div&amp;gt;&amp;amp;nbsp;&amp;lt;/div&amp;gt;&amp;lt;div&amp;gt;&amp;lt;span style=&quot;color: rgb(51, 153, 102);&quot;&amp;gt;&amp;lt;strong&amp;gt;右手手指绷带&amp;lt;/strong&amp;gt;&amp;lt;/span&amp;gt;&amp;lt;/div&amp;gt;&amp;lt;div&amp;gt;最早出现于自传电影Moonwalker《月球漫步》当中。除了中指，迈克尔右手手指都缠着绷带 (指甲及指纹部分绕上一圈)。这是因为迈克尔&#183;杰克逊是个完美主义者，他对自己跳舞的每一个动作都希望达到完美，跳舞时迈克尔的手指亦会随之舞动，手指缠着白色绷带，可以突出手指的动作。这是他为自己的造型设计之一。&amp;lt;/div&amp;gt;&amp;lt;div&amp;gt;&amp;amp;nbsp;&amp;lt;/div&amp;gt;&amp;lt;div&amp;gt;&amp;lt;strong&amp;gt;&amp;lt;span style=&quot;color: rgb(51, 153, 102);&quot;&amp;gt;右臂臂环&amp;lt;/span&amp;gt;&amp;lt;/strong&amp;gt;&amp;lt;/div&amp;gt;&amp;lt;div&amp;gt;“永远铭记这个世界上所有遭受苦难的儿童”特意佩戴的，体现了他的人道主义精神。而当他逝世后他的歌迷对佩戴白袖标的看法又有了新的定义，在他所有佩戴袖标的基础上添加了一条“永远铭记国王的大爱精神”。&amp;lt;/div&amp;gt;&amp;lt;div&amp;gt;&amp;amp;nbsp;&amp;lt;/div&amp;gt;&amp;lt;div&amp;gt;&amp;lt;span style=&quot;color: rgb(255, 0, 0);&quot;&amp;gt;&amp;lt;strong&amp;gt;个人生活&amp;lt;/strong&amp;gt;&amp;lt;/span&amp;gt;&amp;lt;/div&amp;gt;&amp;lt;div&amp;gt;&amp;amp;nbsp;&amp;lt;/div&amp;gt;&amp;lt;div&amp;gt;&amp;lt;span style=&quot;color: rgb(51, 153, 102);&quot;&amp;gt;&amp;lt;strong&amp;gt;法律指控&amp;lt;/strong&amp;gt;&amp;lt;/span&amp;gt;&amp;lt;/div&amp;gt;&amp;lt;div&amp;gt;杰克逊在1993年和2003年分别两次受到儿童性侵害案件的指控。1993年一案，在经过重重调查后，因原告提出证据不足，全案不起诉并和解落幕。而2003年一案，杰克逊受到包括性侵犯儿童的14项指控，只要任何一项罪名成立，迈克尔都有可能被判终身监禁。在2005年6月13日，法院宣判杰克逊所有罪名均不成立。此两案对杰克逊的形象与事业造成巨大负面影响，媒体在这段时间不断以负面新闻攻击迈克尔，即使迈克尔从来没有被判有罪，但从1993年在各媒体上时常有称迈克尔是有恋童癖的的男人，让现今的社会大众仍有人以为迈克尔是真的有恋童癖的人。&amp;lt;/div&amp;gt;&amp;lt;div&amp;gt;&amp;amp;nbsp;&amp;lt;/div&amp;gt;&amp;lt;div&amp;gt;在2003年的指控中，根据60分钟时事杂志对迈克尔&#183;杰克逊的访问，警察在拘捕迈克尔&#183;杰克逊亦出现滥权的行为，在带他之前警察先做的本该是核对他的指纹，但当时警察没有这样做，而是暴力地对待迈克尔&#183;杰克逊。他们把手扣扣在迈克尔手腕较上的位于，然后把他双手向后抬高，此举令迈克尔的手腕受伤及令他的双肩脱臼，同时严重地伤害到迈克尔的背部。双肩及背部的痛楚令迈克尔根本无法入睡。在拘留所期间，迈克尔&#183;杰克逊曾被警员滥权对待，把他锁进一个周围布满排泄物的洗手间大约45分钟。事后电视台致电警察局了解事件，对方否认但拒绝受访。全案审判时间长达五个月，使杰克逊身心俱疲，身健质素变差。在宣判当日，法庭门口的歌迷打出一条标语“迈克尔&#183;杰克逊，我们代表人类向你道歉！”。当日杰克逊就像是一个没灵魂的人，眼神完全空洞，朋友形容他灵魂像已经死去一样。当一句一句“无罪”“无罪”“无罪”说出来的时候，迈克尔的支持者在法庭外哭了，他们放白鸟，高歌起舞，大喊迈克尔的名字。可是迈克尔仍然目无表情，眼神空洞，像一个被抽走了灵魂的男人。根据好友大卫的说法；“迈克尔在听到判决时，一点开心的样子也没有。因为，他已经伤心到极点了。在这段时间他时常跟我说，大卫，你了解这种感觉吗？你一再的对别人好，但他们却反过来攻击你。”&amp;lt;/div&amp;gt;&amp;lt;div&amp;gt;&amp;amp;nbsp;&amp;lt;/div&amp;gt;&amp;lt;div&amp;gt;有媒体报道称93年一案当事儿童乔迪&#183;钱德勒（当时已29岁）承认当年自己受父亲埃文&#183;钱德勒指使诬告杰克逊。他表示他对自己的说了谎很后悔，他从没想过这会毁掉迈克尔的生活，他希望获得迈克尔&#183;杰克逊的原谅，但他再不能向迈克尔道歉了。杰克逊去世4个月后，埃文&#183;钱德勒也于美国当地时间2009年11月5日自杀身亡，但目前也无证据证明自杀是否与杰克逊有关。&amp;lt;/div&amp;gt;&amp;lt;div&amp;gt;&amp;amp;nbsp;&amp;lt;/div&amp;gt;&amp;lt;div&amp;gt;迈克尔&#183;杰克逊身边的朋友们、以及性侵孩童案期间前来评估的临床心理医生Stan Katz都认为，他是一个心理年龄滞留在12岁的大男孩 (12岁，恰巧就是迈克尔第一次获得排行榜冠军、开始大红大紫的年龄)他把孩童视为同侪，而不是成人教育小孩的关系。&amp;lt;/div&amp;gt;&amp;lt;div&amp;gt;&amp;amp;nbsp;&amp;lt;/div&amp;gt;&amp;lt;div&amp;gt;杰克逊作品《Childhood》歌词中有提到此事：“在你断定我之前，请努力尝试欣赏我、客观看待我，看着自己的内心，然后问问：你是否了解我的童年？我喜欢孩子，我总是在试着寻找、未曾拥有过的童年。因为我从不知道那是什么……”&amp;lt;/div&amp;gt;&amp;lt;div&amp;gt;&amp;amp;nbsp;&amp;lt;/div&amp;gt;&amp;lt;div&amp;gt;&amp;lt;span style=&quot;color: rgb(51, 153, 102);&quot;&amp;gt;&amp;lt;strong&amp;gt;吸毒遥言的澄清&amp;lt;/strong&amp;gt;&amp;lt;/span&amp;gt;&amp;lt;/div&amp;gt;&amp;lt;div&amp;gt;外界及传媒一直所说“迈克尔&#183;杰克逊是一位吸毒者”的说法是完全错误及把事实扭曲的。事实是迈克尔&#183;杰克逊从不吸毒，他绝对反对及吸毒的行为。传媒总喜欢不当地用字令看报道的人误会，传媒总不是把事实完完整整的报道出来，甚至把事实完全扭曲。多年前因为一次拍广告的意外令迈克尔&#183;杰克逊长期头痛，同时在1999年迈克尔&#183;杰克逊连同升降台从高处坠落令他伤到了背部。另外，迈克尔一直需要治疗他的皮肤病（白癜风）问题。一直以来迈克尔&#183;杰克逊是完全依照医生的指示接受药物治疗，他亦拒绝在没有医生指示下用药及没有医生在场下注射任何药物。而医生只是说，迈克尔&#183;杰克逊的确有依赖药物来减轻生理上的痛楚，那些“药物”是专业及合法的医疗药物，而绝非外界一直所说的街头毒品！&amp;lt;/div&amp;gt;&amp;lt;div&amp;gt;&amp;amp;nbsp;&amp;lt;/div&amp;gt;&amp;lt;div&amp;gt;&amp;lt;span style=&quot;color: rgb(51, 153, 102);&quot;&amp;gt;&amp;lt;strong&amp;gt;外型及肤色问题&amp;lt;/strong&amp;gt;&amp;lt;/span&amp;gt;&amp;lt;/div&amp;gt;&amp;lt;div&amp;gt;迈克尔&#183;杰克逊从来没有漂白皮肤，世界上还未研究出一种“漂白皮肤”的技术。迈克尔&#183;杰克逊是一个皮肤病病人，他患有一种叫白癜风的皮肤病。白癜风是一种会破坏皮肤色素的病，使皮肤失去色素而变白，此外，变白的范围的会不断扩大。因为失去色素的保护，患者的皮肤会呈现白色状态，而且他们不可以接触阳光，阳光的紫外线会直接伤害患者的皮肤，长期曝露在阳光下会使患者有可能会患上皮肤癌。&amp;lt;/div&amp;gt;&amp;lt;div&amp;gt;&amp;amp;nbsp;&amp;lt;/div&amp;gt;&amp;lt;div&amp;gt;杰克逊在专辑Thriller发行后，皮肤的颜色开始发生异常，在1986年被诊断患有两种使肤色变化的疾病：白癜风和红斑性狼疮。而在2010年3月29日，香港商业电台发出一则报道：根据警方的搜查令，发现他家中除了有11支致命的强力镇定剂异丙酚之外，还有19支对苯二酚及18支对苄氧酚药膏。这两种药物均可美白及去斑，一般给白斑症患者使用，淡化患处以外的皮肤来掩饰肤色不均。另外，在对其的尸检中发现其皮肤存在大量颜色不均的斑点及色块，可见迈克尔&#183;杰克逊的确患上白斑症，而非外间一直流传的人工漂白及植皮。目前世界上还未有人工漂白皮肤这门技术。&amp;lt;/div&amp;gt;&amp;lt;div&amp;gt;&amp;amp;nbsp;&amp;lt;/div&amp;gt;&amp;lt;div&amp;gt;其中，红斑性狼疮更是可能导致死亡的严重病症，杰克逊的病情虽得到控制，但受到紫外线照射会加速恶化，故杰克逊极力避免受阳光曝晒，外出时戴墨镜、口罩，撑伞遮阳。&amp;lt;/div&amp;gt;&amp;lt;div&amp;gt;&amp;amp;nbsp;&amp;lt;/div&amp;gt;&amp;lt;div&amp;gt;杰克逊的外型与肤色变化长久以来引起许多关注，许多人认为他酷爱整形并持续漂白皮肤，但据杰克逊众多友人及身边同事指出，媒体所说的情况与事实完全不同。&amp;lt;/div&amp;gt;&amp;lt;div&amp;gt;&amp;amp;nbsp;&amp;lt;/div&amp;gt;&amp;lt;div&amp;gt;外型方面，杰克逊本人声明做过4次整形手术，包括2次整鼻手术。第一次是1979年为了修整跳舞时受伤的鼻子，该次手术不太成功，迈克尔认为呼吸困难可能会影响他职业生涯。于是转诊给Dr. Steven Hoefflin进行第二次整鼻及后续手术。&amp;lt;/div&amp;gt;&amp;lt;div&amp;gt;&amp;amp;nbsp;&amp;lt;/div&amp;gt;&amp;lt;div&amp;gt;1984年1月27日，在拍摄百事可乐广告时，爆炸特效出了差错，迈克尔头发起火，造成头皮灼伤。在意外事件后不久进行了他第三次的整鼻手术，也进行治疗以隐藏头皮上的疤痕。意外亦令迈克尔&#183;杰克逊自此有长期头痛问题。&amp;lt;/div&amp;gt;&amp;lt;div&amp;gt;&amp;amp;nbsp;&amp;lt;/div&amp;gt;&amp;lt;div&amp;gt;在自传月球漫步中，他也承认在下巴有做了个凹槽。&amp;lt;/div&amp;gt;&amp;lt;div&amp;gt;&amp;amp;nbsp;&amp;lt;/div&amp;gt;&amp;lt;div&amp;gt;&amp;lt;span style=&quot;color: rgb(51, 153, 102);&quot;&amp;gt;&amp;lt;strong&amp;gt;种族认同&amp;lt;/strong&amp;gt;&amp;lt;/span&amp;gt;&amp;lt;/div&amp;gt;&amp;lt;div&amp;gt;杰克逊曾多次表示深深以黑人为傲、以身为黑人为荣。他也是个反对种族主义的人，他对种族歧视深痛恶绝，并且认为人人应该平等。杰克逊经常在演说、歌词或访谈中提及美国黑人民权领袖马丁&#183;路德&#183;金博士的平等运动。&amp;lt;/div&amp;gt;&amp;lt;div&amp;gt;&amp;amp;nbsp;&amp;lt;/div&amp;gt;&amp;lt;div&amp;gt;&amp;lt;span style=&quot;color: rgb(51, 153, 102);&quot;&amp;gt;&amp;lt;strong&amp;gt;慈善贡献及人道主义精神&amp;lt;/strong&amp;gt;&amp;lt;/span&amp;gt;&amp;lt;/div&amp;gt;&amp;lt;div&amp;gt;杰克逊是吉尼斯世界纪录的“全球捐助慈善事业金额最高艺人”，已知之捐款超过三亿美元。此外，杰克逊亦做了很多无名的捐款，具体的捐款数字实在不能一一统计，而且他助养的小孩及帮助过的家庭亦遍布世界各地。迈克尔&#183;杰克逊独力固定支持了39个慈善机构。他亦设立许多慈善机构，包括：&amp;lt;/div&amp;gt;&amp;lt;div&amp;gt;&amp;amp;nbsp;&amp;lt;/div&amp;gt;&amp;lt;div&amp;gt;■ 规模最大的治愈世界基金会 (1992年成立)&amp;lt;/div&amp;gt;&amp;lt;div&amp;gt;■ “拯救儿童基金会” (2001年成立)&amp;lt;/div&amp;gt;&amp;lt;div&amp;gt;■ “迈克尔&#183;杰克逊烧伤中心” (1984年成立)，“迈克尔&#183;杰克逊爱滋病救助中心” (1986年成立)，&amp;lt;/div&amp;gt;&amp;lt;div&amp;gt;■ “迈克尔&#183;杰克逊有色人种教育基金会” (1987年成立)&amp;lt;/div&amp;gt;&amp;lt;div&amp;gt;■ “迈克尔&#183;杰克逊儿童医院” (1993年于华沙成立)&amp;lt;/div&amp;gt;&amp;lt;div&amp;gt;■ “迈克尔&#183;杰克逊儿童医院” (1995年于巴黎成立)&amp;lt;/div&amp;gt;&amp;lt;div&amp;gt;■ “迈克尔&#183;杰克逊糖尿病患者基金会” (1999年成立，VS伊丽莎白泰勒)&amp;lt;/div&amp;gt;&amp;lt;div&amp;gt;■ “Go for your dream”计划 (2003)等等&amp;lt;/div&amp;gt;&amp;lt;div&amp;gt;&amp;amp;nbsp;&amp;lt;/div&amp;gt;&amp;lt;div&amp;gt;其中最大的一次资助活动，即是他1992年6月至1993年11月，长达一年半的大型巡回演唱会：危险之旅世界巡回演唱会。该演唱共计六十九场，观众超过三百五十万。总收入达到一亿两千万美元，而杰克逊将所以收益投入刚成立的“治愈世界基金会” (其实这就是他展开此一巡回演唱会的原因)。另外，1985年由杰克逊和莱昂纳尔&#183;里奇共同谱写，由美国45位歌星联合演唱救助非洲饑民的慈善单曲《We Are The World》，在美国国内销售达七百万张，募款达到六千三百万美元。除以上的捐款例子以外，迈克尔&#183;杰克逊在一生中进行了无数次的广告、演唱，等募捐呼吁。因在慈善事业的巨大贡献，在1998年和2003年两度被诺贝尔和平奖提名。总结而言，迈克尔&#183;杰克逊一生中几乎做每一件事情的目的，都是一样，就是去帮助别人，拯救世界。&amp;lt;/div&amp;gt;&amp;lt;div&amp;gt;&amp;amp;nbsp;&amp;lt;/div&amp;gt;&amp;lt;div&amp;gt;《福布斯》杂志在评论迈克尔&#183;杰克逊的慈善行为时说：在这个星球上，只有他，才谱写出了这么多的慈善歌曲；只有他，才会每去一个地方就坚持去医院、孤儿院探望；只有他，才肯把大笔大笔的钱捐给了慈善机构；只有他，才能够不顾流言诽谤，为儿童和环境事业孜孜不倦、坚持不懈。&amp;lt;/div&amp;gt;&amp;lt;div&amp;gt;&amp;amp;nbsp;&amp;lt;/div&amp;gt;&amp;lt;div&amp;gt;2009年，迈克尔本打算在伦敦举办他最后一次的演唱会 (This Is It)，其主要的目的仍然是为了拯救世界，以及他希望他的三个孩子能亲眼看到他的演出，其次是解决他的财务问题。在迈克尔去世后，警察找出迈克尔&#183;杰克逊在一个与私人医生莫里的电话谈话录音，录音中迈克尔的精神不是很好，但他仍然带着微弱的声线向莫里表示，当他完成了演出后，他会带着他的所有的金钱建立一家世界最大的迈克尔&#183;杰克逊儿童医院，而这所医院将会能够为一百万名儿童服务。可惜是，迈克尔此终无法完成心愿。&amp;lt;/div&amp;gt;&amp;lt;div&amp;gt;&amp;amp;nbsp;&amp;lt;/div&amp;gt;&amp;lt;div&amp;gt;迈克尔&#183;杰克逊表现善心的方式不只在于金钱上的奉献，而是以一种心灵的治愈方式。他每到一个国家都会到达当地的医院及孤儿院探望，亲自为他们送上祝福及爱。迈克尔每年都会用巨额的金钱为儿童送上玩具，目的是令他们快乐。他会在离开的时候对那些病人及病童说，他会再回来，叫他们等他，目的去提高严重病患的病人的生存意志。另外，迈克尔曾经让一些被医生判了“死刑”的孩子，奇迹地活过来，当医生告诉这孩子已经不行的时候，迈克尔会对他们的家人说“我不会让他发生的，带他来我这里，让我为这小孩做些事吧，我会付出我所有的爱令这个孩子好起来，我不要他死去，我不要。”迈克尔的做法是带那些濒死的孩子到梦幻乐园生活，为他们祈祷，用尽方法提高他们对活着的意志，不断鼓励他们活下来。他用这种方法令许多濒死的孩子奇迹回来了。&amp;lt;/div&amp;gt;&amp;lt;div&amp;gt;&amp;amp;nbsp;&amp;lt;/div&amp;gt;&amp;lt;div&amp;gt;在歌曲方面，迈克尔积积有多首歌都主题都是有关爱与和平，其中最为人熟悉的歌有Earth Song，We Are The World，Heal The World等等。他希望以音乐来提醒人们爱的重要。&amp;lt;/div&amp;gt;&amp;lt;div&amp;gt;&amp;amp;nbsp;&amp;lt;/div&amp;gt;&amp;lt;div&amp;gt;在2000年，在《吉尼斯世界纪录》千禧版本中，迈克尔&#183;杰克逊被评为支持慈善机构最多的艺人。迈克尔&#183;杰克逊支持了39个之多的慈善机构，不仅是在金钱和物品上予以资助，他还常常参加它们的相关活动。迈克尔&#183;杰克逊支持的39个机构的名单：&amp;lt;/div&amp;gt;&amp;lt;div&amp;gt;&amp;amp;nbsp;&amp;lt;/div&amp;gt;&amp;lt;div&amp;gt;■ 洛杉矶艾滋病防治计划&amp;lt;/div&amp;gt;&amp;lt;div&amp;gt;■ 美国防癌协会&amp;lt;/div&amp;gt;&amp;lt;div&amp;gt;■ “天使的恩赐”&amp;lt;/div&amp;gt;&amp;lt;div&amp;gt;■ 泛洛杉矶的兄弟基金会&amp;lt;/div&amp;gt;&amp;lt;div&amp;gt;■ BMI基金会&amp;lt;/div&amp;gt;&amp;lt;div&amp;gt;■ 罗纳德&#183;麦克唐纳夏令营&amp;lt;/div&amp;gt;&amp;lt;div&amp;gt;■ 资助美国儿童慈善会&amp;lt;/div&amp;gt;&amp;lt;div&amp;gt;■ 儿童国际学院&amp;lt;/div&amp;gt;&amp;lt;div&amp;gt;■ 城市与学校奖学基金&amp;lt;/div&amp;gt;&amp;lt;div&amp;gt;■ 社区青年人体育艺术基金会&amp;lt;/div&amp;gt;&amp;lt;div&amp;gt;■ 黑人议员委员会&amp;lt;/div&amp;gt;&amp;lt;div&amp;gt;■ 达喀尔基金会&amp;lt;/div&amp;gt;&amp;lt;div&amp;gt;■ 梦幻街儿童基金会&amp;lt;/div&amp;gt;&amp;lt;div&amp;gt;■ 梦想成真基金会&amp;lt;/div&amp;gt;&amp;lt;div&amp;gt;■ 伊丽沙白&#183;泰勒艾滋病基金会&amp;lt;/div&amp;gt;&amp;lt;div&amp;gt;■ 青少年糖尿病基金会&amp;lt;/div&amp;gt;&amp;lt;div&amp;gt;■ 婚姻幸福组织&amp;lt;/div&amp;gt;&amp;lt;div&amp;gt;■ 许愿基金会&amp;lt;/div&amp;gt;&amp;lt;div&amp;gt;■ 少数民族艾滋病援助计划&amp;lt;/div&amp;gt;&amp;lt;div&amp;gt;■ 摩城博物馆&amp;lt;/div&amp;gt;&amp;lt;div&amp;gt;■ 全美有色人种协进会&amp;lt;/div&amp;gt;&amp;lt;div&amp;gt;■ 国家彩虹联合会&amp;lt;/div&amp;gt;&amp;lt;div&amp;gt;■ 纳尔逊&#183;曼德拉儿童基金会&amp;lt;/div&amp;gt;&amp;lt;div&amp;gt;■ 红十字协会&amp;lt;/div&amp;gt;&amp;lt;div&amp;gt;■ 澳大利亚扶轮社&amp;lt;/div&amp;gt;&amp;lt;div&amp;gt;■ 歌手协会&amp;lt;/div&amp;gt;&amp;lt;div&amp;gt;■ 星光基金会&amp;lt;/div&amp;gt;&amp;lt;div&amp;gt;■ 卡特中心亚特兰大计划&amp;lt;/div&amp;gt;&amp;lt;div&amp;gt;■ 美国镰状细胞研究基金会&amp;lt;/div&amp;gt;&amp;lt;div&amp;gt;■ “改变非洲”组织&amp;lt;/div&amp;gt;&amp;lt;div&amp;gt;■ 联合国教科文组织&amp;lt;/div&amp;gt;&amp;lt;div&amp;gt;■ 联合黑人学院基金会&amp;lt;/div&amp;gt;&amp;lt;div&amp;gt;■ 联合黑人学院之“希望的阶梯”基金会&amp;lt;/div&amp;gt;&amp;lt;div&amp;gt;■ 美国志愿者协会&amp;lt;/div&amp;gt;&amp;lt;div&amp;gt;■ “瓦特夏日庆典”&amp;lt;/div&amp;gt;&amp;lt;div&amp;gt;■ “实现愿望”协会&amp;lt;/div&amp;gt;&amp;lt;div&amp;gt;■ 第28街基督教青年会&amp;lt;/div&amp;gt;&amp;lt;div&amp;gt;■ 兄弟十字军协会&amp;lt;/div&amp;gt;&amp;lt;div&amp;gt;■ 布洛特曼烧伤中心&amp;lt;/div&amp;gt;&amp;lt;div&amp;gt;&amp;amp;nbsp;&amp;lt;/div&amp;gt;&amp;lt;div&amp;gt;&amp;lt;span style=&quot;color: rgb(51, 153, 102);&quot;&amp;gt;&amp;lt;strong&amp;gt;个人习惯及趣事&amp;lt;/strong&amp;gt;&amp;lt;/span&amp;gt;&amp;lt;/div&amp;gt;&amp;lt;div&amp;gt;迈克尔&#183;杰克逊对食物的兴趣不大，他认为地球上每样事物都有生命，如果人不用进食都可以生存，他会选择不吃。因此他偏爱素食。但曾因不愿进食而令自己营养不良，最后接受营养师建议，在演唱会期间必须要吃鱼及鸡肉。&amp;lt;/div&amp;gt;&amp;lt;div&amp;gt;&amp;amp;nbsp;&amp;lt;/div&amp;gt;&amp;lt;div&amp;gt;迈克尔&#183;杰克逊是迪士尼的狂热支持者，每到一个国家必去的地方就是当地的迪士尼乐园，家中亦收藏大量的迪士尼卡通影碟及珍藏品。&amp;lt;/div&amp;gt;&amp;lt;div&amp;gt;&amp;amp;nbsp;&amp;lt;/div&amp;gt;&amp;lt;div&amp;gt;迈克尔&#183;杰克逊无私地帮助每一个人和孩子。有一次，他雇了一个马戏团为一间唐氏综合症儿童特殊学校表演，他很高兴，像个孩子般兴致勃勃地与他们一起观看了演出。有个小女孩认为她是迈克尔未来的妻子，迈克尔非常乐意允许她坐他身旁，就像他未来的新娘一样。&amp;lt;/div&amp;gt;&amp;lt;div&amp;gt;&amp;amp;nbsp;&amp;lt;/div&amp;gt;&amp;lt;div&amp;gt;迈克尔&#183;杰克逊的手腕上常常戴着一条红色，原来曾经有个得了癌症的小女孩很喜欢迈克尔，她临终前想要亲眼见到他。迈克尔得知后马上坐飞机赶到当地去看她，可惜还是晚了一步，那女孩已经去世了。但小女孩去世前给他留下了一条亲手编制的红绳。在小女孩的家乡有个风俗，亲手为自己认为最重要的人编上红绳，如果那个人带上它，就能得到永久的保佑和祝福。迈克尔得知后在房间里难过得哭了整晚，之后就一直带着那条红绳，一带便是十多年。&amp;lt;/div&amp;gt;&amp;lt;div&amp;gt;&amp;amp;nbsp;&amp;lt;/div&amp;gt;&amp;lt;div&amp;gt;&amp;lt;span style=&quot;color: rgb(51, 153, 102);&quot;&amp;gt;&amp;lt;strong&amp;gt;健康状况&amp;lt;/strong&amp;gt;&amp;lt;/span&amp;gt;&amp;lt;/div&amp;gt;&amp;lt;div&amp;gt;美联社在2009年10月1日获得迈克尔验尸报告的副本，迈克尔并没有如媒体所说的骨瘦如柴，相反的，他的身体是相当的健康的，以下是验尸报告的大概内容：&amp;lt;/div&amp;gt;&amp;lt;div&amp;gt;&amp;amp;nbsp;&amp;lt;/div&amp;gt;&amp;lt;div&amp;gt;■&amp;amp;nbsp;他身高5英尺10英寸，体重136磅。并非迈克尔经纪人所说的160磅，也非化妆师所说的108磅。&amp;lt;/div&amp;gt;&amp;lt;div&amp;gt;■ 他纹了眼线和眉毛，嘴唇周围纹了粉红色。头皮前部有暗色的纹身。&amp;lt;/div&amp;gt;&amp;lt;div&amp;gt;■ 他患有白癜风，这种疾病会减少黑色素并且在皮肤上留下白斑。&amp;lt;/div&amp;gt;&amp;lt;div&amp;gt;■ 在低位脊椎和一些手指上有可见的关节炎。&amp;lt;/div&amp;gt;&amp;lt;div&amp;gt;■ 他身体上有许多疤痕，包括耳后，一边肩膀，脖子下部，和肚脐附近。&amp;lt;/div&amp;gt;&amp;lt;div&amp;gt;■ 他的心脏很强劲，可是肺部有炎症。其他器官正常。&amp;lt;/div&amp;gt;&amp;lt;div&amp;gt;■ 在迈克尔体内发现了异丙酚和四种其他的镇定剂、止痛药利卡多因还有一种复苏药物。在他的胃里并没有可识别出的药片。&amp;lt;/div&amp;gt;&amp;lt;div&amp;gt;■ 并未发现非法药物或者酒精。&amp;lt;/div&amp;gt;&amp;lt;div&amp;gt;■ 死亡原因的基调被定为他杀，异丙酚在没有任何必须的医疗设施的非医院的状况下被使用。&amp;lt;/div&amp;gt;&amp;lt;div&amp;gt;■ 迈克尔在胸部有瘀伤，而且他的胸骨和一些肋骨折断了，这是心肺复苏急救遗留下来的。&amp;lt;/div&amp;gt;&amp;lt;div&amp;gt;&amp;amp;nbsp;&amp;lt;/div&amp;gt;&amp;lt;div&amp;gt;&amp;lt;span style=&quot;color: rgb(255, 0, 0);&quot;&amp;gt;&amp;lt;strong&amp;gt;荣誉和奖项&amp;lt;/strong&amp;gt;&amp;lt;/span&amp;gt;&amp;lt;/div&amp;gt;&amp;lt;div&amp;gt;&amp;amp;nbsp;&amp;lt;/div&amp;gt;&amp;lt;div&amp;gt;迈克尔&#183;杰克逊历年所得到重要的奖项有372个，此外还得到无数个其他奖项与荣耀。下列举其获得的重要奖项：&amp;lt;/div&amp;gt;&amp;lt;div&amp;gt;&amp;amp;nbsp;&amp;lt;/div&amp;gt;&amp;lt;div&amp;gt;■ 全美音乐奖：26个&amp;lt;/div&amp;gt;&amp;lt;div&amp;gt;■ Billboard Awards：40个&amp;lt;/div&amp;gt;&amp;lt;div&amp;gt;■ 全英音乐奖：7个&amp;lt;/div&amp;gt;&amp;lt;div&amp;gt;■ 金球奖：1个&amp;lt;/div&amp;gt;&amp;lt;div&amp;gt;■ MOBO Awards：1个&amp;lt;/div&amp;gt;&amp;lt;div&amp;gt;■ 葛莱美奖：15个&amp;lt;/div&amp;gt;&amp;lt;div&amp;gt;■ 吉尼斯世界纪录：13个&amp;lt;/div&amp;gt;&amp;lt;div&amp;gt;■ MTV音乐录像带大奖：13个&amp;lt;/div&amp;gt;&amp;lt;div&amp;gt;■ 灵魂列车音乐奖：10个&amp;lt;/div&amp;gt;&amp;lt;div&amp;gt;■ 有色人种促进协会形象奖：14个&amp;lt;/div&amp;gt;&amp;lt;div&amp;gt;■ 美国唱片业协会奖：56个&amp;lt;/div&amp;gt;&amp;lt;div&amp;gt;■ American Video Awards：2个&amp;lt;/div&amp;gt;&amp;lt;div&amp;gt;■ 世界音乐奖：12个&amp;lt;/div&amp;gt;&amp;lt;div&amp;gt;&amp;amp;nbsp;&amp;lt;/div&amp;gt;&amp;lt;div&amp;gt;&amp;lt;span style=&quot;color: rgb(255, 0, 0);&quot;&amp;gt;&amp;lt;strong&amp;gt;成就（部份）&amp;lt;/strong&amp;gt;&amp;lt;/span&amp;gt;&amp;lt;/div&amp;gt;&amp;lt;div&amp;gt;&amp;amp;nbsp;&amp;lt;/div&amp;gt;&amp;lt;div&amp;gt;■ 世界上销量最高最的专辑《Thriller》根据2006年统计为止（全球卖出超1.11亿，美国《Billboard》音乐排行榜的前十名内连续停留了80周） 　&amp;lt;/div&amp;gt;&amp;lt;div&amp;gt;■ 史上最长的音乐录影《Ghosts》（39分钟） 　&amp;lt;/div&amp;gt;&amp;lt;div&amp;gt;■ 史上最贵的音乐录影《Scream》由美国导演Mark Romanek执导、Michael和妹妹Janet Jackson出演的‘Scream’（1995）音乐录影，总共耗资700万美金打造。　&amp;lt;/div&amp;gt;&amp;lt;div&amp;gt;■ 最成功的音乐录像带《Thriller》（销量100万套） 　　&amp;lt;/div&amp;gt;&amp;lt;div&amp;gt;■ 美国单曲榜冠军的最年轻的歌手（11岁Jackson 5乐队的主唱） 　　&amp;lt;/div&amp;gt;&amp;lt;div&amp;gt;■ 美国排行榜上霸占冠军宝座时间最长的专辑（《Thriller》 37周） 　　&amp;lt;/div&amp;gt;&amp;lt;div&amp;gt;■ 单曲第一周发行即夺得美国音乐榜冠军的歌手（《You Are Not Alone》）&amp;lt;/div&amp;gt;&amp;lt;div&amp;gt;■ 世界历史上最成功的艺术家，支持慈善机构最多的艺人（39个慈善机构） 　&amp;lt;/div&amp;gt;&amp;lt;div&amp;gt;■ 个人单年度获格莱美奖最高记录：在第26届格莱美奖典礼上，Michael Jackson一人独得八项格莱美奖，包括最佳摇滚男歌手（‘Beat It’）和最佳年度专辑《Thriller》。最值钱的奥斯卡奖杯：制片人David O Selznick于1940年因为《乱世佳人》（1939）一片而获得的奥斯卡最佳影片奖被Michael Jackson于1999年6月12日以1，542，000美元的价格在纽约索斯比拍卖会上购得。该巨星是通过电话竞拍成功的。&amp;lt;/div&amp;gt;&amp;lt;div&amp;gt;■ 最值钱的奥斯卡奖杯（154.2万美元） 　&amp;lt;/div&amp;gt;&amp;lt;div&amp;gt;■ 在美国音乐榜上，拥有Top 40单曲的时间跨度最长，总共39年两个月。&amp;lt;/div&amp;gt;&amp;lt;div&amp;gt;■ 于1971年11月6日以个人单曲Got To Be There 打入Billboard Hot 100，直到2011年1月1日，他的遗作Hold My Hand还在进榜。　　&amp;lt;/div&amp;gt;&amp;lt;div&amp;gt;■ 《Michael》专辑巨幅海报，入选吉尼斯世界纪录，成为史上面积最大的海报。长171英尺（约52米），宽170英尺（52米），总表面积达到29070平方英尺（约8861米），比原纪录多出110英尺（约34米）。&amp;lt;/div&amp;gt;&amp;lt;div&amp;gt;■ 第一个在美国以外的地区卖出一亿张专辑的艺人。&amp;lt;/div&amp;gt;&amp;lt;div&amp;gt;■ 历史上第一位在一年内赚进上亿美金的艺术家，同时也是历史上报酬最高的艺术家（在1989年仅仅从单曲和专辑的销售上就净赚了1.25亿美元）&amp;lt;/div&amp;gt;&amp;lt;div&amp;gt;■ 首位单曲第一周发行即夺得美国音乐榜冠军的歌手（“You Are Not Alone”）&amp;lt;/div&amp;gt;&amp;lt;div&amp;gt;■ 在美国排行榜上占冠军宝座时间最长的专辑（《Thriller》，37周）&amp;lt;/div&amp;gt;&amp;lt;div&amp;gt;■ 世界上慈善捐款金额累计最高的艺人（至2006年，个人对外公开的慈善公益捐款已经高达三亿美元）&amp;lt;/div&amp;gt;&amp;lt;div&amp;gt;■ 世界历史上最成功的艺术家（《吉尼斯世界记录》特别为迈克尔历年无数的伟大成就所颁发的吉尼斯世界记录认证）&amp;lt;/div&amp;gt;&amp;lt;div&amp;gt;&amp;amp;nbsp;&amp;lt;/div&amp;gt;&amp;lt;div&amp;gt;(维基百科)&amp;lt;/div&amp;gt;','4C81CD4F-FB4E-458A-B031-E1B71E53339A',0,0,'2014-08-18 22:36:37','2014-08-17 18:04:12'),(8,' ','sdf','sdf',0,1010000,'2014-07-28',NULL,NULL,18,0,'2014-08-21 20:13:27','2014-08-21 20:13:27'),(9,' ','Beyond','Beyond',1,1010002,'2014-11-15','&amp;lt;p class=&quot;MsoNormal&quot;&amp;gt;&amp;lt;span lang=&quot;EN-US&quot;&amp;gt;Beyond&amp;lt;/span&amp;gt;&amp;lt;span style=&quot;font-family: 宋体;&quot;&amp;gt;，是于&amp;lt;/span&amp;gt;&amp;lt;span lang=&quot;EN-US&quot;&amp;gt;1983&amp;lt;/span&amp;gt;&amp;lt;span style=&quot;font-family: 宋体;&quot;&amp;gt;年成立的香港殿堂级摇滚乐队，是华语乐坛上极具代表性的乐队之一。不但在香港、中国大陆及台湾均有乐迷，即使远至海外&amp;lt;/span&amp;gt;&amp;lt;span lang=&quot;EN-US&quot;&amp;gt;(&amp;lt;/span&amp;gt;&amp;lt;span style=&quot;font-family: 宋体;&quot;&amp;gt;如&amp;lt;/span&amp;gt;&amp;lt;span lang=&quot;EN-US&quot;&amp;gt;:&amp;lt;/span&amp;gt;&amp;lt;span style=&quot;font-family: 宋体;&quot;&amp;gt;日本&amp;lt;/span&amp;gt;&amp;lt;span lang=&quot;EN-US&quot;&amp;gt;,&amp;lt;/span&amp;gt;&amp;lt;span style=&quot;font-family: 宋体;&quot;&amp;gt;马来西亚&amp;lt;/span&amp;gt;&amp;lt;span lang=&quot;EN-US&quot;&amp;gt;,&amp;lt;/span&amp;gt;&amp;lt;span style=&quot;font-family: 宋体;&quot;&amp;gt;新加坡&amp;lt;/span&amp;gt;&amp;lt;span lang=&quot;EN-US&quot;&amp;gt;)&amp;lt;/span&amp;gt;&amp;lt;span style=&quot;font-family: 宋体;&quot;&amp;gt;等东南亚地区亦有支持者。&amp;lt;/span&amp;gt;&amp;lt;span lang=&quot;EN-US&quot;&amp;gt;&amp;lt;/span&amp;gt;&amp;lt;/p&amp;gt;&amp;lt;p class=&quot;MsoNormal&quot;&amp;gt;&amp;lt;span style=&quot;font-family: 宋体;&quot;&amp;gt;乐队的歌词作品以写实为主，内容反映社会时弊与及他们的所见所感，歌曲有时引来社会广泛讨论。乐队注重原创，作品包括歌词、作曲及编曲大部分由乐队成员撰写，因此能真实地表达乐队对某一主题的意见及情感。&amp;lt;/span&amp;gt;&amp;lt;span lang=&quot;EN-US&quot;&amp;gt;&amp;lt;/span&amp;gt;&amp;lt;/p&amp;gt;&amp;lt;p class=&quot;MsoNormal&quot;&amp;gt;&amp;lt;span style=&quot;font-family: 宋体;&quot;&amp;gt;早期乐队成员人数有五名，&amp;lt;/span&amp;gt;&amp;lt;span lang=&quot;EN-US&quot;&amp;gt;1988&amp;lt;/span&amp;gt;&amp;lt;span style=&quot;font-family: 宋体;&quot;&amp;gt;年成员刘志远退出以后，以黄家驹、黄家强、黄贯中、叶世荣四人维持，此阵容最为人熟悉。&amp;lt;/span&amp;gt;&amp;lt;span lang=&quot;EN-US&quot;&amp;gt;1993&amp;lt;/span&amp;gt;&amp;lt;span style=&quot;font-family: 宋体;&quot;&amp;gt;年，乐队灵魂人物黄家驹于日本意外离世，而乐队亦于&amp;lt;/span&amp;gt;&amp;lt;span lang=&quot;EN-US&quot;&amp;gt;2005&amp;lt;/span&amp;gt;&amp;lt;span style=&quot;font-family: 宋体;&quot;&amp;gt;年宣布解散。&amp;lt;/span&amp;gt;&amp;lt;span lang=&quot;EN-US&quot;&amp;gt;&amp;lt;/span&amp;gt;&amp;lt;/p&amp;gt;&amp;lt;p class=&quot;MsoNormal&quot;&amp;gt;&amp;lt;span style=&quot;font-family: 宋体;&quot;&amp;gt;&amp;lt;br&amp;gt;&amp;lt;strong&amp;gt;&amp;lt;span style=&quot;color: rgb(255, 0, 0);&quot;&amp;gt;成员&amp;lt;/span&amp;gt;&amp;lt;/strong&amp;gt;&amp;lt;/span&amp;gt;&amp;lt;/p&amp;gt;&amp;lt;p class=&quot;MsoNormal&quot;&amp;gt;&amp;lt;span lang=&quot;EN-US&quot;&amp;gt;1988&amp;lt;/span&amp;gt;&amp;lt;span style=&quot;font-family: 宋体;&quot;&amp;gt;年后成员&amp;lt;/span&amp;gt;&amp;lt;span lang=&quot;EN-US&quot;&amp;gt;&amp;lt;/span&amp;gt;&amp;lt;/p&amp;gt;&amp;lt;p class=&quot;MsoNormal&quot;&amp;gt;&amp;lt;span style=&quot;font-family: 宋体;&quot;&amp;gt;黄家驹（节奏吉他手、作曲、作词及主音，创队成员，乐队灵魂人物，于&amp;lt;/span&amp;gt;&amp;lt;span lang=&quot;EN-US&quot;&amp;gt;1993&amp;lt;/span&amp;gt;&amp;lt;span style=&quot;font-family: 宋体;&quot;&amp;gt;年在日本因意外离世）&amp;lt;/span&amp;gt;&amp;lt;span lang=&quot;EN-US&quot;&amp;gt;&amp;lt;/span&amp;gt;&amp;lt;/p&amp;gt;&amp;lt;p class=&quot;MsoNormal&quot;&amp;gt;&amp;lt;span style=&quot;font-family: 宋体;&quot;&amp;gt;黄家强（低音吉他手、作曲、作词及主音，&amp;lt;/span&amp;gt;&amp;lt;span lang=&quot;EN-US&quot;&amp;gt;1983&amp;lt;/span&amp;gt;&amp;lt;span style=&quot;font-family: 宋体;&quot;&amp;gt;年底加入）&amp;lt;/span&amp;gt;&amp;lt;span lang=&quot;EN-US&quot;&amp;gt;&amp;lt;/span&amp;gt;&amp;lt;/p&amp;gt;&amp;lt;p class=&quot;MsoNormal&quot;&amp;gt;&amp;lt;span style=&quot;font-family: 宋体;&quot;&amp;gt;黄贯中（主音吉他手、作曲、作词及主音，&amp;lt;/span&amp;gt;&amp;lt;span lang=&quot;EN-US&quot;&amp;gt;1985&amp;lt;/span&amp;gt;&amp;lt;span style=&quot;font-family: 宋体;&quot;&amp;gt;年加入）&amp;lt;/span&amp;gt;&amp;lt;span lang=&quot;EN-US&quot;&amp;gt;&amp;lt;/span&amp;gt;&amp;lt;/p&amp;gt;&amp;lt;p class=&quot;MsoNormal&quot;&amp;gt;&amp;lt;span style=&quot;font-family: 宋体;&quot;&amp;gt;叶世荣（鼓手、和音及创队成员。）&amp;lt;/span&amp;gt;&amp;lt;span lang=&quot;EN-US&quot;&amp;gt;&amp;lt;/span&amp;gt;&amp;lt;/p&amp;gt;&amp;lt;p class=&quot;MsoNormal&quot;&amp;gt;&amp;lt;span lang=&quot;EN-US&quot;&amp;gt;&amp;amp;nbsp;&amp;lt;/span&amp;gt;&amp;lt;/p&amp;gt;&amp;lt;p class=&quot;MsoNormal&quot;&amp;gt;&amp;lt;span lang=&quot;EN-US&quot;&amp;gt;1988&amp;lt;/span&amp;gt;&amp;lt;span style=&quot;font-family: 宋体;&quot;&amp;gt;年前已离开成员&amp;lt;/span&amp;gt;&amp;lt;span lang=&quot;EN-US&quot;&amp;gt;&amp;lt;/span&amp;gt;&amp;lt;/p&amp;gt;&amp;lt;p class=&quot;MsoNormal&quot;&amp;gt;&amp;lt;span style=&quot;font-family: 宋体;&quot;&amp;gt;刘志远（吉他手及键琴手，&amp;lt;/span&amp;gt;&amp;lt;span lang=&quot;EN-US&quot;&amp;gt;1988&amp;lt;/span&amp;gt;&amp;lt;span style=&quot;font-family: 宋体;&quot;&amp;gt;年离队）。&amp;lt;/span&amp;gt;&amp;lt;span lang=&quot;EN-US&quot;&amp;gt;&amp;lt;/span&amp;gt;&amp;lt;/p&amp;gt;&amp;lt;p class=&quot;MsoNormal&quot;&amp;gt;&amp;lt;span style=&quot;font-family: 宋体;&quot;&amp;gt;邓炜谦（吉他手，&amp;lt;/span&amp;gt;&amp;lt;span lang=&quot;EN-US&quot;&amp;gt;1983&amp;lt;/span&amp;gt;&amp;lt;span style=&quot;font-family: 宋体;&quot;&amp;gt;年底离队）&amp;lt;/span&amp;gt;&amp;lt;span lang=&quot;EN-US&quot;&amp;gt;&amp;lt;/span&amp;gt;&amp;lt;/p&amp;gt;&amp;lt;p class=&quot;MsoNormal&quot;&amp;gt;&amp;lt;span style=&quot;font-family: 宋体;&quot;&amp;gt;李荣潮（低音吉他手，&amp;lt;/span&amp;gt;&amp;lt;span lang=&quot;EN-US&quot;&amp;gt;1983&amp;lt;/span&amp;gt;&amp;lt;span style=&quot;font-family: 宋体;&quot;&amp;gt;年底离队）&amp;lt;/span&amp;gt;&amp;lt;span lang=&quot;EN-US&quot;&amp;gt;&amp;lt;/span&amp;gt;&amp;lt;/p&amp;gt;&amp;lt;p class=&quot;MsoNormal&quot;&amp;gt;&amp;lt;span lang=&quot;EN-US&quot;&amp;gt;Owen Kwan&amp;lt;/span&amp;gt;&amp;lt;span style=&quot;font-family: 宋体;&quot;&amp;gt;（主音吉他手，&amp;lt;/span&amp;gt;&amp;lt;span lang=&quot;EN-US&quot;&amp;gt;1984&amp;lt;/span&amp;gt;&amp;lt;span style=&quot;font-family: 宋体;&quot;&amp;gt;年离队）&amp;lt;/span&amp;gt;&amp;lt;span lang=&quot;EN-US&quot;&amp;gt;&amp;lt;/span&amp;gt;&amp;lt;/p&amp;gt;&amp;lt;p class=&quot;MsoNormal&quot;&amp;gt;&amp;lt;span style=&quot;font-family: 宋体;&quot;&amp;gt;陈时安（主音吉他手，&amp;lt;/span&amp;gt;&amp;lt;span lang=&quot;EN-US&quot;&amp;gt;1985&amp;lt;/span&amp;gt;&amp;lt;span style=&quot;font-family: 宋体;&quot;&amp;gt;年离队）&amp;lt;/span&amp;gt;&amp;lt;span lang=&quot;EN-US&quot;&amp;gt;&amp;lt;/span&amp;gt;&amp;lt;/p&amp;gt;&amp;lt;p class=&quot;MsoNormal&quot;&amp;gt;&amp;lt;span lang=&quot;EN-US&quot;&amp;gt;&amp;amp;nbsp;&amp;lt;/span&amp;gt;&amp;lt;/p&amp;gt;&amp;lt;p class=&quot;MsoNormal&quot;&amp;gt;&amp;lt;strong&amp;gt;&amp;lt;span style=&quot;color: rgb(255, 0, 0);&quot;&amp;gt;&amp;lt;span style=&quot;font-family: 宋体;&quot;&amp;gt;“&amp;lt;/span&amp;gt;&amp;lt;span lang=&quot;EN-US&quot;&amp;gt;Beyond&amp;lt;/span&amp;gt;&amp;lt;span style=&quot;font-family: 宋体;&quot;&amp;gt;”名称由来&amp;lt;/span&amp;gt;&amp;lt;/span&amp;gt;&amp;lt;/strong&amp;gt;&amp;lt;span lang=&quot;EN-US&quot;&amp;gt;&amp;lt;/span&amp;gt;&amp;lt;/p&amp;gt;&amp;lt;p class=&quot;MsoNormal&quot;&amp;gt;&amp;lt;span style=&quot;font-family: 宋体;&quot;&amp;gt;乐队名字&amp;lt;/span&amp;gt;&amp;lt;span lang=&quot;EN-US&quot;&amp;gt;Beyond&amp;lt;/span&amp;gt;&amp;lt;span style=&quot;font-family: 宋体;&quot;&amp;gt;是第一代吉他手邓炜谦所改，意思为“超越”。在&amp;lt;/span&amp;gt;&amp;lt;span lang=&quot;EN-US&quot;&amp;gt;1998&amp;lt;/span&amp;gt;&amp;lt;span style=&quot;font-family: 宋体;&quot;&amp;gt;年出版的乐队自传书籍《拥抱&amp;lt;/span&amp;gt;&amp;lt;span lang=&quot;EN-US&quot;&amp;gt;Beyond&amp;lt;/span&amp;gt;&amp;lt;span style=&quot;font-family: 宋体;&quot;&amp;gt;岁月》中，鼓手叶世荣曾解释，由于乐队成员喜爱拥有自己的创作，有别于当时其他乐队多数翻唱外国乐队的作品，故“&amp;lt;/span&amp;gt;&amp;lt;span lang=&quot;EN-US&quot;&amp;gt;Beyond&amp;lt;/span&amp;gt;&amp;lt;span style=&quot;font-family: 宋体;&quot;&amp;gt;”有超越一般乐队所涉足的音乐领域的意思，但叶世荣也重申，他们把乐队命名“&amp;lt;/span&amp;gt;&amp;lt;span lang=&quot;EN-US&quot;&amp;gt;Beyond&amp;lt;/span&amp;gt;&amp;lt;span style=&quot;font-family: 宋体;&quot;&amp;gt;”，并不是要超越别人，而是要超越自己。当主要创作人兼主音歌手黄家驹去世后，乐队失去主心骨，驱使三人时期的&amp;lt;/span&amp;gt;&amp;lt;span lang=&quot;EN-US&quot;&amp;gt;Beyond&amp;lt;/span&amp;gt;&amp;lt;span style=&quot;font-family: 宋体;&quot;&amp;gt;乐队风格变得更重摇滚味。&amp;lt;/span&amp;gt;&amp;lt;span lang=&quot;EN-US&quot;&amp;gt;&amp;lt;/span&amp;gt;&amp;lt;/p&amp;gt;&amp;lt;p class=&quot;MsoNormal&quot;&amp;gt;&amp;lt;span lang=&quot;EN-US&quot;&amp;gt;&amp;amp;nbsp;&amp;lt;/span&amp;gt;&amp;lt;/p&amp;gt;&amp;lt;p class=&quot;MsoNormal&quot;&amp;gt;&amp;lt;strong&amp;gt;&amp;lt;span style=&quot;color: rgb(255, 0, 0);&quot;&amp;gt;&amp;lt;span style=&quot;font-family: 宋体;&quot;&amp;gt;发展历程&amp;lt;/span&amp;gt;&amp;lt;/span&amp;gt;&amp;lt;/strong&amp;gt;&amp;lt;span lang=&quot;EN-US&quot;&amp;gt;&amp;lt;/span&amp;gt;&amp;lt;/p&amp;gt;&amp;lt;p class=&quot;MsoNormal&quot;&amp;gt;地下时期（1983-1986）&amp;lt;/p&amp;gt;&amp;lt;p&amp;gt;1980年，黄家驹及叶世荣经琴行老板的介绍下认识，发觉彼此都受英国摇滚乐的影响，音乐取向一致，于是合组乐队。不久，他们参加《吉他杂志》举办的吉他比赛，当时主音吉他手邓炜谦把乐队命名为Beyond，其后获得冠军。当时的Beyond还尚未成型，他们同时又和其他乐队一起合作，像家驹和家强和前太极乐队的邓建明，也组成了一个NASA乐队。1983年底第一代低音吉他手李荣潮离队，黄家驹的弟弟黄家强便加入填补位置。他们不断创作，共同的心愿是举办演唱会和拥有一张属于自己的专辑。&amp;lt;/p&amp;gt;&amp;lt;p&amp;gt;&amp;amp;nbsp;&amp;lt;/p&amp;gt;&amp;lt;p&amp;gt;1984年Beyond在得奖后，也是一边工作一边创作音乐，偶尔在一些酒吧等地做小演出。同年香港的一家唱片公司集合了一些地下乐团灌录了一张名为&amp;amp;lt;香港&amp;amp;gt;的唱片，Beyond的两首英文原创歌曲，是和当时一起进录音棚的都是地下音乐分子，其中还包括了达明一派的刘以达。当年Beyond创作的作品仍是以英文歌曲为主。&amp;lt;/p&amp;gt;&amp;lt;p&amp;gt;其后Beyond尝试多种音乐风格，包括艺术摇滚，庞克摇滚，重金属甚至视觉系，也开始尝试用粤语创作歌曲，打破当时香港地下乐队多以英语创作歌曲的情况，Beyond以前卫乐队的形象确立在香港地下乐坛的江湖地位。&amp;lt;/p&amp;gt;&amp;lt;p&amp;gt;&amp;amp;nbsp;&amp;lt;/p&amp;gt;&amp;lt;p&amp;gt;1985年，Beyond向目标迈进，自资举办《永远等待演唱会》，此时主音吉他手陈时安离队，乐队平面设计师黄贯中因而获邀加入，翌年再次自资推出盒带《再见理想》后，终获经理人陈健添垂青签约。&amp;lt;br&amp;gt;&amp;lt;br&amp;gt;&amp;lt;/p&amp;gt;&amp;lt;p&amp;gt;五人时期（1986-1988）&amp;lt;/p&amp;gt;&amp;lt;p&amp;gt;虽然Beyond当时已经成立了好几年，但是直至1987年推出首张EP《永远等待》及大碟《亚拉伯跳舞女郎》后，开始踏入主流乐坛为人认识。但是那时Beyond的音乐风格和形象未能为大众接受，唱片销量并不理想。1988年推出《现代舞台》，虽然作品已较为贴近主流，反应仍然一般。这时，刘志远宣布要往外地读书而退出乐队，由于刘志远最后没有入学，其后更与梁翘柏另组乐队浮世绘，一直令乐迷猜疑该离队原因是否属实。直至2008年6月，他才坦承当年离队的真正原因，是与队中低音吉他手黄家强争吵，一时意气下决定离队。&amp;lt;/p&amp;gt;&amp;lt;p&amp;gt;&amp;amp;nbsp;&amp;lt;/p&amp;gt;&amp;lt;p&amp;gt;其后，Beyond签约当时成立不久的新艺宝唱片公司。但是经理人表明，如果下一张专辑销量仍然不理想，就会放弃他们。于是Beyond的歌曲更加“商业化”，各成员作出各种行为，例如把头发剪短，务求要一洗反叛青年的形象。接着的专辑《秘密警察》销量理想，专辑内《喜欢你》、《大地》均成为流行歌曲，Beyond开始取得电子传媒奖项。&amp;lt;/p&amp;gt;&amp;lt;p&amp;gt;&amp;amp;nbsp;&amp;lt;/p&amp;gt;&amp;lt;p&amp;gt;虽然歌曲渐为大众受落，但是这些并非Beyond最喜欢的音乐种类，加上部分地下时期追随的乐迷批评他们失去乐队原有的风格，被骂为“摇滚叛徒”。这段日子Beyond过得并不容易。&amp;lt;/p&amp;gt;&amp;lt;p&amp;gt;&amp;amp;nbsp;&amp;lt;/p&amp;gt;&amp;lt;p&amp;gt;香港辉煌时期（1988-1991）&amp;lt;/p&amp;gt;&amp;lt;p&amp;gt;不过，Beyond并没有理会外人的指责，黄家驹表示，他们知道自己正在做什么，要在商业化的香港市场玩自己真正喜欢的音乐，就必须先要打响乐队的知名度，当更多人去听Beyond的歌后，就会玩回自己喜欢的音乐。于是，乐队成员陆续接拍电视剧及电影，并更进一步自行塑造出青春健康的形象，吸引不少年青乐迷。&amp;lt;/p&amp;gt;&amp;lt;p&amp;gt;真正令Beyond推上高峰的，是1989年以歌颂母亲为题的作品《真的爱你》。由于歌曲大热，连带收录该歌曲的专辑《Beyond IV》获得双白金成绩，同年Beyond在伊利沙伯体育馆举行七场《真的见证演唱会》。1990年推出粤语专辑《命运派对》，更获得三白金佳绩。&amp;lt;/p&amp;gt;&amp;lt;p&amp;gt;香港市场上了轨道，Beyond便开始发展中国、台湾、新加坡、马来西亚等外地市场，于台湾推出首张国语大碟《大地》。1991年9月，Beyond踏足香港体育馆举办五场《生命接触演唱会》。此时日本经理人公司对Beyond感兴趣，希望与他们签约，把Beyond带往日本发展。&amp;lt;/p&amp;gt;&amp;lt;p&amp;gt;&amp;amp;nbsp;&amp;lt;/p&amp;gt;&amp;lt;p&amp;gt;开拓日本市场（1991-1993）&amp;lt;/p&amp;gt;&amp;lt;p&amp;gt;1992年初，Beyond转投华纳唱片，并签约Amuse积极开拓日本市场长居日本。因文化差异加上言语不通，四子异口同声表示日本的生活非常孤独，但当地的音乐令他们大开眼界，学到不少录音及演奏的技巧。从年中推出粤语专辑《继续革命》中，可见Beyond创作曲风已和新艺宝时代有明显分别。&amp;lt;/p&amp;gt;&amp;lt;p&amp;gt;&amp;amp;nbsp;&amp;lt;/p&amp;gt;&amp;lt;p&amp;gt;1993年5月，Beyond推出粤语专辑《乐与怒》，成员在香港逗留短短约一个月作宣传便回日本。想不到在1993年6月24日凌晨，乐队于日本东京富士电视台录影游戏节目《想做什么，就做什么》发生意外，主音黄家驹从2.7米高舞台坠下，头部着地重伤昏迷，留医六天后于6月30日当地时间下午4时15分逝世，终年31岁，收录于《乐与怒》专辑的歌曲《海阔天空》，成了Beyond最后一首由黄家驹主唱的派台作品，是黄家驹客死异乡以后的绝响；而其他黄家驹遗作有《情人》、《为了你，为了我》和《早班火车》。&amp;lt;/p&amp;gt;&amp;lt;p&amp;gt;&amp;amp;nbsp;&amp;lt;/p&amp;gt;&amp;lt;p&amp;gt;这次意外，不但令Beyond失去领导者，对Beyond来说更是一个重大的打击。Beyond其他成员休息四个月，在同年11月商业电台的《创作人音乐会》演唱，表示继承黄家驹的遗志，继续出版专辑。Beyond于日本两年期间，推出两张日语大碟《超越》和《This Is Love 1》及三张日语细碟《The Wall～长城～》、《リソ ラバ ～International～》、《くちびるを夺いたい c/w 遥かなる梦に～Far away～》。&amp;lt;/p&amp;gt;&amp;lt;p&amp;gt;&amp;amp;nbsp;&amp;lt;/p&amp;gt;&amp;lt;p&amp;gt;三人时期及个人发展（1993-2003）&amp;lt;/p&amp;gt;&amp;lt;p&amp;gt;1994年初，三人阵容的Beyond签约香港滚石唱片后，开始灌录第十张粤语专辑《二楼后座》。 Beyond其后另外推出了两张日语大碟《Second Floor》、《遥かなる梦 Beyond 1992-1995》及两张日语细碟《Paradise》、《アリガトウ》，与Amuse的合约结束后，Beyond没有推出日语专辑，集中火力在香港及台湾市场。签约香港滚石后，推出国语专辑《Paradise》同时在香港发行。Beyond汲取了与前经理人发生合约纠纷的教训，成立了Beyond Publishing Co Ltd，取回歌曲版权，唱片公司负责发行。&amp;lt;/p&amp;gt;&amp;lt;p&amp;gt;&amp;amp;nbsp;&amp;lt;/p&amp;gt;&amp;lt;p&amp;gt;1995年6月Beyond推出第十一张粤语专辑《Sound》，10月推出第五张国语专辑《爱与生活》，之后开始走向电子音乐。&amp;lt;br&amp;gt;&amp;lt;br&amp;gt;&amp;lt;/p&amp;gt;&amp;lt;p&amp;gt;1996年3月，Beyond在香港体育馆举行黄家驹去世后的首个大型演唱会《Beyond的精彩演唱会》。这四场演唱会展示Beyond依然强大的实力和乐队顽强不屈的生命力。在最后一场演唱会上，黄家强含泪清唱《祝您愉快》给远方的哥哥及《海阔天空》，感动台下所有歌迷，成为香港演唱会史上最感人的场面之一。 其后数年，Beyond推出三张粤语专辑《请将手放开》、《惊喜》、《不见不散》及国语专辑《这里那里》，纯熟的编曲技巧，令Beyond定位为实力派乐队。1999年11月，Beyond推出第十五张粤语专辑《Good Time》及举行《Good Time演唱会》后，乐队暂停活动，各成员个人发展。&amp;lt;/p&amp;gt;&amp;lt;p&amp;gt;&amp;amp;nbsp;&amp;lt;/p&amp;gt;&amp;lt;p&amp;gt;很多不了解Beyond三人时期有很大的误解。有人[谁？]误以为三人时期的Beyond大部分的歌是黄家驹的遗作[来源请求]，事实上，三人时期的作品中，只有《抗战二十年》是黄家驹的作品。而三人时期的Beyond作品风格亦有所改变，比四人时期的Beyond更大胆，更创新。&amp;lt;/p&amp;gt;&amp;lt;p&amp;gt;在这段期间，三人各有不同的发展。吉他手黄贯中与几位好友组成了自己的乐队汗，且推出四张专辑，两张EP和一张国语专辑。另外亦是三位成员中唯一在香港体育馆举行个人大型演唱会。至于贝斯手黄家强至目前为止推出三张个人专辑和一张现场录音专辑，并于2004年成立个人音乐品牌Picasso Horses。除了歌唱事业外，黄家强近年从事幕后制作和经理人的工作，协助旗下乐队Kolor制作首张专辑。鼓手叶世荣方面，他分别在2001年和2003年推出个人EP，2005年才推出首张个人专辑。和另外两位成员不同的是叶世荣比较少在香港进行发展，目标放在中国大陆的市场。叶世荣偶然亦会客串电视剧及电影。&amp;lt;/p&amp;gt;&amp;lt;p&amp;gt;&amp;amp;nbsp;&amp;lt;/p&amp;gt;&amp;lt;p&amp;gt;半复合（2003-现在）&amp;lt;/p&amp;gt;&amp;lt;p&amp;gt;2003年4月，Beyond为庆祝乐队成立20周年，再次聚首举行五场《Beyond超越Beyond演唱会》。虽然演唱会举行期间正值沙士肆虐，演唱会仍然顺利举行，还得到不错的口碑，同年六月再加开三场。三子并把黄家驹一首遗作重新编曲出版，成为纪念周年作《抗战二十年》，推出纪念EP《Together》。乐队举办了首次世界巡回演唱会，并先后在中国大陆、美加和东南亚等地区演出。巡回结束后Beyond再次活跃于乐坛之中，另外并参加了不少音乐会的演出。&amp;lt;/p&amp;gt;&amp;lt;p&amp;gt;&amp;amp;nbsp;&amp;lt;/p&amp;gt;&amp;lt;p&amp;gt;2004年乐队凭电影《无间道II》主题曲《长空》，获香港电影金像奖“最佳电影原创歌曲”奖，这歌亦成为Beyond解散前最后一首原创音乐。11月宣布三人因音乐理念，对香港乐坛不满等问题，决定翌年举办巡回演唱会后正式解散。然而当时有些传媒却指出乐队解散的真正原因是因为黄家强和黄贯中两人之间的恶劣关系。&amp;lt;/p&amp;gt;&amp;lt;p&amp;gt;2005年乐队举行《Beyond the Story Live》告别巡回演唱会，最后一站为新加坡。乐队解散后，三人继续以“音乐人”姿态发展自己的音乐事业。&amp;lt;/p&amp;gt;&amp;lt;p&amp;gt;&amp;amp;nbsp;&amp;lt;/p&amp;gt;&amp;lt;p&amp;gt;2008年6月10日，Beyond于《别了家驹十五载 - 海阔天空音乐会》上再度同台演出。而盛传不和的两位成员黄家强与黄贯中亦在台上拥抱。及后黄贯中于一个活动透露，Beyond是否复合不是自己能决定，亦要顾及另外两位队员及其公司意向。黄贯中亦表示自己对于Beyond复合没有太大的问题。&amp;lt;/p&amp;gt;&amp;lt;p&amp;gt;2009年7月24日至26日，黄家强与黄贯中于香港体育馆开演唱会，这个演唱会被视为Beyond复合的一个好机会。至于另一名战友叶世荣则因为档期不合而没有加入。三场演唱会气氛高涨，顺利完成。&amp;lt;/p&amp;gt;&amp;lt;p&amp;gt;&amp;amp;nbsp;&amp;lt;/p&amp;gt;&amp;lt;p&amp;gt;&amp;lt;strong&amp;gt;&amp;lt;span style=&quot;color: rgb(255, 0, 0);&quot;&amp;gt;影响&amp;lt;/span&amp;gt;&amp;lt;/strong&amp;gt;&amp;lt;/p&amp;gt;&amp;lt;p&amp;gt;Beyond在1980年代至1990年代初期以实力派创作乐队形象活跃于香港，日本等地，在当时的偶像组合团体横行年代，一直被社会认为是反叛与非主流的一个团体，乐队成员因为被电视公司，唱片公司所要求，被迫改变形象，甚至改变其音乐风格，在充满不自由的音乐创作，表演环境中，Beyond曾远走台湾及日本发展。及至1989年，Beyond 发表了以母爱为题材的【真的爱你】，方成功“入屋”，被广大观众接受，收录【真的爱你】一曲的大碟【Beyond IV】内曲风走向商业，与前一大碟【秘密警察】截然不同，Beyond四子更以短发及西装等重新包装形象，一洗过往反叛形象，更接拍电视台剧集(如【淘气双子星】)及电视综艺节目。在【真的爱你】一曲大举成功后，Beyond 重拾其摇滚曲风，推出【真的见证】、【命运派对】、【犹豫】、【继续革命】及【乐与怒】大碟，是为乐队在香港主流乐坛最受欢迎的时期。可惜在 Beyond 的摇滚风格被广泛接纳时，乐队创作灵魂兼主唱黄家驹于1993年在日本意外离世，这不得不说是香港流行音乐的一个悲哀。&amp;lt;br&amp;gt;&amp;lt;br&amp;gt;&amp;lt;/p&amp;gt;','1D9C6FD4-AEA8-4B2A-AD74-443CD8C66186',18,0,'2014-11-15 10:15:36','2014-11-15 10:15:30'),(10,' ','Jason Mraz','杰森·玛耶兹',1,1010004,'2014-11-04','&amp;lt;p&amp;gt;杰森&#183;玛耶兹(Jason Mraz)，绰号男巫，美国创作歌手，以强大的现场演唱功力闻名乐坛。第52届格莱美奖最佳流行男歌手得主。目前杰森已推出三张录音室专辑，其中三专《We Sing. We Dance. We Steal Things》中的单曲&quot;I&#39;m Yours&quot;最为著名，成为美国Billboard单曲榜史上在榜最长时间的歌曲(76周)，全球大卖810万张，为2009年全球单曲榜第三名，并获得第51届格莱美“年度歌曲”提名。2012年全新专辑《Love is a Four Letter Word》于4月17日发行，首单&quot;I Won&#39;t Give Up&quot;已于1月2日释出，广受好评，顺利登顶美国iTunes下载榜榜首。&amp;lt;br&amp;gt;&amp;lt;br&amp;gt;&amp;lt;/p&amp;gt;&amp;lt;div&amp;gt;杰森&#183;玛耶兹生于美国弗吉尼亚州列治文。毕业于位于维吉尼亚州梅卡尼克斯维尔（Mechanicsville）的Lee-Davis高中，之后在朗沃德大学学习了一小段时间。后来他到了位于纽约市的美国音乐戏剧学院（American Musical and Dramatic Academy）学习音乐剧。&amp;lt;br&amp;gt;&amp;amp;nbsp;&amp;lt;/div&amp;gt;&amp;lt;div&amp;gt;在纽约念大学期间，他以吉他创作歌曲，毕业之后更跑到圣迭戈当起街头艺人。在这段时期，杰森&#183;玛耶兹和自称是灵媒的流浪汉成为心灵伙伴，他也开始四处流浪探索人生。在这过程当中，杰森遇到他的贵人：知名音乐人鼓手Toca Rivera。两人一同演出的现场表演纪录，当时在美国网络间广为流传。&amp;lt;/div&amp;gt;&amp;lt;div&amp;gt;&amp;amp;nbsp;&amp;lt;/div&amp;gt;&amp;lt;div&amp;gt;2002年，杰森&#183;玛耶兹顺利获得唱片合约，推出在大厂牌的首张专辑《Waiting For My Rocket To Come》，专辑一推出随即获得全美热门潜力榜亚军，并获得了白金销售认证，当中的《The Remedy (I Won&#39;t Worry) 》、《You and I Both》也都成为传唱度极高的单曲。2005年发行第二张原创大碟《Mr. A-Z》，立即空降美国告示牌（Billboard）首五名位置，而杰森&#183;玛耶兹擅长把玩文字的创意，也在这张专辑里充分的发挥。&amp;lt;br&amp;gt;&amp;amp;nbsp;&amp;lt;/div&amp;gt;&amp;lt;div&amp;gt;在发行两张专辑、参加无数现场表演以及一连串的宣传行程之后，杰森利用一年的时间，让自己回归到一般生活里。在回归简单生活的几个月之后，让他脑中充满源源不绝的创作灵感，集结成他的第三张专辑《We Sing, We Dance, We Steal Things》，这位被歌迷喻为“悠活才子”的歌手在第三张原创专辑中展现自我。&amp;lt;/div&amp;gt;&amp;lt;div&amp;gt;&amp;amp;nbsp;&amp;lt;/div&amp;gt;&amp;lt;div&amp;gt;“男巫 ” 倒不是别人送给的绰号，而是Jason Mraz对自己的形容。没有多少人会对这个形容表示怀疑，毕竟对于一个习惯于在夜酒吧里弹吉他吟唱些充满着迷离忧伤调的男孩，“男巫”这样的形容恐怕是恰到好处。而一旦浮出水面被主流的 Elektra 唱片公司收编后，Jason Mraz仿佛就不太愿意再用“男巫”来形容自己了，他更愿意将自己打造成一个充满着阳光味道的大男孩，宛如自己的音乐风格：混杂着民谣、拉丁与电子。&amp;lt;br&amp;gt;&amp;amp;nbsp;&amp;lt;/div&amp;gt;&amp;lt;div&amp;gt;而这个小伙子之所以在过去的一年里成为美国乐坛的焦点人物，除了一副嗓子加一手漂亮的吉他外，他还坚持原创 —— 美国人总是格外推崇那种会唱会弹又会创作的音乐人 ——即使有人说大概这还是美国式的个人英雄主义意识在作怪，但一个不争的事实是，美国乐坛已经越来越少这种全能的歌手了！不过对于更多JasonMraz的拥趸来讲，三张唱片《 Waiting For My Rocket To Come CD 》、《 Mr.A-Z 》和《We Sing.We Dance. We StealThings》的诱惑力，远不及他的现场演出来得过瘾：又蹦又跳，嗓音常有意想不到的即兴发挥，甚至还突然颓废一下，再加上那张酷似英国明星休&#183;格兰特的忧郁气质的脸，混杂在一起，还是恰如一个男巫，清新而活力的男巫。&amp;lt;/div&amp;gt;&amp;lt;div&amp;gt;&amp;amp;nbsp;&amp;lt;/div&amp;gt;&amp;lt;div&amp;gt;当所有乐评皆连番盛赞他的声音完美的像水晶般晶莹剔透，所有美国网路爱乐者都在悄悄讨论他和今年格莱美最佳男歌手John Mayer究竟孰优孰劣，并说他的Live表演简直是此乐只有天上有的独一无二精彩演出，你开始好奇的想好好认识这个现在美国乐坛少见的天才型流行/民谣创作歌手—Jason Mraz。来自维吉尼亚朴实小镇，长得眉清目秀乍看有些休葛兰影子的Jason现年33岁，音乐生涯的启蒙者是也来自维吉尼亚的两大美式传统摇滚大角The Agents of Good Root和大卫马修乐团(Dave MatthewsBand)，但Jason真正接触音乐却是从中学时搬到纽约上美国音乐影艺学院开始。18岁时Jason却发现自己即刻真正想要的是音乐创作，毅然辍学并拾起吉他开始他在曼哈顿的音乐浪人之旅。在落脚加州圣地牙哥并在当地的酒馆常态表演后，Jason遇到影响他最深远的鼓手TocaRivera，他多样化的部落打击鼓乐让Jason音乐充满惊奇和富变化性，他俩的精彩现场演出也在整个西岸和网路间流传，也因而为Jason赢得一纸Elektra唱片合约。&amp;lt;/div&amp;gt;&amp;lt;div&amp;gt;&amp;amp;nbsp;&amp;lt;/div&amp;gt;&amp;lt;div&amp;gt;这位杰出的创作型歌手这次给我带来了这张每一首歌曲都是成功典范的专辑，专辑的名字巧妙地取为Mr.A-Z，就成了一张同名专辑。专辑的开场是一首清淡的Life Is Wonderful，旋律相当的catchy，那段拉拉拉的高潮朴实而又深刻。新专辑的第一首单曲Wordplay是Remedy的翻版，有说有唱的表演方式独具Jason Mraz的特色，像这样的说说唱唱在Geek in the Pink中同样可以听到，专辑中还有相当数量的慢歌，MrCuriosity中JasonMraz一改先前那种嘻皮姿态，而以深情款款出现。Clockwatching的前奏是我最喜欢的，清新自然，再加上几分诙谐的暂停，中板的节奏带出一种轻松的气氛。接着Jason Mraz又带来了他的浪漫主义，异域味道的Bella Luna在吉他的伴奏下，在Jason Mraz不那么张扬的嗓音下，浮现出一幅翩翩起舞的场景。公认的专辑中最出色的作品之一的Plane，曲到高处，Jason的演唱经过渐进式的上升，到达歌曲在高潮时的顶峰，不紧不慢的演唱，足以证明Jason Mraz是世界上最佳的演唱者之一。长达8分钟的Song For a Friend也是我在专辑的最为喜欢的几首歌曲之一，这首歌曲在最后给人一种结束的感觉的同时，一下子加重的音乐，原来那时真正的高潮才刚刚来到。Jason Mraz的音乐原始，没有浮夸的痕迹，他总能用娓娓道来的方式演唱歌曲，在似乎平淡的歌声中隐藏着激情的燃烧。鲜明的个性也是这位被认为是有些attitude的John Mayer的特色，他同样参与了去年美国总统大选时倒布派的阵营。&amp;lt;/div&amp;gt;&amp;lt;br&amp;gt;Singer/songwriter Jason Mraz hails from Mechanicsville, VA, where he grew up a fan of the Dave Matthews Band and local roots musicians the Agents of Good Roots. But it was Mraz&#39;s interest and participation in musical theater that was his first introduction to music. Mraz moved to New York following high school to attend the American Musical and Dramatic Academy but dropped out a year later when he took up the guitar and began to focus on songwriting. Nonetheless, Mraz&#39;s training as a vocalist would show itself on his debut album which is marked by the pure clarity and range of his vocals.&amp;lt;br&amp;gt;&amp;lt;br&amp;gt; After busking around New York, Mraz eventually returned to Virginia; but, in 1999, he ultimately made his way West, settling in San Diego, CA, known for its coffeehouse scene and support of singer/songwriters, most notably Jewel. Mraz began playing local shops and landed a weekly slot at local hot spot Java Joe&#39;s. At the same time, Mraz met drummer Noel &quot;Toca&quot; Rivera and the two began performing together — Mraz on acoustic guitar, Rivera on djembe — honing a live show that featured as much comedic banter between the two as music. &amp;lt;br&amp;gt;&amp;lt;br&amp;gt; Over the next two years, Mraz&#39;s following grew outside of San Diego to encompass Los Angeles, garnering the attention of record labels. In early 2002, Mraz signed to Elektra Records and returned to Virginia to write and record his debut album, working with producer John Alag&#237;a (the Dave Matthews Band, John Mayer), and his high school heroes, the Agents of Good Roots, who became his backing band. The resulting effort, Waiting for My Rocket to Come, was released in November of 2002. It blended Mraz&#39;s early influences and coming of age sensibilities with country, roots rock, the poeticism of coffeehouse folk, elements of jazz, and hip-hop&#39;s rhythmic charge. The buoyant first single &quot;Remedy [I Won&#39;t Worry]&quot; (co-written by Mraz with pop hitmakers the Matrix) was a hit, and Mraz headed out on the road to support it. One of those shows, an October 2003 date at the Eagles Ballroom in Milwaukee, became Mraz&#39; summer 2004 live release Tonight, Not Again; this tided his fans over until July 2005, when he returned with the sophomore studio effort Mr. A-Z. In 2008, Mraz released his third studio album, We Sing, We Dance, We Steal Things. &amp;lt;br&amp;gt;','1EADCC0D-27F0-4EB7-AF36-4C241B7FFA9D',18,0,'2014-11-15 10:18:00','2014-11-15 10:17:57'),(11,' ','Bruno Mars','Peter Hernandez',1,1010004,'2014-11-03','&amp;lt;div&amp;gt;&amp;lt;span style=&quot;color: rgb(255, 0, 0); line-height: normal; font-family: arial, 宋体, sans-serif; font-size: medium;&quot;&amp;gt;&amp;lt;strong&amp;gt;&amp;lt;span style=&quot;font-size: 18px;&quot;&amp;gt;简介&amp;lt;/span&amp;gt;&amp;lt;/strong&amp;gt;&amp;lt;/span&amp;gt;&amp;lt;br&amp;gt;&amp;lt;br&amp;gt;&amp;lt;div&amp;gt;&amp;lt;font face=&quot;arial, 宋体, sans-serif&quot;&amp;gt;彼得&#183;基恩&#183;埃尔南德斯（Peter Gene Hernandez，1985年10月8日－），以其艺名布鲁诺&#183;马尔斯（Bruno Mars）出名，是美国的创作型歌手、音乐制作人。成长于夏威夷火奴鲁鲁的音乐人世家中，马尔斯自幼就开始创作音乐。其童年时期在当地的多家音乐场所表演后，他立志以音乐为业，并在高中毕业后搬到洛杉矶。 在摩城唱片公司度过一段并不成功的职业生涯后，马尔斯在2009年同大西洋唱片签约。在为B.o.B的“Nothin&#39; on you”以及崔维&#183;麦考伊的“Billionaire”创作并献声后，他作为独唱艺人的才华得到重视。&amp;lt;/font&amp;gt;&amp;lt;/div&amp;gt;&amp;lt;div&amp;gt;&amp;lt;br&amp;gt;&amp;lt;div&amp;gt;&amp;lt;font face=&quot;arial, 宋体, sans-serif&quot;&amp;gt;Peter Hernandez出生于1985年10月8日，是一名美国歌手、词曲作者和音乐制作人。以他的艺名Bruno Mars为人们熟知。Bruno Mars嗓音独特，凭借与B.o.B合作的出道单曲《Nothing On You》挤下了连续5个星期排名第一的蕾哈娜，在美国Billboard顺利拿下冠军。其他还有与Travis McCoy合作的Billionaire拿下Billboard第30期的第4名。 Bruno Mars在美国夏威夷出生并长大，是父母的六个孩子中的一个。他出生在一个音乐家庭，这给了他将Regge，摇滚，嘻哈和R&amp;amp;amp;B等多种风格融合在一起的能力。在很小的时候，Bruno Mars就开始模仿和表演例如猫王、迈克尔等很具影响力的艺术家的歌曲。1990年他四岁的时候被MidWeek杂志精选为“小猫王”。2003年，17岁的他从President Theodore Roosevelt高中毕业，不久后搬到洛杉矶追求自己的音乐生涯。在成为一个成功的歌手之前，Bruno Mars是一名知名的音乐制作人，为 Flo Rida， Maroon 5和Brandy等写歌。在《Nothing On You》成功不久之后，他就宣布将要在2010年5月11日推出自己的细碟《It&#39;s Better If You Don&#39;t Understand》，首张专辑将在2010年晚些时候亮相。&amp;lt;/font&amp;gt;&amp;lt;/div&amp;gt;&amp;lt;div&amp;gt;&amp;lt;font face=&quot;arial, 宋体, sans-serif&quot;&amp;gt;&amp;lt;br&amp;gt;&amp;lt;/font&amp;gt;&amp;lt;/div&amp;gt;&amp;lt;div&amp;gt;&amp;lt;font face=&quot;arial, 宋体, sans-serif&quot;&amp;gt;Bruno Mars是美国的创作型歌手、音乐制作人，成长于夏威夷火奴鲁鲁的音乐人世家中，Mars自幼就开始创作音乐，童年时期在当地的多家音乐场所表演后，他立志以音乐为业，并在高中毕业后搬到洛杉矶，开始为其他艺人制作歌曲，并加入了制作团队The Smeezingtons。&amp;lt;/font&amp;gt;&amp;lt;/div&amp;gt;&amp;lt;div&amp;gt;&amp;lt;font face=&quot;arial, 宋体, sans-serif&quot;&amp;gt;&amp;lt;br&amp;gt;&amp;lt;/font&amp;gt;&amp;lt;/div&amp;gt;&amp;lt;div&amp;gt;&amp;lt;font face=&quot;arial, 宋体, sans-serif&quot;&amp;gt;在摩城唱片公司度过一段失败的职业生涯后，Mars在2009年同大西洋唱片签约。在为B.o.B的&quot;Nothin&#39; on you”以及Travie McCoy的&quot;Billionaire”创作并献声后，他作为独唱艺人的才华得到重视。他还共同创作了诸如Flo Rida和Ke$ha的&#39;Right Round”、K&#39;naan的&quot;Wavin&#39; Flag”、Cee-Lo Green的&quot;Fuck You!”等热门歌曲。2010年10月，他发布了自己的首张专辑《Doo-Wops &amp;amp;amp; Hooligans》。以冠军单曲&quot;Just the Way You Are”和&quot;Grenade”打底的这张专辑迅速登上排行榜冠军位置，并凭借着&quot;Just the Way You Are”在2011年第53届格莱美奖上获得最佳流行男歌手奖。&amp;lt;br&amp;gt;&amp;lt;br&amp;gt;2012年12月11日通过华纳音乐发布新专辑《Unorthodox Jukebox》。&amp;lt;br&amp;gt;&amp;lt;br&amp;gt;&amp;lt;/font&amp;gt;&amp;lt;/div&amp;gt;&amp;lt;/div&amp;gt;&amp;lt;div style=&quot;line-height: normal; font-family: arial, 宋体, sans-serif; font-size: medium;&quot;&amp;gt;&amp;amp;nbsp;&amp;lt;/div&amp;gt;&amp;lt;/div&amp;gt;Peter Hernandez (born October 8, 1986), better known by his stage name Bruno Mars, is an American singer-songwriter and music producer. He is well known for lending his vocals and co-writing the hooks for the songs &quot;Nothin&#39; on You&quot; by B.o.B, and &quot;Billionaire&quot; by Travis McCoy. He also co-wrote the international hit Right Round by Flo Rida.  Bruno Mars was born and raised in Hawaii by parents Pete and Bernadette “Bernie&quot; San Pedro Bayot Hernandez of Filipino and Puerto Rican descent. Hernandez was one of six children, (brother Eric and sisters Jaime, Tiara, Tahiti and Presley). He came from a musical family giving him a diverse mix of Reggae, Rock, Hip Hop, and R&amp;amp;amp;B. From a young age, he was impersonating and performing songs by influential artists such as Michael Jackson and Elvis Presley. In 1990, at the tender age of 4, Hernandez was featured in MidWeek magazine as &quot;Little Elvis&quot;. He attended President Theodore Roosevelt High School, graduating in 2003 at age 17, and shortly after moved to L.A. to pursue a musical career. Before becoming a successful solo artist, he was an acknowledged music producer penning songs for the likes of Flo Rida, Maroon 5, and Brandy. It was soon announced after the success of &quot;Nothin&#39; On You&quot; that Hernandez would be releasing his debut EP, titled It&#39;s Better If You Don&#39;t Understand on May 11, 2010. A debut studio album is hinted to be released later this year.&amp;lt;p&amp;gt;&amp;lt;br&amp;gt;&amp;lt;/p&amp;gt;','6E87A677-4E73-4F55-BF60-64CB6121F765',18,0,'2014-11-15 10:19:46','2014-11-15 10:19:42'),(13,' ','Bob Dylan','鲍勃·迪伦',1,1010004,'1941-05-24','&amp;lt;span style=&quot;font-size: 18px;&quot;&amp;gt;&amp;lt;span style=&quot;color: rgb(255, 0, 0);&quot;&amp;gt;&amp;lt;strong&amp;gt;小档案&amp;amp;nbsp;&amp;lt;/strong&amp;gt;&amp;lt;/span&amp;gt;&amp;lt;/span&amp;gt;&amp;lt;span style=&quot;color: rgb(255, 0, 0);&quot;&amp;gt;&amp;lt;span style=&quot;font-size: 14px;&quot;&amp;gt;&amp;lt;strong&amp;gt;&amp;amp;nbsp;&amp;lt;/strong&amp;gt;&amp;lt;/span&amp;gt;&amp;lt;/span&amp;gt;&amp;amp;nbsp;&amp;amp;nbsp;&amp;amp;nbsp;&amp;amp;nbsp;&amp;amp;nbsp;&amp;amp;nbsp;&amp;lt;br&amp;gt;&amp;lt;br&amp;gt; &amp;amp;nbsp;&amp;amp;nbsp;英文名：Bob Dylan 中文名：鲍勃&#183;迪伦 &amp;lt;br&amp;gt;&amp;amp;nbsp;&amp;amp;nbsp;原名：Robert Allan Zimmerman&amp;lt;br&amp;gt; &amp;amp;nbsp;&amp;amp;nbsp;中文：罗伯特&#183;艾伦&#183;齐默尔曼&amp;lt;br&amp;gt;&amp;amp;nbsp;&amp;amp;nbsp;学历：大学（中途辍学)&amp;lt;br&amp;gt; &amp;amp;nbsp;&amp;amp;nbsp;生日：1941-5-24&amp;lt;br&amp;gt; &amp;amp;nbsp;&amp;amp;nbsp;出生地：美国-明尼苏达州-Duluth城&amp;lt;br&amp;gt;&amp;amp;nbsp;&amp;amp;nbsp;生肖：蛇&amp;lt;br&amp;gt;&amp;amp;nbsp;&amp;amp;nbsp;星座：双子座&amp;lt;br&amp;gt;&amp;amp;nbsp;&amp;amp;nbsp;配偶： &amp;lt;br&amp;gt;&amp;amp;nbsp;&amp;amp;nbsp;Sara Dylan（1965.11.22结婚；1977.6.29离婚） 4个孩子 &amp;lt;br&amp;gt;&amp;amp;nbsp;&amp;amp;nbsp;Carolyn Dennis（1986.6.4结婚；1992.10.？离婚）1个孩子&amp;lt;br&amp;gt;&amp;amp;nbsp;&amp;amp;nbsp;初恋：Suze Rotolo（就是【Freewheelin&#39;】专辑封面上和Bob挽着胳膊的女孩）&amp;lt;br&amp;gt;&amp;amp;nbsp;&amp;amp;nbsp;最佳合作者：Joan Baez&amp;lt;br&amp;gt; &amp;amp;nbsp;&amp;amp;nbsp;一句话点评：鲍勃.迪伦是摇滚乐时代最有影响的歌手和歌曲创作者。&amp;lt;br&amp;gt;&amp;lt;br&amp;gt;&amp;lt;span style=&quot;font-size: 14px;&quot;&amp;gt;&amp;lt;span style=&quot;color: rgb(255, 0, 0);&quot;&amp;gt;&amp;lt;strong&amp;gt;&amp;lt;font size=&quot;4&quot;&amp;gt;大事记&amp;lt;/font&amp;gt;&amp;lt;br&amp;gt;&amp;lt;/strong&amp;gt;&amp;lt;/span&amp;gt;&amp;lt;/span&amp;gt;&amp;lt;br&amp;gt;1941年5月24日他生于明尼苏达州德卢斯（又译杜勒斯）城，原名Robert Allan Zimmerman，6 岁时全家移居到一个叫希宾（Hibbing）的靠近矿区的小镇上。他在希宾附近的高中上学时，他在一个摇滚乐队中进行了一段短暂的演出，然后到位于明尼阿波利斯的明尼苏达大学学习了1年。在那里，罗伯特&#183;齐默尔曼名为鲍勃&#183;迪伦，他开始成名是在民歌界的圣地纽约格林尼治村。他决心成为一位“著名的民歌手”，并不顾他少年时期的许多其他音乐的影响，朝着这一方面扬起风帆。 &amp;lt;br&amp;gt; 少年时期的鲍勃&#183;迪伦只不过是一个喜爱音乐的平凡男孩，对乡村乐感兴趣。以Arthur Rimband、Hank Williams, James Dean, Woody Guthrie 和 Robert Johnson为偶像。直到14岁时，他在戏院里看到了《Blackboard Jungle》中的摇滚狂热， 从此他发现了音乐的另一种功能——它的社会学效应。摇流乐的歌词使人振奋，反映着青少年的个性、野心与叛逆。自此以后，希宾小镇再也拴不住他的心了。 &amp;lt;br&amp;gt;1961年1月，鲍勃&#183;迪伦从明尼苏达州立大学辍学，开始专心致力于歌唱工作，并来到纽约Cate Wha 民谣音乐城（Folk City）和煤气灯（Gaslight）等著名的表演场所演出。&amp;lt;br&amp;gt; 由于他的民谣歌曲受到知识分子的喜爱与支持，CBS的制作人John Hammond 与他正式签定了合约，不久Albert Closeman担任了迪伦的经纪人。此刻的迪伦是民谣风暴的煽动者，CBS 公司旗下最受重视的新人，也是年轻一代民谣歌手中最具潜力、呼声最高的艺人。&amp;lt;br&amp;gt;&amp;lt;br&amp;gt;&amp;lt;span style=&quot;color: rgb(255, 0, 0);&quot;&amp;gt;&amp;lt;span style=&quot;font-size: 18px;&quot;&amp;gt;&amp;lt;strong&amp;gt;成熟&amp;lt;/strong&amp;gt;&amp;lt;/span&amp;gt;&amp;lt;/span&amp;gt;&amp;lt;br&amp;gt;&amp;lt;br&amp;gt;&amp;amp;nbsp;&amp;amp;nbsp;&amp;amp;nbsp;&amp;amp;nbsp;&amp;amp;nbsp; 1961年经验丰富的制作人约翰&#183;哈蒙德（John Hammond）使他与Columbia（哥伦比亚）公司签约，在他录制的最初几张唱片中，几乎没有表现出他对汉克&#183;威廉斯（Hank Williams）或查克&#183;贝里（Chuck Berry）的喜爱——尽管他偶尔也无意中像“埃弗利兄弟”（the Everly Brothers）那样即兴演唱。相反，迪伦的音乐在很大程度上属于民歌复兴的主流之音，而且优美动听，有时是那么光彩照人。&amp;lt;br&amp;gt; 鲍勃&#183;迪伦的处世作《Bon Dylan》于1962年发表。其中收录了Woody Guthrie 推崇的《Song To Wood》和谈纽约生活感触的《Talking New York》，整张专辑的风格,带有浓厚的Woody Guthrie式民谣气息。 另一方面他也采取客观的立场，来审视当时政治及社会事件，创作了不朽名曲《Blo-wing Changin》,一跃而成为超级巨星。Bob早期的一些作品是以传统旋律为基础的，后来逐渐吸取了乡村音乐的因素和黑人音乐并加以创新。Dylan 的抗议歌曲对当时青年人的心灵起了巨大的震撼作用，因而促使六十 年代美国青年的大觉醒。&amp;lt;br&amp;gt; 他很快被公认为是青年词作家中像菲尔&#183;帕克斯顿（Tom Paxton）一样最有才华的。&amp;lt;br&amp;gt; 他的歌曲成为参加民权和反战运动的白人学生的圣歌，有像《在风中飘荡》（Blowin’in the Wind）和《大雨将至》。（A Hard Rain’s Gonna Fall）这样的抗议歌曲，有像传统的《科里纳，科里纳》（Corrina Corrina）和以传统为基础的《来自北部乡村的女孩》（Girl from the Country）这样的爱情歌曲，还有像唱法多种多样的《我将会自由》（I Shall Be Free）这样的滑稽歌曲。&amp;lt;br&amp;gt; 其曲调相对来说比较简单（通常取自传统民歌题材），而他的演唱技能（无论在演唱方面还是在吉他与打击乐的演奏方面）在民歌音乐界中来说是纯朴自然的，但他的影响却引人注目。迪伦正在创造一种调式，他所描绘的音乐方式不需要很复杂。他的歌喉、吉他演奏和有时不很完美的口琴声帮助确定音调，使其音乐从中得以展开并在国内引起轰动。在古巴导弹危机和核裁军运动的世界中没有什么比听迪伦演唱《战争的主人》（Masters of War）和《大雨将至》更令人振奋。&amp;lt;br&amp;gt;&amp;lt;br&amp;gt;&amp;lt;span style=&quot;color: rgb(255, 0, 0);&quot;&amp;gt;&amp;lt;span style=&quot;font-size: 18px;&quot;&amp;gt;&amp;lt;strong&amp;gt;转变&amp;lt;/strong&amp;gt;&amp;lt;/span&amp;gt;&amp;lt;/span&amp;gt;&amp;lt;span style=&quot;font-size: 14px;&quot;&amp;gt;&amp;lt;br&amp;gt;&amp;lt;/span&amp;gt;&amp;lt;br&amp;gt; 正是在这一时期（1961-1964），迪伦成为民歌界和激进分子的英雄。但在更为广大的流行音乐界中，他的歌曲却被认为不过是“最适于别人来翻唱”，其中以“彼得，保罗和玛丽”所翻唱的歌曲最为著名。由于两个原因，把这一切都改变了。第一个原因是他反复扮演的激进分子领袖的角色开始使他恼怒，这种恼怒表现在他的歌曲中，以第4张唱片《鲍勃.迪伦的另一面》（Another Side of Bob Dylan，1964）最为明显。在尚不成熟的歌曲《我的不太有价值的新闻》（My Back Pages）中迪伦对“人生是黑白相间的谎言”进行了谴责，并对其早期坚定的誓言评论说“那时我是多么的老，现在我比那时年轻了”。第二个也是更重要的原因是1963年和1964年期间英国流行音乐的革命。据报道，当迪伦第一次听到“动物”（ANIMALS）乐队演唱他的传统歌曲《旭日之家》（House of the Rising Sun）时，他“跳出汽车的座椅，因为这望权是无礼的改编。这件事在他眼前战线了一个崭新的音乐世界，并使他认识到他同时表达对查克.贝里和Woody Guthrie的热爱是可能的。他的下一张唱片名为《席卷而归》（Bringing It Back Home），微妙地论及了英国艺人唤醒了他对美国摇滚乐的兴趣的赞美。该唱片的一面录的却是摇滚乐歌曲，每隔一首歌曲录一段”滚石“（The Rolling Stones）的即兴演唱。在唱片封套上他尖刻地写着：”我已放弃对尽善尽美的追求。“他的音乐欢快而无拘无束地跳跃，他演唱的由查克.贝里的《没完没了的恶作剧》（Too Much Monkey Business）直接派生的歌曲《隐秘的思乡病布鲁斯》（Subterranean Homesick Blues）轻而易举地获得成功。 &amp;lt;br&amp;gt; 他在六十年代后期的创作开始自我回归，具有宗教式的超脱感。 &amp;lt;br&amp;gt;1965年8 月，Dylan的专辑《High way 61Revisited》发表，获得好评， 此时他的身价已跃升到了流行音乐的顶点，并正式确立 了摇滚音乐家的地位。七十年代Dylan 的作品吸收了Jazz 和Blues的元素，歌词充满了哲理性，带动了七十年代的美国青年，也不 再是反抗的狂热者，而是逐渐安定下来，出现了哲理性的趋向。&amp;lt;br&amp;gt; 迪伦在方向上的转变使他失去了一些从前的追随者，但不管怎样，该唱片还有另一面，其上收录了《手鼓手》（Mr.Tambourine Man）和几乎是政治性的歌曲《好极了，妈妈》（It’s All Right，Ma）。但是他在1965-1966年间举办的以他与保罗&#183;巴特菲尔德（Paul Butterfield）布鲁斯乐队为首的在纽波特您民歌音乐节上的演出戏剧性地分裂了他的观众，而实际上迪伦正是由于违约才变成摇滚乐界崇拜的偶像。歌曲《像一块滚石》（Like a Rolling Stone，1965年名列排行榜第2）的成功足以弥补失去的纯粹民歌观众。这一时期的唱片《重访61号公路》（Highway 61 Rivisited）和双唱片《无数金发女郎》（Blonde on Blonde），代表着鲍勃.迪伦的录音生涯的顶峰。与他合作过的乐手阿尔.库珀（KOOPER，AL）、罗比.罗伯逊（Robbie Robertson）和纳什维尔的乐手如查利.麦科伊（Charlie McCoy）和肯尼.巴特里（Kenny Buttrey），是贯彻迪伦把多年吸收的各种风格融合在一起的想法的最佳人选。这些歌曲结构仍很简单，采用陈腐的反复乐句，但它们通常更长一些、更流畅一些。库珀那丰富的风琴乐音使《近似女王简》（Queen Jane Approximately）和《像一块滚石》等歌曲具有权威性效果，迪伦的抒情诗是至关重要的，虽然现在线条的连贯性已崩溃，但却有丰富的、无数的形象蜂拥而至。他们的景象是具有强大而特殊的梦想逻辑性的内心景象。有时[在歌曲《墓碑布鲁斯》（Tombstone Blues）、《荒凉的街道》（Desolation Row）中]它充满着有关联奇怪的历史人物，有时它们机具抒情性[表现在歌曲《约翰娜的景象》（Visions of Johanna）和12分钟《洛兰兹的忧伤眼睛的女人》（Sad Eyed Lady of the Lowlands）中]，使人看到一种把布鲁斯改变成乡村音乐的原型形象。迪伦滑稽而又面无表情的幽默感在《雨天的女人们》（Rainy Day Women）和《豹皮药盒帽》（Leopard Skin Pill Box Hat）中仍明显可见。 &amp;lt;br&amp;gt; 迪伦的个人生活方式在他所创作的歌曲的千变万化的无秩序中得到准确的反映。他似乎正驱使自己以惊人的步伐前进（在几个月的时间内发行了《重访61号公路》和《无数金发女郎》等共3张唱片）。“他将成为传奇人物”，皮特&#183;西格（Pete Seeger）说，“如果他最终没有精神失常的话”。即将发生内向爆炸的感觉在他1966年与“鹰” [The Hawks，后来变成“乐队”（The Band）]巡回演出时进行的精神发泄性演唱中特别强烈。 &amp;lt;br&amp;gt;1966年8月迪伦的事业突然被一次摩托车祸中断，他有两年没有与公众见面，不过他的风采却无处不在，从每个主要商店的广告画到新闻界对他急切返回歌坛的不断传闻，非法销售的音乐会（如1965年在伦敦举国的著名的艾伯特大厅演出）唱片也很流行。他的沉默相反却促使他的艺术绝技有所发展，具有不同程度的轻信和明智的迪伦学家活跃起来。在1967年间迪伦与“乐队”（他1965-1966年与该乐队一起进行巡回演出）在伍德斯托克居住了一段时间，他的音乐在这种隐蔽的环境中继续发展。这一时期录制的唱片（这些唱片不久在非法交易中可以买到）被歪曲为可探查迪伦要成为新的摇滚乐歌王的想法。有些歌曲是令人狂笑的滑稽的酒后胡言，《让亨利夫人狂欢》（Please Mrs Henry）、《百万美元狂欢会》（Million Dollar Bash），但是那些较忧郁的歌曲决定了整体情绪是悔罪的、充满不详的预兆感。在歌曲《狂怒之泪》（Tears of Rage）和《太多微不足道的事》（Too Much of Nothing）中他似乎对他的过去感到罪责难逃，并对他所扮演的——公认的=不知不觉地——那些角色感到懊悔。在歌曲《我将得到解脱》（I Shall Be Released）和《着火的轮子》（Wheel’s on Fire）中似乎模模糊糊地、下意识地意识到一次迫近的、可能是迪伦演唱的所以歌曲中最有个性、最动人的。丝毫没有表现他以往出版的大多数作品中的乏味、毫无信心、也毫无骄傲之感。他以哀怨而又不加雕饰的声调演唱这些歌曲，偶尔还加入理查德.曼纽尔（Richard Manuel）的和声。迪伦与“乐队”在1967年演唱的所有歌曲被冠以《地下室磁带》（The Basement Tapes）之名非法销售，它是迪伦最有美感、最直截了当的唱片。如果说唱片《佩珀军士孤独心灵俱乐部乐队》（Sgt. Pepper）和《无数金发女郎》是对60年代新反主流文化的乐观主义之最好的庆祝，那么唱片《地下室磁带》则是对这种乐观主义的另一面的关键表达。在这一方面，它必定会被列为70年代非乌托邦式的探索流行语言的一系列主要唱片中的先驱。最后，这些唱片在录制完8年之后的1975年，在Columbia公司正式发行。 &amp;lt;br&amp;gt; 迪伦以1968年发行的唱片《约翰.韦斯利.哈丁》（John Wesley Harding）表明他对一般公众的新的态度。与复杂性（音乐的和抒情诗的）流行趋势形成鲜明对照，这些歌曲是直截了当的和简洁的，并且继续探索犯罪和自疑的主题。但是最后的两首歌《顺着小河湾走》（Down Along the Cove）和《今晚我将是你的宝贝》（I’ll Be Your Baby Tonight）趋向后来接着录制的两张乡村音乐唱片的那种柔美的音调，这两张唱片是《纳什维尔天空轮廓》（Mashville Skyline，1969）和《自画像》（Self Portrait，1970）。这些唱片给迪伦招致自1965年转向摇滚乐以来第一次真正的抨击。他被谴责倒退到乡村音乐的平淡和伤感之中，而收入其他民歌的双张唱片《自画像》则被说成不过是放纵自己。事实上，这也是早期音乐对迪伦存在影响的另一个例子：他与约翰尼.卡什（Johnny Cash）的友谊可以追溯到60年代初期，约翰尼.卡什曾与他在唱片《纳什维尔天空轮廓》中合唱了一首《来自北部乡村的女孩》。这些唱片标志着摇滚乐与乡村音乐之间具有重要意义的重新融合的开始，因为许多人，从“飞鸟”（The Byrds）乐队到琼&#183;贝兹（Joan Baez）都跟随他在纳什维尔录制唱片。然而这些唱片是迪伦最后的一些具有先驱作用的唱片。在70年代，他对摇滚乐的发展小有作用，他的一些唱片冗长而且优劣不均。在唱片《新的早晨》（New Morning，1970）和《行星浪潮》（Planet Waves，1973）中他的发音常常是自然的、甚至是陈腐的，通常代表着远远摆脱早年那刺耳尖利的爱情歌曲传统的爱好家庭生活的角色。《帕特.加勒特与比利小子》（Pat Garrett and Billy the Kid，1973）是一张电影插曲唱片，其中包括一首经典歌曲《敲天堂之门》（Knocking on Heaven’s Door）。与70年代以往的唱片形成对照，唱片《路上的血迹》（Blood on the Tracks，1975）中包括令人痛苦的《愚蠢的风》（Idiot Wind），含义模糊的《莉莉，罗斯玛丽和杰克之心》（Lily，Rosemary，and the Jack of Hearts）和矫揉造作的《简单的命运扭曲》（A Simple Twist of Fate）等歌曲，由此可见迪伦正有意进行探索，在有关鲁本.卡特尔（Reuben Garter）被非法监禁的故事的歌曲《飓风》（Hurricane，1975）中也明显有类似的感觉。&amp;lt;br&amp;gt;&amp;lt;br&amp;gt;&amp;lt;span style=&quot;font-size: 18px;&quot;&amp;gt;&amp;lt;span style=&quot;color: rgb(255, 0, 0);&quot;&amp;gt;&amp;lt;strong&amp;gt;步入70年代&amp;lt;/strong&amp;gt;&amp;lt;/span&amp;gt;&amp;lt;/span&amp;gt;&amp;lt;br&amp;gt;&amp;lt;br&amp;gt; 迪伦仍受到他在前10年中所受到的注意。1971年他出版了一本片面的、超现实主义的小说《塔兰图拉》。他在萨姆.佩金帕的影片《帕特&#183;加勒特》中扮演一个简短而突出的角色。他那为数不多的几次公开演出（为孟加拉国举办的音乐会、伍迪.格思里纪念活动）于是着对他1974年与“乐队”进行的美国巡回演出的响亮的回答。演出门票售出600万张，还录制了实况唱片《在洪水到来之前》（Before the Flood），从这张唱片可以看到迪伦和“乐队”都有效地回到他们早年最好时代。当迪伦与Columbia公司的合同期满时，他转到Asylum公司的英国公司Island。这张唱片和另一张唱片《行星浪潮》都是在Asylum公司录制出版的。与Columbia的关系一直是风波叠起的，特别在中止合同的两年和傲慢的克莱夫.戴维斯（Clive Davis）出任最高行政官以后。他试图把合作的音乐业务形象拟人化，而Asylum唱片公司的戴维.格芬则在艺人们的帮助下取得长足的进展。在这以后Columbia公司出版了有感染力的唱片《迪伦》（1974），这是一张只要迪伦歌迷才感兴趣的愤世嫉俗的选编唱片。结果，唱片《行星浪潮》与这张唱片相对较大的销售量在1974年致使迪伦与Columbia公司签订了又一个5年的合约。 &amp;lt;br&amp;gt;70年代中期，迪伦在“滚雷”巡回演出（与琼.贝兹及其他人一起）中表现自己是同行中的音乐家。然而他被谣言和像A.J.韦伯曼（A.J.Weberman）这样的迪伦学家们的严密监视所纠缠，A.J.韦伯曼总是乐于接受对迪伦的私生活和亲以色列的同情感“揭露”的职责。他与妻子萨拉的关系并不是没有问题的，他们的关系正在恶化，即将利益的痛苦与绝望充满于唱片《路上的血迹》（1974）和《心愿》（Desire，1975）之中，后一张唱片中包含了几首与雅克.莱维（Jacques Levy）合作创作的歌曲。1977年迪伦与萨拉正式离婚。迪伦又投入到另一次“滚雷”乐队巡回演出中，并从中产生了一段长达4个小时的影片《雷纳多和克拉拉》（Renaldo and Clara），该影片中插入了一段由迪伦表演的半自传性的音乐会。1978年，即该影片上演的那一年，又发行了唱片《街头示威》（Street Legal），从这张唱片可以明显地听到迪伦正发生着宗教信仰的改变，那生动形象的描述和类似福音音乐的伴唱不久就使他着了迷。1979年迪伦声称自己是一个再生的基督教徒，宗教的主题是他后面4张唱片的核心，这4张唱片是《慢车开来》（Slow Train Coming，1979）、《得救》（Saved，1980）、《爱的爆发》（Shot of Love，1981）和《异教徒》（Infidels，1983）。1985年发行了《皇帝讽刺剧》（Empire Burlesque）和《烂醉如泥》（Knocked Out Loaded），后者是与剧作家萨姆.谢泼德和汤姆.佩蒂（PETTY，TOM）合作的。 &amp;lt;br&amp;gt;1986年，迪伦又回来进行巡回演出。这回是与汤姆.佩蒂和为他伴奏的“伤心人”乐队一起，音乐厅和体育场中仍然人山人海。由丹尼尔.拉努瓦（Daniel Lanois）制作的怪异恐怖的《噢，天啦》（Oh Mercy）也成为迪伦成功专辑之一，由名为“永不停止的巡演”（Never Ending Tour）的巡演和1992年的专辑《像我一样对你好》（Good As I Been to You）中可以看出，迪伦的那种独特的木吉他家沙哑嗓音的民谣形式风格已日渐衰败。为庆祝迪伦50岁生日，CBS公司发行了令人注目的3张一套专辑《私录卡带系列》（The Bootlegs Series），收录了他1961-1991年的非法出版的歌曲。&amp;lt;br&amp;gt;&amp;lt;br&amp;gt;&amp;lt;span style=&quot;color: rgb(255, 0, 0);&quot;&amp;gt;&amp;lt;span style=&quot;font-size: 18px;&quot;&amp;gt;&amp;lt;strong&amp;gt;成就&amp;lt;/strong&amp;gt;&amp;lt;/span&amp;gt;&amp;lt;/span&amp;gt;&amp;lt;br&amp;gt;&amp;lt;br&amp;gt; 迪伦的影响力主要体现在60年代，如果没有迪伦，无疑摇滚乐将走一段弯路，将不会有“披头士”（BGEATLES，THE）的《佩珀军士》（Sgt.Pepper），不会有“滚石”的《乞丐的宴会》（Beggar’s Banquet），也不会有“乐队”的《来自大平克的音乐》（Music form Big Pink），这就是他的影响程度。他对音乐的最主要的贡献，这点也影响了列农和麦卡特尼之后的很多歌手，那就是歌词的深刻寓意与音乐成为同等重要的一部分，从他一开始的抗议歌曲，就展示了他的歌词比他的音乐更浪漫、更激动人心。他对工业国家整个一代人的敏感性的形成起了很大的作用，他的音乐对理解和分析60年代是至关重要的。&amp;lt;br&amp;gt; 他对音乐的最主要的贡献，这点也影响了列农和麦卡特尼之后的很多歌手，那就是歌词的深刻寓意与音乐成为同等重要的一部分，从他一开始的抗议歌曲，就展示了他的歌词比他的音乐更浪漫、更激动人心。他对工业国家整个一代人的敏感性的形成起了很大的作用，他的音乐对理解和分析60年代是至关重要的。&amp;lt;br&amp;gt; 纵观其音乐生涯，Bob Dylan 真正赋予了摇滚乐以灵魂。&amp;lt;br&amp;gt;&amp;lt;br&amp;gt;Bob Dylan&#39;s influence on popular music is incalculable. As a songwriter, he pioneered several different schools of pop songwriting, from confessional singer/songwriter to winding, hallucinatory, stream-of-conscious narratives. As a vocalist, he broke down the notions that in order to perform, a singer had to have a conventionally good voice, thereby redefining the role of vocalist in popular music. As a musician, he sparked several genres of pop music, including electrified folk-rock and country-rock. And that just touches on the tip of his achievements. Dylan&#39;s force was evident during his height of popularity in the &#39;60s — the Beatles&#39; shift toward introspective songwriting in the mid-&#39;60s never would have happened without him — but his influence echoed throughout several subsequent generations. Many of his songs became popular standards, and his best albums were undisputed classics of the rock &amp;amp;amp; roll canon. Dylan&#39;s influence throughout folk music was equally powerful, and he marks a pivotal turning point in its 20th century evolution, signifying when the genre moved away from traditional songs and toward personal songwriting. Even when his sales declined in the &#39;80s and &#39;90s, Dylan&#39;s presence was calculable.&amp;lt;br&amp;gt;&amp;lt;br&amp;gt; For a figure of such substantial influence, Dylan came from humble beginnings. Born in Duluth, MN, Bob Dylan (b. Robert Allen Zimmerman, May 24, 1941) was raised in Hibbing, MN, from the age of six. As a child he learned how to play guitar and harmonica, forming a rock &amp;amp;amp; roll band called the Golden Chords when he was in high school. Following his graduation in 1959, he began studying art at the University of Minnesota in Minneapolis. While at college, he began performing folk songs at coffeehouses under the name Bob Dylan, taking his last name from the poet Dylan Thomas. Already inspired by Hank Williams and Woody Guthrie, Dylan began listening to blues while at college, and the genre weaved its way into his music. Dylan spent the summer of 1960 in Denver, where he met bluesman Jesse Fuller, the inspiration behind the songwriter&#39;s signature harmonica rack and guitar. By the time he returned to Minneapolis in the fall, he had grown substantially as a performer and was determined to become a professional musician.&amp;lt;br&amp;gt;&amp;lt;br&amp;gt; Dylan made his way to New York City in January of 1961, immediately making a substantial impression on the folk community of Greenwich Village. He began visiting his idol Guthrie in the hospital, where he was slowly dying from Huntington&#39;s chorea. Dylan also began performing in coffeehouses, and his rough charisma won him a significant following. In April, he opened for John Lee Hooker at Gerde&#39;s Folk City. Five months later, Dylan performed another concert at the venue, which was reviewed positively by Robert Shelton in the New York Times. Columbia A&amp;amp;amp;R man John Hammond sought out Dylan on the strength of the review, and signed the songwriter in the fall of 1961. Hammond produced Dylan&#39;s eponymous debut album (released in March 1962), a collection of folk and blues standards that boasted only two original songs. Over the course of 1962, Dylan began to write a large batch of original songs, many of which were political protest songs in the vein of his Greenwich contemporaries. These songs were showcased on his second album, The Freewheelin&#39; Bob Dylan. Before its release, Freewheelin&#39; went through several incarnations. Dylan had recorded a rock &amp;amp;amp; roll single, &quot;Mixed Up Confusion,&quot; at the end of 1962, but his manager, Albert Grossman, made sure the record was deleted because he wanted to present Dylan as an acoustic folky. Similarly, several tracks with a full backing band that were recorded for Freewheelin&#39; were scrapped before the album&#39;s release. Furthermore, several tracks recorded for the album — including &quot;Talking John Birch Society Blues&quot; — were eliminated from the album before its release.&amp;lt;br&amp;gt;&amp;lt;br&amp;gt; Comprised entirely of original songs, The Freewheelin&#39; Bob Dylan made a huge impact in the U.S. folk community, and many performers began covering songs from the album. Of these, the most significant were Peter, Paul &amp;amp;amp; Mary, who made &quot;Blowin&#39; in the Wind&quot; into a huge pop hit in the summer of 1963 and thereby made Bob Dylan into a recognizable household name. On the strength of Peter, Paul &amp;amp;amp; Mary&#39;s cover and his opening gigs for popular folky Joan Baez, Freewheelin&#39; became a hit in the fall of 1963, climbing to number 23 on the charts. By that point, Baez and Dylan had become romantically involved, and she was beginning to record his songs frequently. Dylan was writing just as fast.&amp;lt;br&amp;gt;&amp;lt;br&amp;gt; By the time The Times They Are A-Changin&#39; was released in early 1964, Dylan&#39;s songwriting had developed far beyond that of his New York peers. Heavily inspired by poets like Arthur Rimbaud and John Keats, his writing took on a more literate and evocative quality. Around the same time, he began to expand his musical boundaries, adding more blues and R&amp;amp;amp;B influences to his songs. Released in the summer of 1964, Another Side of Bob Dylan made these changes evident. However, Dylan was moving faster than his records could indicate. By the end of 1964, he had ended his romantic relationship with Baez and had begun dating a former model named Sara Lowndes, whom he subsequently married. Simultaneously, he gave the Byrds &quot;Mr. Tambourine Man&quot; to record for their debut album. The Byrds gave the song a ringing, electric arrangement, but by the time the single became a hit, Dylan was already exploring his own brand of folk-rock. Inspired by the British Invasion, particularly the Animals&#39; version of &quot;House of the Rising Sun,&quot; Dylan recorded a set of original songs backed by a loud rock &amp;amp;amp; roll band for his next album. While Bringing It All Back Home (March 1965) still had a side of acoustic material, it made clear that Dylan had turned his back on folk music. For the folk audience, the true breaking point arrived a few months after the album&#39;s release, when he played the Newport Folk Festival supported by the Paul Butterfield Blues Band. The audience greeted him with vicious derision, but he had already been accepted by the growing rock &amp;amp;amp; roll community. Dylan&#39;s spring tour of Britain was the basis for D.A. Pennebaker&#39;s documentary Don&#39;t Look Back, a film that captures the songwriter&#39;s edgy charisma and charm.&amp;lt;br&amp;gt;&amp;lt;br&amp;gt; Dylan made his breakthrough to the pop audience in the summer of 1965, when &quot;Like a Rolling Stone&quot; became a number two hit. Driven by a circular organ riff and a steady beat, the six-minute single broke the barrier of the three-minute pop single. Dylan became the subject of innumerable articles, and his lyrics became the subject of literary analyses across the U.S. and U.K. Well over 100 artists covered his songs between 1964 and 1966; the Byrds and the Turtles, in particular, had big hits with his compositions. Highway 61 Revisited, his first full-fledged rock &amp;amp;amp; roll album, became a Top Ten hit shortly after its summer 1965 release. &quot;Positively 4th Street&quot; and &quot;Rainy Day Women #12 &amp;amp;amp; 35&quot; became Top Ten hits in the fall of 1965 and spring of 1966, respectively. Following the May 1966 release of the double-album Blonde on Blonde, he had sold over ten million records around the world.&amp;lt;br&amp;gt;&amp;lt;br&amp;gt; During the fall of 1965, Dylan hired the Hawks, formerly Ronnie Hawkins&#39; backing group, as his touring band. The Hawks, who changed their name to the Band in 1968, would become Dylan&#39;s most famous backing band, primarily because of their intuitive chemistry and &quot;wild, thin mercury sound,&quot; but also because of their British tour in the spring of 1966. The tour was the first time Britain had heard the electric Dylan, and their reaction was disagreeable and violent. At the Manchester concert (long mistakenly identified as the show from London&#39;s Royal Albert Hall), an audience member called Dylan &quot;Judas,&quot; inspiring a positively vicious version of &quot;Like a Rolling Stone&quot; from Dylan and the band. The performance was immortalized on countless bootleg albums (an official release finally surfaced in 1998), and it indicates the intensity of Dylan in the middle of 1966. He had assumed control of Pennebaker&#39;s second Dylan documentary, Eat the Document, and was under deadline to complete his book Tarantula, as well as record a new record. Following the British tour, he returned to America.&amp;lt;br&amp;gt;&amp;lt;br&amp;gt; On July 29, 1966, he was injured in a motorcycle accident outside of his home in Woodstock, NY, suffering injuries to his neck vertebrae and a concussion. Details of the accident remain elusive — he was reportedly in critical condition for a week and had amnesia — and some biographers have questioned its severity, but the event was a pivotal turning point in his career. After the accident, Dylan became a recluse, disappearing into his home in Woodstock and raising his family with his wife, Sara. After a few months, he retreated with the Band to a rented house, subsequently dubbed Big Pink, in West Saugerties to record a number of demos. For several months, Dylan and the Band recorded an enormous amount of material, ranging from old folk, country, and blues songs to newly written originals. The songs indicated that Dylan&#39;s songwriting had undergone a metamorphosis, becoming streamlined and more direct. Similarly, his music had changed, owing less to traditional rock &amp;amp;amp; roll, and demonstrating heavy country, blues, and traditional folk influences. None of the Big Pink recordings were intended to be released, but tapes from the sessions were circulated by Dylan&#39;s music publisher with the intent of generating cover versions. Copies of these tapes, as well as other songs, were available on illegal bootleg albums by the end of the &#39;60s; it was the first time that bootleg copies of unreleased recordings became widely circulated. Portions of the tapes were officially released in 1975 as the double-album The Basement Tapes.&amp;lt;br&amp;gt;&amp;lt;br&amp;gt; While Dylan was in seclusion, rock &amp;amp;amp; roll had become heavier and artier in the wake of the psychedelic revolution. When Dylan returned with John Wesley Harding in December of 1967, its quiet, country ambience was a surprise to the general public, but it was a significant hit, peaking at number two in the U.S. and number one in the U.K. Furthermore, the record arguably became the first significant country-rock record to be released, setting the stage for efforts by the Byrds and the Flying Burrito Brothers later in 1969. Dylan followed his country inclinations on his next album, 1969&#39;s Nashville Skyline, which was recorded in Nashville with several of the country industry&#39;s top session men. While the album was a hit, spawning the Top Ten single &quot;Lay Lady Lay,&quot; it was criticized in some quarters for uneven material. The mixed reception was the beginning of a full-blown backlash that arrived with the double-album Self Portrait. Released early in June of 1970, the album was a hodgepodge of covers, live tracks, re-interpretations, and new songs greeted with negative reviews from all quarters of the press. Dylan followed the album quickly with New Morning, which was hailed as a comeback.&amp;lt;br&amp;gt;&amp;lt;br&amp;gt; Following the release of New Morning, Dylan began to wander restlessly. He moved back to Greenwich Village, he finally published Tarantula in November of 1970, and he performed at the Concert for Bangladesh in August 1971. During 1972, he began his acting career by playing Alias in Sam Peckinpah&#39;s Pat Garrett and Billy the Kid, which was released in 1973. He also wrote the soundtrack for the film, which featured &quot;Knockin&#39; on Heaven&#39;s Door,&quot; his biggest hit since &quot;Lay Lady Lay.&quot; The Pat Garrett soundtrack was the final record released under his Columbia contract before he moved to David Geffen&#39;s fledgling Asylum Records. As retaliation, Columbia assembled Dylan, a collection of Self Portrait outtakes, for release at the end of 1973. Dylan only recorded two albums — including 1974&#39;s Planet Waves, coincidentally his first number one album — before he moved back to Columbia. The Band supported Dylan on Planet Waves and its accompanying tour, which became the most successful tour in rock &amp;amp;amp; roll history; it was captured on 1974&#39;s double-live album Before the Flood.&amp;lt;br&amp;gt;&amp;lt;br&amp;gt; Dylan&#39;s 1974 tour was the beginning of a comeback culminated by 1975&#39;s Blood on the Tracks. Largely inspired by the disintegration of his marriage, Blood on the Tracks was hailed as a return to form by critics and it became his second number one album. After jamming with folkies in Greenwich Village, Dylan decided to launch a gigantic tour, loosely based on traveling medicine shows. Lining up an extensive list of supporting musicians — including Joan Baez, Joni Mitchell, Rambling Jack Elliott, Arlo Guthrie, Mick Ronson, Roger McGuinn, and poet Allen Ginsberg — Dylan dubbed the tour the Rolling Thunder Revue and set out on the road in the fall of 1975. For the next year, the Rolling Thunder Revue toured on and off, with Dylan filming many of the concerts for a future film. During the tour, Desire was released to considerable acclaim and success, spending five weeks on the top of the charts. Throughout the Rolling Thunder Revue, Dylan showcased &quot;Hurricane,&quot; a protest song he had written about boxer Rubin Carter, who had been unjustly imprisoned for murder. The live album Hard Rain was released at the end of the tour. Dylan released Renaldo and Clara, a four-hour film based on the Rolling Thunder tour, to poor reviews in early 1978.&amp;lt;br&amp;gt;&amp;lt;br&amp;gt; Early in 1978, Dylan set out on another extensive tour, this time backed by a band that resembled a Las Vegas lounge band. The group was featured on the 1978 album Street Legal and the 1979 live album At Budokan. At the conclusion of the tour in late 1978, Dylan announced that he was a born-again Christian, and he launched a series of Christian albums that following summer with Slow Train Coming. Though the reviews were mixed, the album was a success, peaking at number three and going platinum. His supporting tour for Slow Train Coming featured only his new religious material, much to the bafflement of his long-term fans. Two other religious albums — Saved (1980) and Shot of Love (1981) — followed, both to poor reviews. In 1982, Dylan traveled to Israel, sparking rumors that his conversion to Christianity was short-lived. He returned to secular recording with 1983&#39;s Infidels, which was greeted with favorable reviews.&amp;lt;br&amp;gt;&amp;lt;br&amp;gt; Dylan returned to performing in 1984, releasing the live album Real Live at the end of the year. Empire Burlesque followed in 1985, but its odd mix of dance tracks and rock &amp;amp;amp; roll won few fans. However, the five-album/triple-disc retrospective box set Biograph appeared that same year to great acclaim. In 1986, Dylan hit the road with Tom Petty &amp;amp;amp; the Heartbreakers for a successful and acclaimed tour, but his album that year, Knocked Out Loaded, was received poorly. The following year, he toured with the Grateful Dead as his backing band; two years later, the souvenir album Dylan &amp;amp;amp; the Dead appeared.&amp;lt;br&amp;gt;&amp;lt;br&amp;gt; In 1988, Dylan embarked on what became known as &quot;The Never-Ending Tour&quot; — a constant stream of shows that ran on and off into the late &#39;90s. That same year, he released Down in the Groove, an album largely comprised of covers. The Never-Ending Tour received far stronger reviews than Down in the Groove, but 1989&#39;s Oh Mercy was his most acclaimed album since 1974&#39;s Blood on the Tracks. However, his 1990 follow-up, Under the Red Sky, was received poorly, especially when compared to the enthusiastic reception for the 1991 box set The Bootleg Series, Vols. 1-3 (Rare &amp;amp;amp; Unreleased), a collection of previously unreleased outtakes and rarities.&amp;lt;br&amp;gt;&amp;lt;br&amp;gt; For the remainder of the &#39;90s, Dylan divided his time between live concerts and painting. In 1992, he returned to recording with Good As I Been to You, an acoustic collection of traditional folk songs. It was followed in 1993 by another folk album, World Gone Wrong, which won the Grammy for Best Traditional Folk Album. After the release of World Gone Wrong, Dylan released a greatest-hits album and a live record.&amp;lt;br&amp;gt;&amp;lt;br&amp;gt; Dylan released Time Out of Mind, his first album of original material in seven years, in the fall of 1997. Time Out of Mind received his strongest reviews in years and unexpectedly debuted in the Top Ten. Its success sparked a revival of interest in Dylan — he appeared on the cover of Newsweek and his concerts became sell-outs. Early in 1998, Time Out of Mind received three Grammy Awards — Album of the Year, Best Contemporary Folk Album and Best Male Rock Vocal. Another album of original material, Love and Theft, followed in 2001. Soon after its release, Dylan announced that he was making his own film, to star Jeff Bridges, Penelope Cruz, John Goodman, Val Kilmer, and many more. The accompanying soundtrack, Masked and Anonymous, was released in July 2003. ',NULL,18,0,'2014-12-14 22:32:53','2014-12-14 22:07:29');

/*Table structure for table `mordor_artisttag` */

DROP TABLE IF EXISTS `mordor_artisttag`;

CREATE TABLE `mordor_artisttag` (
  `ArtistTagID` int(11) NOT NULL AUTO_INCREMENT,
  `ArtistID` int(11) NOT NULL,
  `TagID` int(11) NOT NULL,
  `CreateTime` datetime NOT NULL COMMENT '创建时间',
  PRIMARY KEY (`ArtistTagID`),
  KEY `ArtistID` (`ArtistID`),
  KEY `TagID` (`TagID`)
) ENGINE=InnoDB AUTO_INCREMENT=82 DEFAULT CHARSET=utf8 AVG_ROW_LENGTH=50;

/*Data for the table `mordor_artisttag` */

insert  into `mordor_artisttag`(`ArtistTagID`,`ArtistID`,`TagID`,`CreateTime`) values (11,8,2,'2014-07-31 22:11:23'),(24,9,2,'2014-08-17 13:23:57'),(25,9,3,'2014-08-17 13:23:57'),(26,9,4,'2014-08-17 13:23:57'),(59,2,2,'2014-08-18 22:36:38'),(60,2,4,'2014-08-18 22:36:38'),(67,8,3,'2014-08-21 20:13:29'),(68,9,4,'2014-11-15 10:15:34'),(69,10,4,'2014-11-15 10:17:58'),(70,11,4,'2014-11-15 10:19:44'),(80,13,2,'2014-12-14 22:32:54'),(81,13,4,'2014-12-14 22:32:54');

/*Table structure for table `mordor_comment` */

DROP TABLE IF EXISTS `mordor_comment`;

CREATE TABLE `mordor_comment` (
  `CommentID` int(11) NOT NULL AUTO_INCREMENT COMMENT 'ID',
  `UserID` int(11) NOT NULL COMMENT '评论人ID',
  `AlbumID` int(11) NOT NULL COMMENT '专辑ID',
  `Content` varchar(2000) NOT NULL COMMENT '评论内容',
  `Invalid` tinyint(4) NOT NULL DEFAULT '0' COMMENT '是否有效',
  `ModifyTime` datetime NOT NULL COMMENT '修改时间',
  `CreateTime` datetime NOT NULL COMMENT '创建时间',
  PRIMARY KEY (`CommentID`)
) ENGINE=InnoDB DEFAULT CHARSET=utf8;

/*Data for the table `mordor_comment` */

/*Table structure for table `mordor_downloadrec` */

DROP TABLE IF EXISTS `mordor_downloadrec`;

CREATE TABLE `mordor_downloadrec` (
  `DownLoadID` int(11) NOT NULL AUTO_INCREMENT COMMENT 'ID',
  `UserID` int(11) NOT NULL COMMENT '下载人ID',
  `AlbumID` int(11) NOT NULL COMMENT '专辑ID',
  `DownLoadTime` datetime NOT NULL COMMENT '下载时间',
  PRIMARY KEY (`DownLoadID`)
) ENGINE=InnoDB DEFAULT CHARSET=utf8;

/*Data for the table `mordor_downloadrec` */

/*Table structure for table `mordor_downloadurl` */

DROP TABLE IF EXISTS `mordor_downloadurl`;

CREATE TABLE `mordor_downloadurl` (
  `DLURLID` int(11) NOT NULL AUTO_INCREMENT,
  `AlbumID` int(11) NOT NULL COMMENT '专辑ID',
  `DLURL` varchar(255) NOT NULL COMMENT '链接地址',
  `DLURLName` varchar(100) NOT NULL COMMENT '链接地址名称',
  `DLURLType` tinyint(4) NOT NULL COMMENT '链接地址类型',
  `ModifyTime` datetime NOT NULL COMMENT '修改时间',
  `CreateTime` datetime NOT NULL COMMENT '创建时间',
  PRIMARY KEY (`DLURLID`)
) ENGINE=InnoDB AUTO_INCREMENT=8 DEFAULT CHARSET=utf8;

/*Data for the table `mordor_downloadurl` */

insert  into `mordor_downloadurl`(`DLURLID`,`AlbumID`,`DLURL`,`DLURLName`,`DLURLType`,`ModifyTime`,`CreateTime`) values (1,2,'链接: http://pan.baidu.com/s/1jGstjPc 密码: e33p','ewerfwewr',0,'2014-12-13 08:59:26','2014-12-10 23:11:31'),(3,2,'www.115.com','asdadsffdsasfdea',1,'2014-12-11 22:50:26','2014-12-11 22:50:26'),(4,2,'http://360.com/sdfds','360下载',2,'2014-12-11 22:50:57','2014-12-11 22:50:57'),(5,20,'链接: http://pan.baidu.com/s/1hqsxpGS 密码: g5iq','Bob Dylan【The Best of Bob Dylan】.rar',0,'2014-12-14 22:23:13','2014-12-14 22:23:13'),(6,20,'http://115.com/lb/5lbe4rk887s6','Bob Dylan【The Best of Bob Dylan】.rar',1,'2014-12-14 22:25:15','2014-12-14 22:25:15'),(7,20,'http://yunpan.cn/cfP3ikL3XvK5e （提取码：6d31）','Bob Dylan【The Best of Bob Dylan】.rar',2,'2014-12-14 22:27:59','2014-12-14 22:27:59');

/*Table structure for table `mordor_favoriterec` */

DROP TABLE IF EXISTS `mordor_favoriterec`;

CREATE TABLE `mordor_favoriterec` (
  `FavoriteID` int(11) NOT NULL AUTO_INCREMENT COMMENT 'ID',
  `UserID` int(11) NOT NULL COMMENT '收藏人ID',
  `AlbumID` int(11) NOT NULL COMMENT '专辑ID',
  `FavoriteTime` datetime NOT NULL COMMENT '收藏时间',
  PRIMARY KEY (`FavoriteID`)
) ENGINE=InnoDB DEFAULT CHARSET=utf8;

/*Data for the table `mordor_favoriterec` */

/*Table structure for table `mordor_file` */

DROP TABLE IF EXISTS `mordor_file`;

CREATE TABLE `mordor_file` (
  `FileID` varchar(64) NOT NULL COMMENT 'ID',
  `FileName` varchar(100) NOT NULL COMMENT '文件名称',
  `FilePath` varchar(255) NOT NULL COMMENT '文件路径',
  `FileType` tinyint(4) NOT NULL COMMENT '文件类型',
  `FileExtension` varchar(32) NOT NULL COMMENT '文件扩展名',
  `FileSize` int(11) NOT NULL COMMENT '文件大小',
  `ModifyTime` datetime NOT NULL COMMENT '修改时间',
  `CreateTime` datetime NOT NULL COMMENT '创建时间',
  PRIMARY KEY (`FileID`)
) ENGINE=InnoDB DEFAULT CHARSET=utf8;

/*Data for the table `mordor_file` */

insert  into `mordor_file`(`FileID`,`FileName`,`FilePath`,`FileType`,`FileExtension`,`FileSize`,`ModifyTime`,`CreateTime`) values ('04E120FF-4ECA-467B-A32D-2FFEA42F01DF','d6036b38054d44b4b2abf002d51821df.jpg','/Images/Album/Original/d6036b38054d44b4b2abf002d51821df.jpg',0,'.jpg',89371,'2014-12-10 00:09:36','2014-12-10 00:09:36'),('0A4EFE80-53FB-43D8-9385-B694776A19C8','d6b7ddbd688641f3be336d200f9f33e5.jpg','/Images/Album/Original/',0,'.jpg',50186,'2014-11-15 10:30:48','2014-11-15 10:30:48'),('0B2E0C43-C26A-456F-B6F4-CC263D473FB4','bfab846d2a08461cb1932410fb943f5c.jpg','/Images/Album/Original/bfab846d2a08461cb1932410fb943f5c.jpg',0,'.jpg',52075,'2014-12-10 00:10:16','2014-12-10 00:10:16'),('105569C5-6CCB-4618-846D-46C74BE66BC0','0f02a62e3e8c4593b4a02daede249d44.jpg','/Images/Album/Original/0f02a62e3e8c4593b4a02daede249d44.jpg',0,'.jpg',595284,'2014-12-09 23:48:49','2014-12-09 23:48:49'),('18351787-1B99-4FC1-8C0F-721E93813CBF','fe2ed409a5ca4edbadf12dae80f40b47.jpg','/Images/Artist/Original/',0,'.jpg',150178,'2014-08-18 10:10:39','2014-08-18 10:10:39'),('19161386-00E3-42E7-9693-0818770059EF','af50e997477c46619e582ac50f8c09d1.jpg','/Images/Album/Original/af50e997477c46619e582ac50f8c09d1.jpg',0,'.jpg',104027,'2014-12-10 00:08:22','2014-12-10 00:08:22'),('1D195649-3705-4975-B7F2-E492955EBE5C','175700945435430a86181eeb42866ddc.jpg','/Images/Album/Original/175700945435430a86181eeb42866ddc.jpg',0,'.jpg',780831,'2014-12-09 23:49:35','2014-12-09 23:49:35'),('1D69367B-E8B0-45A6-8588-68E67F43E0C8','2a88e5656dd4433cb71facf13e9facc1.JPG','/Images/Album/Original/2a88e5656dd4433cb71facf13e9facc1.JPG',0,'.JPG',2017958,'2014-12-10 00:14:52','2014-12-10 00:14:52'),('1D9C6FD4-AEA8-4B2A-AD74-443CD8C66186','0c842b5a7b4f4d5ea0db9e2bfd245c90.jpg','/Images/Artist/Original/',0,'.jpg',104027,'2014-11-15 10:15:36','2014-11-15 10:15:36'),('1EADCC0D-27F0-4EB7-AF36-4C241B7FFA9D','7c9ae2b5cf05438388910a5a93e4f428.jpg','/Images/Artist/Original/',0,'.jpg',130631,'2014-11-15 10:17:59','2014-11-15 10:17:59'),('2044E6AE-E2EA-40E8-ACE3-175946386C2D','20629fd61d8844e7a9c09c701d61eca7.jpg','/Images/Album/Original/',0,'.jpg',104027,'2014-11-15 10:46:48','2014-11-15 10:46:48'),('257AC5E8-DED2-4524-AB54-6DDE475BFCF5','814b2977436242959a0a55ed6f0bd529.JPG','/Images/Album/Original/814b2977436242959a0a55ed6f0bd529.JPG',0,'.JPG',2428510,'2014-12-10 00:14:34','2014-12-10 00:14:34'),('27FBF9C5-EB6F-4A67-B16B-C008AFC47051','7421ed01e57e4f53842dfbe57f9f4984.jpg','c:\\UploadFile/Images/Album/Original/',0,'.jpg',879394,'2014-12-09 23:35:52','2014-12-09 23:35:52'),('2851B312-EF1B-45D6-A1D3-A7304A5CF90E','6ecb2d400bf74fd996058d47eaf54df7.jpg','/Images/Artist/Original/',0,'.jpg',70628,'2014-08-17 13:03:25','2014-08-17 13:03:25'),('298F9E8B-B90C-4DA1-8F20-219D0E90BC46','5891076105b94478bae9bc3a16902b26.jpg','/Images/Album/Original/',0,'.jpg',113186,'2014-08-17 19:18:00','2014-08-17 19:18:00'),('2AA4972A-3B72-4259-8C9F-63B30D3C16B4','e671763876c144ddaaa099c0cff01b03.jpg','/Images/Album/Original/',0,'.jpg',687221,'2014-11-15 11:16:15','2014-11-15 11:16:15'),('2F09D7A0-B547-4D6D-8665-1F431FCB1B10','9ecbfa4dc7f44e429fcb9e02e9ba82fc.jpg','/Images/Album/Original/9ecbfa4dc7f44e429fcb9e02e9ba82fc.jpg',0,'.jpg',63128,'2014-12-10 00:10:03','2014-12-10 00:10:03'),('32CA6FFA-E7AD-4353-A7CB-E5FA5321B4D7','6f434d8a90a54543b17059523bf2fc93.jpg','/Images/Artist/Original/',0,'.jpg',113186,'2014-08-19 22:30:23','2014-08-19 22:30:23'),('384E5FA8-045E-4852-A4DE-217137B817D7','4b637a03c30e4beba42ab955ad6090ba.jpg','/Images/Album/Original/4b637a03c30e4beba42ab955ad6090ba.jpg',0,'.jpg',72524,'2014-12-13 11:10:51','2014-12-13 11:10:51'),('3B4A32AB-3496-459C-AFCB-4DC09EE12109','daa9d1f5c61b4556a6e33aade875cdc9.jpg','/Images/Album/Original/',0,'.jpg',162703,'2014-11-15 11:52:21','2014-11-15 11:52:21'),('3D878BCA-BD53-42D1-AC72-94B9EB2C7ADA','56cbba7705dc4b97b4c01f714ffd700b.jpg','/Images/Artist/Original/',0,'.jpg',64750,'2014-08-17 13:03:03','2014-08-17 13:03:03'),('4045F569-EF98-4CD2-90C5-6FD968E0EBE0','31d0eca01c8a497cb11072445102239d.jpg','/Images/Album/Original/31d0eca01c8a497cb11072445102239d.jpg',0,'.jpg',88896,'2014-12-13 11:08:40','2014-12-13 11:08:40'),('44626336-69F7-4DBF-B0F5-B309141A2B41','b387550a892249a4bdd30446a7833143.jpg','/Images/Album/Original/b387550a892249a4bdd30446a7833143.jpg',0,'.jpg',97527,'2014-12-10 00:09:47','2014-12-10 00:09:47'),('4C81CD4F-FB4E-458A-B031-E1B71E53339A','a624b4b3bbf44f1cbae0e39b4277f1f8.jpg','/Images/Artist/Original/',0,'.jpg',478273,'2014-08-17 18:57:14','2014-08-17 18:57:14'),('51F487CC-9FD5-462D-833A-7B3F90DFC24D','777f86b6bc6b4590ae3049b3dc822693.jpg','/Images/Album/Original/777f86b6bc6b4590ae3049b3dc822693.jpg',0,'.jpg',142101,'2014-12-10 00:11:23','2014-12-10 00:11:23'),('53F26255-6E5F-48BA-B697-5E310124CAA4','eb69c508caf040e497fee7f8472ee7dd.jpg','/Images/Album/Original/',0,'.jpg',122820,'2014-11-15 11:37:29','2014-11-15 11:37:29'),('55D26768-6A5D-44C7-BE65-411972EEE80B','4f67dc2bbfc34ddd8b711fa6ac24accb.jpg','/Images/Album/Original/4f67dc2bbfc34ddd8b711fa6ac24accb.jpg',0,'.jpg',27606,'2014-12-10 00:10:29','2014-12-10 00:10:29'),('56C7780A-EE20-42F2-AF1E-ABD60FA309DA','8cf4e83154754418bd3e4a3de3c87ea3.jpg','/Images/Album/Original/',0,'.jpg',178216,'2014-11-15 11:18:59','2014-11-15 11:18:59'),('5C669D6F-CB2F-4006-9FC4-28197030AE09','e91c5d171c3141de875b91ee268e63cf.jpg','/Images/Album/Original/e91c5d171c3141de875b91ee268e63cf.jpg',0,'.jpg',189325,'2014-12-13 11:09:50','2014-12-13 11:09:50'),('5CFAA9D0-8856-4AD6-AFD7-9CB0E900171D','0cdb3899466347879b9d5a8441bc77d6.jpg','/Images/Album/Original/0cdb3899466347879b9d5a8441bc77d6.jpg',0,'.jpg',111433,'2014-12-10 00:09:15','2014-12-10 00:09:15'),('646CA986-C2BF-48E6-B7EE-25F094342AED','915cfa948c1844f5bdb390582447ac51.jpg','/Images/Album/Original/915cfa948c1844f5bdb390582447ac51.jpg',0,'.jpg',166899,'2014-12-10 00:11:13','2014-12-10 00:11:13'),('68A6E236-769C-4C79-A2C6-1525C4009FF0','7f2e55912abf4a95a7d2b2bc0d01dda6.jpg','/Images/PlayList/Original/',0,'.jpg',123918,'2014-08-17 19:14:03','2014-08-17 19:14:03'),('6E87A677-4E73-4F55-BF60-64CB6121F765','d2f26de1e59f4c30872f5b2ce28128ff.jpg','/Images/Artist/Original/',0,'.jpg',80824,'2014-11-15 10:19:45','2014-11-15 10:19:45'),('72BAE9DE-E1CD-4883-862F-D44D14D64DC0','9a5f7ea83a2a49dfa09165faa801035b.jpg','/Images/Album/Original/',0,'.jpg',116740,'2014-11-15 11:13:12','2014-11-15 11:13:12'),('7490E4B4-B1E3-4817-AC55-62B13C4AB55C','4d60482106524fafa8b11b1fce8498f2.jpg','/Images/Album/Original/4d60482106524fafa8b11b1fce8498f2.jpg',0,'.jpg',172630,'2014-12-10 00:11:35','2014-12-10 00:11:35'),('76E04F70-00A9-4576-A591-67E9A87A6537','74b65ca8efb24199bf48bda798edacd9.jpg','/Images/Album/Original/',0,'.jpg',107532,'2014-11-15 11:04:26','2014-11-15 11:04:26'),('77F21183-E600-489A-8333-9F7EC50F7D2E','f10b0b8771c74109aea6a7c5be2e0e68.jpg','/Images/Album/Original/',0,'.jpg',94893,'2014-08-17 16:01:46','2014-08-17 16:01:46'),('7C13ED9A-2461-4273-BCDF-C3CD9EB91F98','68517889f60e4eb3b3fd5f11228f1dbb.jpg','/Images/Album/Original/68517889f60e4eb3b3fd5f11228f1dbb.jpg',0,'.jpg',203764,'2014-12-10 08:17:28','2014-12-10 08:17:28'),('81065714-AF8A-424F-BE47-C2FB2BDBEF2C','0bf4fc3d4e584faeb1b7a9abd76f5043.jpg','/Images/Album/Original/',0,'.jpg',92102,'2014-08-17 14:17:25','2014-08-17 14:17:25'),('83925D4B-7AE4-4451-9EB7-5E93E50E602E','38f1f3f997c14a66a9d15b78260489e3.jpg','/Images/Artist/Original/',0,'.jpg',59314,'2014-08-17 18:57:36','2014-08-17 18:57:36'),('8B988724-0CF7-4D0C-B25D-3AE2C2793738','d088761aced640ff830fefd092d7ed47.JPG','/Images/Album/Original/d088761aced640ff830fefd092d7ed47.JPG',0,'.JPG',1703914,'2014-12-10 00:15:01','2014-12-10 00:15:01'),('96A887CC-9667-47DD-82C7-AA2F35763100','f3a69cf703644dada437d9a1f56c4f2e.jpg','/Images/Album/Original/',0,'.jpg',122820,'2014-11-11 21:32:26','2014-11-11 21:32:26'),('9C985D79-E615-4695-B850-267DE8762431','c023eb8324fc43a0b675fcc94a2e38b6.jpg','/Images/Album/Original/c023eb8324fc43a0b675fcc94a2e38b6.jpg',0,'.jpg',129509,'2014-12-10 00:10:46','2014-12-10 00:10:46'),('9CADE9B1-288F-4C0A-862C-B285FD14A2A5','b647c9d703964149818da2c8ea54b22d.jpg','/Images/Album/Original/b647c9d703964149818da2c8ea54b22d.jpg',0,'.jpg',51536,'2014-12-10 08:17:16','2014-12-10 08:17:16'),('9DBA3B1E-54D4-4389-B6A9-0639BD54064D','6b6f016a8282441e94d039289e25ce2f.jpg','/Images/Album/Original/6b6f016a8282441e94d039289e25ce2f.jpg',0,'.jpg',56439,'2014-12-14 22:31:28','2014-12-14 22:31:28'),('9F309CC4-45B3-449B-A6C7-7FE126CE49B9','e12b372e15284c7892c31fdd6e4acc32.jpg','Tlotr.Mordor.Infrastructure.Configuration.ResourceSection/Images/Album/Original/',0,'.jpg',777835,'2014-12-09 23:02:17','2014-12-09 23:02:17'),('A04C6793-C887-4235-9C11-FB9EDD30FC56','c32f46c6764b4b9489db092229f7768a.jpg','/Images/Album/Original/',0,'.jpg',162103,'2014-11-15 11:40:26','2014-11-15 11:40:26'),('A7BE1E81-B792-4D48-BA8C-96358D95A1BE','b7c6f3842d5f4692b6bf7ea51435694f.jpg','/Images/Album/Original/b7c6f3842d5f4692b6bf7ea51435694f.jpg',0,'.jpg',266204,'2014-12-13 11:10:20','2014-12-13 11:10:20'),('A853DC6F-ECA0-4D4A-BFCB-F6E30C72C56E','3699b1baa99c40a5b727f95b5376b83e.jpg','/Images/Album/Original/',0,'.jpg',122820,'2014-11-15 10:55:56','2014-11-15 10:55:56'),('AA50006C-FBE4-426A-8FCF-32F8843AD1B5','7bb9aeee2f5847159404cfd7ace75a94.jpg','/Images/Album/Original/',0,'.jpg',73339,'2014-08-17 19:12:37','2014-08-17 19:12:37'),('AB4B2AE4-584F-4FD4-B2B5-FFD2DDA70FC5','1a920906601447538cc3b222c6db4150.jpg','/Images/PlayList/Original/',0,'.jpg',123918,'2014-08-17 19:11:11','2014-08-17 19:11:11'),('ACF0C216-71E3-4D9D-A121-933BE63E0349','a8ebef2a79344683981e7c175bb4eeb4.jpg','/Images/Artist/Original/',0,'.jpg',110463,'2014-08-17 18:36:02','2014-08-17 18:36:02'),('AEEDD690-D06E-430C-A61C-030928F574B7','789e5bf5119444f3a0ff5de6400e08ef.jpg','/Images/PlayList/Original/',0,'.jpg',70628,'2014-08-17 16:01:54','2014-08-17 16:01:54'),('B176C275-5146-43A5-A33F-4274A1CA0D90','fb04c717a6b3454085b0e31d463d1edf.jpg','Tlotr.Mordor.Infrastructure.Configuration.ResourceSection/Images/Album/Original/',0,'.jpg',777835,'2014-12-09 23:06:29','2014-12-09 23:06:29'),('B9184FCF-D03D-44AE-9221-E73C77B3AD74','15cb020749b547b3875b242a50751a34.jpg','/Images/PlayList/Original/',0,'.jpg',221922,'2014-08-17 19:06:52','2014-08-17 19:06:52'),('BC69335A-A6CC-4BFB-93B9-A0CD26E38398','1fee28f22b26419393ecef6c6fec3355.jpg','/Images/Album/Original/',0,'.jpg',202814,'2014-11-15 11:33:11','2014-11-15 11:33:11'),('C0B14144-7E1F-43F3-A0B5-9B339A61EC75','44ad5ab918844bbabb4a43fde88ec14a.jpg','/Images/Album/Original/',0,'.jpg',192185,'2014-11-15 10:41:05','2014-11-15 10:41:05'),('C3D83C44-E8F5-4D32-9B62-F46FC556BFC6','e87040a1e0264439b867433e87ca167e.jpg','/Images/Artist/Original/',0,'.jpg',620888,'2014-08-17 18:56:11','2014-08-17 18:56:11'),('C4CF9063-2744-4AEB-89C5-B3426E63E914','61f5cce0a2d74d74838bb8b6d7c40851.jpg','/Images/PlayList/Original/',0,'.jpg',85059,'2014-08-17 19:13:50','2014-08-17 19:13:50'),('C4E9B6F1-DA81-4919-A1DB-252D67E5C0E5','27bd922d142b4fa7adbf55c3bad5d64a.jpg','/Images/Album/Original/27bd922d142b4fa7adbf55c3bad5d64a.jpg',0,'.jpg',135025,'2014-12-10 00:09:26','2014-12-10 00:09:26'),('CCD0A386-B151-4203-A6A3-A113DADE8EB9','ee496091d23a47239c5ba8bb752aec80.jpg','/Images/Album/Original/',0,'.jpg',189325,'2014-11-15 11:10:50','2014-11-15 11:10:50'),('D18F7508-B788-4CDF-B343-7D84393D9147','97779df40d5e4d18a94496bb12e94642.JPG','/Images/Album/Original/',0,'.JPG',2424088,'2014-08-17 16:12:32','2014-08-17 16:12:32'),('D4B5A64B-C8AD-4AFD-B50D-CB526EBCA344','1b5046303eb047b7be2842dffa8e5f1d.jpg','/Images/Artist/Original/',0,'.jpg',29806,'2014-08-17 14:10:44','2014-08-17 14:10:44'),('D569402F-087F-496D-8870-39A3B29B5CA8','e84b8928469c4616b8d5f16cc8a06712.jpg','c:\\UploadFile/Images/Album/Original/',0,'.jpg',620888,'2014-12-09 23:33:22','2014-12-09 23:33:22'),('D754F2E0-CC33-45B3-BF34-485B9026AEB4','1ba89514ab454a6c89f2579e8472cc76.jpg','/Images/Album/Original/',0,'.jpg',116903,'2014-11-15 11:21:46','2014-11-15 11:21:46'),('D860420C-48A3-4BDC-9B6A-610E51354F02','34f79affa4b24dcba704a577a5753708.jpg','/Images/Artist/Original/',0,'.jpg',63164,'2014-08-19 21:34:21','2014-08-19 21:34:21'),('DABF626A-A317-4686-A022-4B204C7506B1','3a5d69b025514250b146a25302693dbd.JPG','/Images/Album/Original/3a5d69b025514250b146a25302693dbd.JPG',0,'.JPG',2399979,'2014-12-10 00:14:18','2014-12-10 00:14:18'),('DAF91903-D559-4820-AD8D-DDCDE36FC7A4','4e001228ed77495d84fee0a94f1222e9.jpg','/Images/Album/Original/4e001228ed77495d84fee0a94f1222e9.jpg',0,'.jpg',56439,'2014-12-10 00:08:35','2014-12-10 00:08:35'),('DC5F765E-95B1-481A-B36A-FDDFCCF7CBF5','7986d915585746648a84d7816dca9af9.jpg','/Images/Album/Original/',0,'.jpg',53821,'2014-08-17 14:31:26','2014-08-17 14:31:26'),('DE6A31B6-6214-4EC9-892C-5BB8817211AA','982f6cf00eb94931b03d7231799db224.jpg','/Images/Album/Original/982f6cf00eb94931b03d7231799db224.jpg',0,'.jpg',775702,'2014-12-09 23:45:27','2014-12-09 23:45:27'),('DECA5D05-5327-44D2-A7F7-566FA3B13483','bfbd12f23fff469686111d86f94e909b.jpg','/Images/Album/Original/bfbd12f23fff469686111d86f94e909b.jpg',0,'.jpg',107532,'2014-12-10 00:11:02','2014-12-10 00:11:02'),('E828FBD8-1F14-4292-B7C4-4451DC7BE4D6','9239f98f63164c2688029b8d4f7d1978.jpg','/Images/Album/Original/',0,'.jpg',74731,'2014-11-15 11:49:54','2014-11-15 11:49:54'),('E8EE7F5B-F13D-40EB-80F9-2E8045B0B72E','bf050f10397d4b66b2747df47881fd20.jpg','/Images/Album/Original/',0,'.jpg',29972,'2014-08-17 19:06:52','2014-08-17 19:06:52'),('EDA2AF11-1B4C-46BB-BDEC-3BAE78478619','9727304627b841819c07630e86555022.jpg','/Images/Artist/Original/',0,'.jpg',94893,'2014-08-17 14:29:14','2014-08-17 14:29:14'),('EDC67AB6-5523-4A5C-B91E-A6855059751F','4175c856b503482ba8d5b15d746729c0.jpg','/Images/PlayList/Original/',0,'.jpg',123918,'2014-08-17 19:11:46','2014-08-17 19:11:46'),('EE5BAC4A-E340-4C44-846C-6815FC928B37','58412508f6d8450496926764ba7d2cb3.jpg','/Images/Album/Original/',0,'.jpg',60307,'2014-11-15 11:00:08','2014-11-15 11:00:08'),('EFF3DB31-5C57-480F-AD53-2EBAD631923A','820d806c43544090a68cae2c8a8370e2.jpg','/Images/PlayList/Original/',0,'.jpg',63164,'2014-08-17 14:31:38','2014-08-17 14:31:38'),('F0DFD576-C49B-4EAE-B662-6F2AA69E49E0','b566fc3b4a894ef6a3467f742498dc1a.jpg','/Images/Album/Original/',0,'.jpg',162025,'2014-11-15 11:31:23','2014-11-15 11:31:23'),('F26AB25B-7709-4757-BCC3-9082B0BC41BF','73b910df8dc142c492b163017ba882c4.JPG','/Images/PlayList/Original/',0,'.JPG',2389901,'2014-08-17 16:12:27','2014-08-17 16:12:27'),('F4D0AC29-A1E1-4A92-AD8A-AF495512432B','b1f1f4e484614842835a6d80205bcd05.jpg','/Images/Album/Original/',0,'.jpg',202814,'2014-11-13 22:21:09','2014-11-13 22:21:09'),('F909357A-63DD-4F87-93AB-CBC5EDE8E632','8185b17a758f4fa396905332e4049056.jpg','/Images/Artist/Original/',0,'.jpg',70282,'2014-08-17 13:24:05','2014-08-17 13:24:05'),('FA35300A-BDA8-4FEC-86AC-4332A20DDC3F','77e282aa5b8843f59dc86ac7d96ac2bb.jpg','/Images/Album/Original/',0,'.jpg',121132,'2014-11-15 11:34:17','2014-11-15 11:34:17'),('FD164096-5FD7-4D1D-98BC-9A74E346C830','90fbad27c1cb4350a295aa7e6e428249.jpg','/Images/Album/Original/',0,'.jpg',71778,'2014-11-15 11:28:05','2014-11-15 11:28:05');

/*Table structure for table `mordor_rewardrec` */

DROP TABLE IF EXISTS `mordor_rewardrec`;

CREATE TABLE `mordor_rewardrec` (
  `RewardID` int(11) NOT NULL AUTO_INCREMENT COMMENT 'ID',
  `UserID` int(11) NOT NULL COMMENT '被奖惩人ID',
  `Score` int(11) NOT NULL COMMENT '分值',
  `Content` varchar(100) NOT NULL COMMENT '奖惩原因',
  `RewardTime` datetime NOT NULL COMMENT '奖惩时间',
  `Creator` int(11) NOT NULL COMMENT '创建人',
  PRIMARY KEY (`RewardID`)
) ENGINE=InnoDB DEFAULT CHARSET=utf8;

/*Data for the table `mordor_rewardrec` */

/*Table structure for table `mordor_sharerec` */

DROP TABLE IF EXISTS `mordor_sharerec`;

CREATE TABLE `mordor_sharerec` (
  `ShareID` int(11) NOT NULL AUTO_INCREMENT COMMENT 'ID',
  `UserID` int(11) NOT NULL COMMENT '分享人ID',
  `AlbumID` int(11) NOT NULL COMMENT '专辑ID',
  `ShareTime` datetime NOT NULL COMMENT '分享时间',
  PRIMARY KEY (`ShareID`)
) ENGINE=InnoDB DEFAULT CHARSET=utf8;

/*Data for the table `mordor_sharerec` */

/*Table structure for table `mordor_starrec` */

DROP TABLE IF EXISTS `mordor_starrec`;

CREATE TABLE `mordor_starrec` (
  `StarID` int(11) NOT NULL AUTO_INCREMENT COMMENT 'ID',
  `UserID` int(11) NOT NULL COMMENT '评分人ID',
  `AlbumID` int(11) NOT NULL COMMENT '专辑ID',
  `Score` int(11) NOT NULL COMMENT '分值',
  `StarTime` datetime NOT NULL COMMENT '评分时间',
  PRIMARY KEY (`StarID`)
) ENGINE=InnoDB DEFAULT CHARSET=utf8;

/*Data for the table `mordor_starrec` */

/*Table structure for table `mordor_tag` */

DROP TABLE IF EXISTS `mordor_tag`;

CREATE TABLE `mordor_tag` (
  `TagID` int(11) NOT NULL AUTO_INCREMENT COMMENT 'ID',
  `Name` varchar(50) NOT NULL COMMENT '标签名称',
  `TagDesc` varchar(255) DEFAULT NULL COMMENT '标签描述',
  `TagType` tinyint(4) DEFAULT '0' COMMENT '标签类别',
  `Invalid` tinyint(4) NOT NULL DEFAULT '0' COMMENT '是否禁用',
  `ModifyTime` datetime NOT NULL COMMENT '修改时间',
  `CreateTime` datetime NOT NULL COMMENT '创建时间',
  PRIMARY KEY (`TagID`)
) ENGINE=InnoDB AUTO_INCREMENT=6 DEFAULT CHARSET=utf8;

/*Data for the table `mordor_tag` */

insert  into `mordor_tag`(`TagID`,`Name`,`TagDesc`,`TagType`,`Invalid`,`ModifyTime`,`CreateTime`) values (1,'华语','华语',0,0,'2014-07-23 23:25:18','2014-07-23 23:25:18'),(2,'英语','英语',1,0,'2014-07-23 23:25:43','2014-07-23 23:25:43'),(3,'美女','美女',1,0,'2014-07-26 12:39:12','2014-07-26 12:37:18'),(4,'帅哥','帅哥',1,0,'2014-07-26 12:39:21','2014-07-26 12:37:32'),(5,'英语','英语',0,0,'2014-07-26 21:07:56','2014-07-26 21:07:56');

/*Table structure for table `mordor_user` */

DROP TABLE IF EXISTS `mordor_user`;

CREATE TABLE `mordor_user` (
  `UserID` int(11) NOT NULL AUTO_INCREMENT COMMENT 'ID',
  `UserName` varchar(50) NOT NULL COMMENT '用户名',
  `Password` varchar(32) NOT NULL COMMENT '密码',
  `Email` varchar(120) NOT NULL COMMENT '邮箱',
  `Score` int(11) NOT NULL DEFAULT '0' COMMENT '积分',
  `QQ` varchar(32) DEFAULT NULL COMMENT 'QQ',
  `Tel` varchar(32) DEFAULT NULL COMMENT '电话',
  `Avatar` varchar(200) NOT NULL DEFAULT '/Images/User/noAvatar.jpg' COMMENT '头像',
  `Gender` tinyint(4) DEFAULT '0' COMMENT '性别',
  `Birthday` date DEFAULT NULL COMMENT '生日',
  `Residence` int(11) DEFAULT NULL COMMENT '居住地',
  `SelfIntro` varchar(200) DEFAULT NULL COMMENT '自我简介',
  `Invalid` tinyint(4) NOT NULL DEFAULT '0' COMMENT '是否禁用',
  `ModifyTime` datetime NOT NULL COMMENT '修改时间',
  `CreateTime` datetime NOT NULL COMMENT '创建时间',
  PRIMARY KEY (`UserID`)
) ENGINE=InnoDB AUTO_INCREMENT=2 DEFAULT CHARSET=utf8;

/*Data for the table `mordor_user` */

insert  into `mordor_user`(`UserID`,`UserName`,`Password`,`Email`,`Score`,`QQ`,`Tel`,`Avatar`,`Gender`,`Birthday`,`Residence`,`SelfIntro`,`Invalid`,`ModifyTime`,`CreateTime`) values (1,'rdefg','E10ADC3949BA59ABBE56E057F20F883E','fdg',0,'fdg','fdg','/Images/User/noAvatar.jpg',0,'2014-07-08',2,'fdgfdgfdggfd',0,'2014-07-22 23:46:12','2014-07-22 23:46:12');

/*Table structure for table `mordor_viewrec` */

DROP TABLE IF EXISTS `mordor_viewrec`;

CREATE TABLE `mordor_viewrec` (
  `ViewID` int(11) NOT NULL AUTO_INCREMENT COMMENT 'ID',
  `UserID` int(11) NOT NULL COMMENT '浏览人ID',
  `AlbumID` int(11) NOT NULL COMMENT '专辑ID',
  `ViewTime` datetime NOT NULL COMMENT '浏览时间',
  PRIMARY KEY (`ViewID`)
) ENGINE=InnoDB DEFAULT CHARSET=utf8;

/*Data for the table `mordor_viewrec` */

/*Table structure for table `sys_category` */

DROP TABLE IF EXISTS `sys_category`;

CREATE TABLE `sys_category` (
  `CategoryID` int(11) NOT NULL AUTO_INCREMENT,
  `CategoryCode` varchar(50) NOT NULL,
  `CategoryName` varchar(50) NOT NULL,
  `CategoryDesc` varchar(255) DEFAULT NULL,
  `ModifyTime` datetime NOT NULL COMMENT '修改时间',
  `CreateTime` datetime NOT NULL COMMENT '创建时间',
  PRIMARY KEY (`CategoryID`)
) ENGINE=InnoDB AUTO_INCREMENT=26 DEFAULT CHARSET=utf8;

/*Data for the table `sys_category` */

insert  into `sys_category`(`CategoryID`,`CategoryCode`,`CategoryName`,`CategoryDesc`,`ModifyTime`,`CreateTime`) values (1,'sysGJDQ','国家/地区','国家/地区(系统默认)','2014-11-07 17:10:16','2014-11-07 17:10:16'),(2,'sysSF','省份','省份(系统默认)','2014-11-07 17:10:16','2014-11-07 17:10:16'),(3,'sysCS','城市','城市(系统默认)','2014-11-07 17:10:16','2014-11-07 17:10:16'),(4,'sysYYFG','音乐风格','音乐风格(系统默认)','2014-11-07 17:10:16','2014-11-07 17:10:16'),(5,'sysYYFL','音乐分类','音乐分类(系统默认)','2014-11-07 17:10:16','2014-11-07 17:10:16'),(25,'sysWLB','无类别','无类别(系统默认)','2014-11-07 17:10:16','2014-11-07 17:10:16');

/*Table structure for table `sys_categoryitem` */

DROP TABLE IF EXISTS `sys_categoryitem`;

CREATE TABLE `sys_categoryitem` (
  `CategoryItemID` int(11) NOT NULL AUTO_INCREMENT,
  `CategoryItemCode` varchar(50) NOT NULL,
  `CategoryItemName` varchar(50) NOT NULL,
  `CategoryID` int(11) NOT NULL,
  `ParentItemID` int(11) NOT NULL DEFAULT '0',
  `OrderNo` int(4) NOT NULL DEFAULT '0',
  `IsDefault` tinyint(4) NOT NULL DEFAULT '0',
  `Invalid` tinyint(4) NOT NULL DEFAULT '0',
  `ModifyTime` datetime NOT NULL COMMENT '修改时间',
  `CreateTime` datetime NOT NULL COMMENT '创建时间',
  PRIMARY KEY (`CategoryItemID`),
  UNIQUE KEY `CategoryValue` (`CategoryItemCode`,`CategoryID`)
) ENGINE=InnoDB AUTO_INCREMENT=3010348 DEFAULT CHARSET=utf8;

/*Data for the table `sys_categoryitem` */

insert  into `sys_categoryitem`(`CategoryItemID`,`CategoryItemCode`,`CategoryItemName`,`CategoryID`,`ParentItemID`,`OrderNo`,`IsDefault`,`Invalid`,`ModifyTime`,`CreateTime`) values (1010000,'sysGJDQ0000','未选择',1,0,1,0,0,'2014-12-13 10:27:13','2014-12-13 10:27:13'),(1010001,'sysGJDQ0001','中国',1,0,2,0,0,'2014-12-13 10:27:13','2014-12-13 10:27:13'),(1010002,'sysGJDQ0002','中国香港',1,0,3,0,0,'2014-12-13 10:27:13','2014-12-13 10:27:13'),(1010003,'sysGJDQ0003','中国台湾',1,0,4,0,0,'2014-12-13 10:27:13','2014-12-13 10:27:13'),(1010004,'sysGJDQ0004','美国',1,0,5,0,0,'2014-12-13 10:27:13','2014-12-13 10:27:13'),(1010005,'sysGJDQ0005','英国',1,0,6,0,0,'2014-12-13 10:27:13','2014-12-13 10:27:13'),(1010006,'sysGJDQ0006','日本',1,0,7,0,0,'2014-12-13 10:27:13','2014-12-13 10:27:13'),(1010007,'sysGJDQ0007','韩国',1,0,8,0,0,'2014-12-13 10:27:13','2014-12-13 10:27:13'),(1010008,'sysGJDQ0008','澳大利亚',1,0,9,0,0,'2014-12-13 10:27:13','2014-12-13 10:27:13'),(1010009,'sysGJDQ0009','爱尔兰',1,0,10,0,0,'2014-12-13 10:27:13','2014-12-13 10:27:13'),(1010010,'sysGJDQ0010','荷兰',1,0,11,0,0,'2014-12-13 10:27:13','2014-12-13 10:27:13'),(1010011,'sysGJDQ0011','芬兰',1,0,12,0,0,'2014-12-13 10:27:13','2014-12-13 10:27:13'),(1010012,'sysGJDQ0012','瑞典',1,0,13,0,0,'2014-12-13 10:27:13','2014-12-13 10:27:13'),(1010013,'sysGJDQ0013','挪威',1,0,14,0,0,'2014-12-13 10:27:13','2014-12-13 10:27:13'),(1010014,'sysGJDQ0014','加拿大',1,0,15,0,0,'2014-12-13 10:27:13','2014-12-13 10:27:13'),(1040000,'all','全部',4,0,1,0,0,'2014-12-13 10:27:13','2014-12-13 10:27:13'),(1040001,'pop','流行',4,0,2,0,0,'2014-12-13 10:27:13','2014-12-13 10:27:13'),(1040002,'rock','摇滚',4,0,3,0,0,'2014-12-13 10:27:13','2014-12-13 10:27:13'),(1040003,'folk','民谣',4,0,4,0,0,'2014-12-13 10:27:13','2014-12-13 10:27:13'),(1040004,'electronic','电子',4,0,6,0,0,'2014-12-13 10:27:13','2014-12-13 10:27:13'),(1040005,'rb','R&B',4,0,7,0,0,'2014-12-13 10:27:13','2014-12-13 10:27:13'),(1040006,'jazz','爵士',4,0,8,0,0,'2014-12-13 10:27:13','2014-12-13 10:27:13'),(1040007,'blue','蓝调',4,0,9,0,0,'2014-12-13 10:27:13','2014-12-13 10:27:13'),(1040008,'rap','Rap',4,0,10,0,0,'2014-12-13 10:27:13','2014-12-13 10:27:13'),(1040009,'classical','古典',4,0,11,0,0,'2014-12-13 10:27:13','2014-12-13 10:27:13'),(1040010,'world','世界',4,0,15,0,0,'2014-12-13 10:27:13','2014-12-13 10:27:13'),(1040011,'easyListening','轻音乐',4,0,12,0,0,'2014-12-13 10:27:13','2014-12-13 10:27:13'),(1040012,'newAge','新世纪',4,0,16,0,0,'2014-12-13 10:27:13','2014-12-13 10:27:13'),(1040013,'country','乡村',4,0,5,0,0,'2014-12-13 10:27:13','2014-12-13 10:27:13'),(1040014,'songwriter','唱作人',4,0,17,0,0,'2014-12-13 10:27:13','2014-12-13 10:27:13'),(1040015,'children','儿童',4,0,18,0,0,'2014-12-13 10:27:13','2014-12-13 10:27:13'),(1040016,'alternative','另类',4,0,13,0,0,'2014-12-13 10:27:13','2014-12-13 10:27:13'),(1040017,'dance','舞曲',4,0,14,0,0,'2014-12-13 10:27:13','2014-12-13 10:27:13'),(1040018,'holiday','节日',4,0,19,0,0,'2014-12-13 10:27:13','2014-12-13 10:27:13'),(1040019,'religious','宗教',4,0,20,0,0,'2014-12-13 10:27:13','2014-12-13 10:27:13'),(1050000,'sysYYFL0000','未分类',5,0,1,0,0,'2014-12-13 10:27:13','2014-12-13 10:27:13'),(1050001,'sysYYFL0001','欧美音乐',5,0,2,0,0,'2014-12-13 10:27:13','2014-12-13 10:27:13'),(1050002,'sysYYFL0002','华语音乐',5,0,3,0,0,'2014-12-13 10:27:13','2014-12-13 10:27:13'),(1050003,'sysYYFL0003','日韩音乐',5,0,4,0,0,'2014-12-13 10:27:13','2014-12-13 10:27:13'),(1050004,'sysYYFL0004','轻音乐',5,0,5,0,0,'2014-12-13 10:27:13','2014-12-13 10:27:13'),(1050005,'sysYYFL0005','影视音乐',5,0,6,0,0,'2014-12-13 10:27:13','2014-12-13 10:27:13'),(2010000,'sysSF0000','未选择',2,0,1,0,0,'2014-12-13 10:27:13','2014-12-13 10:27:13'),(2010001,'sysSF0001','北京市',2,0,2,0,0,'2014-12-13 10:27:13','2014-12-13 10:27:13'),(2010002,'sysSF0002','安徽省',2,0,3,0,0,'2014-12-13 10:27:13','2014-12-13 10:27:13'),(2010003,'sysSF0003','福建省',2,0,4,0,0,'2014-12-13 10:27:13','2014-12-13 10:27:13'),(2010004,'sysSF0004','甘肃省',2,0,5,0,0,'2014-12-13 10:27:13','2014-12-13 10:27:13'),(2010005,'sysSF0005','广东省',2,0,6,0,0,'2014-12-13 10:27:13','2014-12-13 10:27:13'),(2010006,'sysSF0006','广西壮族自治区',2,0,7,0,0,'2014-12-13 10:27:13','2014-12-13 10:27:13'),(2010007,'sysSF0007','贵州省',2,0,8,0,0,'2014-12-13 10:27:13','2014-12-13 10:27:13'),(2010008,'sysSF0008','海南省',2,0,9,0,0,'2014-12-13 10:27:13','2014-12-13 10:27:13'),(2010009,'sysSF0009','河北省',2,0,10,0,0,'2014-12-13 10:27:13','2014-12-13 10:27:13'),(2010010,'sysSF0010','河南省',2,0,11,0,0,'2014-12-13 10:27:13','2014-12-13 10:27:13'),(2010011,'sysSF0011','黑龙江省',2,0,12,0,0,'2014-12-13 10:27:13','2014-12-13 10:27:13'),(2010012,'sysSF0012','湖北省',2,0,13,0,0,'2014-12-13 10:27:13','2014-12-13 10:27:13'),(2010013,'sysSF0013','湖南省',2,0,14,0,0,'2014-12-13 10:27:13','2014-12-13 10:27:13'),(2010014,'sysSF0014','吉林省',2,0,15,0,0,'2014-12-13 10:27:13','2014-12-13 10:27:13'),(2010015,'sysSF0015','江苏省',2,0,16,0,0,'2014-12-13 10:27:13','2014-12-13 10:27:13'),(2010016,'sysSF0016','江西省',2,0,17,0,0,'2014-12-13 10:27:13','2014-12-13 10:27:13'),(2010017,'sysSF0017','辽宁省',2,0,18,0,0,'2014-12-13 10:27:13','2014-12-13 10:27:13'),(2010018,'sysSF0018','内蒙古自治区',2,0,19,0,0,'2014-12-13 10:27:13','2014-12-13 10:27:13'),(2010019,'sysSF0019','宁夏回族自治区',2,0,20,0,0,'2014-12-13 10:27:13','2014-12-13 10:27:13'),(2010020,'sysSF0020','青海省',2,0,21,0,0,'2014-12-13 10:27:13','2014-12-13 10:27:13'),(2010021,'sysSF0021','山东省',2,0,22,0,0,'2014-12-13 10:27:13','2014-12-13 10:27:13'),(2010022,'sysSF0022','山西省',2,0,23,0,0,'2014-12-13 10:27:13','2014-12-13 10:27:13'),(2010023,'sysSF0023','陕西省',2,0,24,0,0,'2014-12-13 10:27:13','2014-12-13 10:27:13'),(2010024,'sysSF0024','上海市',2,0,25,0,0,'2014-12-13 10:27:13','2014-12-13 10:27:13'),(2010025,'sysSF0025','四川省',2,0,26,0,0,'2014-12-13 10:27:13','2014-12-13 10:27:13'),(2010026,'sysSF0026','台湾省',2,0,27,0,0,'2014-12-13 10:27:13','2014-12-13 10:27:13'),(2010027,'sysSF0027','天津市',2,0,28,0,0,'2014-12-13 10:27:13','2014-12-13 10:27:13'),(2010028,'sysSF0028','西藏自治区',2,0,29,0,0,'2014-12-13 10:27:13','2014-12-13 10:27:13'),(2010029,'sysSF0029','新疆维吾尔自治区',2,0,30,0,0,'2014-12-13 10:27:13','2014-12-13 10:27:13'),(2010030,'sysSF0030','云南省',2,0,31,0,0,'2014-12-13 10:27:13','2014-12-13 10:27:13'),(2010031,'sysSF0031','浙江省',2,0,32,0,0,'2014-12-13 10:27:13','2014-12-13 10:27:13'),(2010032,'sysSF0032','重庆市',2,0,33,0,0,'2014-12-13 10:27:13','2014-12-13 10:27:13'),(2010033,'sysSF0033','香港特别行政区',2,0,34,0,0,'2014-12-13 10:27:13','2014-12-13 10:27:13'),(2010034,'sysSF0034','澳门特别行政区',2,0,35,0,0,'2014-12-13 10:27:13','2014-12-13 10:27:13'),(3010000,'sysCS0000','未选择',3,2010000,1,0,0,'2014-12-13 10:27:13','2014-12-13 10:27:13'),(3010001,'sysCS0001','北京市',3,2010001,2,0,0,'2014-12-13 10:27:13','2014-12-13 10:27:13'),(3010002,'sysCS0002','合肥市',3,2010002,3,0,0,'2014-12-13 10:27:13','2014-12-13 10:27:13'),(3010003,'sysCS0003','芜湖市',3,2010002,4,0,0,'2014-12-13 10:27:13','2014-12-13 10:27:13'),(3010004,'sysCS0004','蚌埠市',3,2010002,5,0,0,'2014-12-13 10:27:13','2014-12-13 10:27:13'),(3010005,'sysCS0005','淮南市',3,2010002,6,0,0,'2014-12-13 10:27:13','2014-12-13 10:27:13'),(3010006,'sysCS0006','马鞍山市',3,2010002,7,0,0,'2014-12-13 10:27:13','2014-12-13 10:27:13'),(3010007,'sysCS0007','淮北市',3,2010002,8,0,0,'2014-12-13 10:27:13','2014-12-13 10:27:13'),(3010008,'sysCS0008','铜陵市',3,2010002,9,0,0,'2014-12-13 10:27:13','2014-12-13 10:27:13'),(3010009,'sysCS0009','安庆市',3,2010002,10,0,0,'2014-12-13 10:27:13','2014-12-13 10:27:13'),(3010010,'sysCS0010','黄山市',3,2010002,11,0,0,'2014-12-13 10:27:13','2014-12-13 10:27:13'),(3010011,'sysCS0011','滁州市',3,2010002,12,0,0,'2014-12-13 10:27:13','2014-12-13 10:27:13'),(3010012,'sysCS0012','阜阳市',3,2010002,13,0,0,'2014-12-13 10:27:13','2014-12-13 10:27:13'),(3010013,'sysCS0013','宿州市',3,2010002,14,0,0,'2014-12-13 10:27:13','2014-12-13 10:27:13'),(3010014,'sysCS0014','巢湖市',3,2010002,15,0,0,'2014-12-13 10:27:13','2014-12-13 10:27:13'),(3010015,'sysCS0015','六安市',3,2010002,16,0,0,'2014-12-13 10:27:13','2014-12-13 10:27:13'),(3010016,'sysCS0016','亳州市',3,2010002,17,0,0,'2014-12-13 10:27:13','2014-12-13 10:27:13'),(3010017,'sysCS0017','池州市',3,2010002,18,0,0,'2014-12-13 10:27:13','2014-12-13 10:27:13'),(3010018,'sysCS0018','宣城市',3,2010002,19,0,0,'2014-12-13 10:27:13','2014-12-13 10:27:13'),(3010019,'sysCS0019','福州市',3,2010003,20,0,0,'2014-12-13 10:27:13','2014-12-13 10:27:13'),(3010020,'sysCS0020','厦门市',3,2010003,21,0,0,'2014-12-13 10:27:13','2014-12-13 10:27:13'),(3010021,'sysCS0021','莆田市',3,2010003,22,0,0,'2014-12-13 10:27:13','2014-12-13 10:27:13'),(3010022,'sysCS0022','三明市',3,2010003,23,0,0,'2014-12-13 10:27:13','2014-12-13 10:27:13'),(3010023,'sysCS0023','泉州市',3,2010003,24,0,0,'2014-12-13 10:27:13','2014-12-13 10:27:13'),(3010024,'sysCS0024','漳州市',3,2010003,25,0,0,'2014-12-13 10:27:13','2014-12-13 10:27:13'),(3010025,'sysCS0025','南平市',3,2010003,26,0,0,'2014-12-13 10:27:13','2014-12-13 10:27:13'),(3010026,'sysCS0026','龙岩市',3,2010003,27,0,0,'2014-12-13 10:27:13','2014-12-13 10:27:13'),(3010027,'sysCS0027','宁德市',3,2010003,28,0,0,'2014-12-13 10:27:13','2014-12-13 10:27:13'),(3010028,'sysCS0028','兰州市',3,2010004,29,0,0,'2014-12-13 10:27:13','2014-12-13 10:27:13'),(3010029,'sysCS0029','嘉峪关市',3,2010004,30,0,0,'2014-12-13 10:27:13','2014-12-13 10:27:13'),(3010030,'sysCS0030','金昌市',3,2010004,31,0,0,'2014-12-13 10:27:13','2014-12-13 10:27:13'),(3010031,'sysCS0031','白银市',3,2010004,32,0,0,'2014-12-13 10:27:13','2014-12-13 10:27:13'),(3010032,'sysCS0032','天水市',3,2010004,33,0,0,'2014-12-13 10:27:13','2014-12-13 10:27:13'),(3010033,'sysCS0033','武威市',3,2010004,34,0,0,'2014-12-13 10:27:13','2014-12-13 10:27:13'),(3010034,'sysCS0034','张掖市',3,2010004,35,0,0,'2014-12-13 10:27:13','2014-12-13 10:27:13'),(3010035,'sysCS0035','平凉市',3,2010004,36,0,0,'2014-12-13 10:27:13','2014-12-13 10:27:13'),(3010036,'sysCS0036','酒泉市',3,2010004,37,0,0,'2014-12-13 10:27:13','2014-12-13 10:27:13'),(3010037,'sysCS0037','庆阳市',3,2010004,38,0,0,'2014-12-13 10:27:13','2014-12-13 10:27:13'),(3010038,'sysCS0038','定西市',3,2010004,39,0,0,'2014-12-13 10:27:13','2014-12-13 10:27:13'),(3010039,'sysCS0039','临夏回族自治州',3,2010004,40,0,0,'2014-12-13 10:27:13','2014-12-13 10:27:13'),(3010040,'sysCS0040','甘南藏族自治州',3,2010004,41,0,0,'2014-12-13 10:27:13','2014-12-13 10:27:13'),(3010041,'sysCS0041','广州市',3,2010005,42,0,0,'2014-12-13 10:27:13','2014-12-13 10:27:13'),(3010042,'sysCS0042','韶关市',3,2010005,43,0,0,'2014-12-13 10:27:13','2014-12-13 10:27:13'),(3010043,'sysCS0043','深圳市',3,2010005,44,0,0,'2014-12-13 10:27:13','2014-12-13 10:27:13'),(3010044,'sysCS0044','珠海市',3,2010005,45,0,0,'2014-12-13 10:27:13','2014-12-13 10:27:13'),(3010045,'sysCS0045','汕头市',3,2010005,46,0,0,'2014-12-13 10:27:13','2014-12-13 10:27:13'),(3010046,'sysCS0046','佛山市',3,2010005,47,0,0,'2014-12-13 10:27:13','2014-12-13 10:27:13'),(3010047,'sysCS0047','江门市',3,2010005,48,0,0,'2014-12-13 10:27:13','2014-12-13 10:27:13'),(3010048,'sysCS0048','湛江市',3,2010005,49,0,0,'2014-12-13 10:27:13','2014-12-13 10:27:13'),(3010049,'sysCS0049','茂名市',3,2010005,50,0,0,'2014-12-13 10:27:13','2014-12-13 10:27:13'),(3010050,'sysCS0050','肇庆市',3,2010005,51,0,0,'2014-12-13 10:27:13','2014-12-13 10:27:13'),(3010051,'sysCS0051','惠州市',3,2010005,52,0,0,'2014-12-13 10:27:13','2014-12-13 10:27:13'),(3010052,'sysCS0052','梅州市',3,2010005,53,0,0,'2014-12-13 10:27:13','2014-12-13 10:27:13'),(3010053,'sysCS0053','汕尾市',3,2010005,54,0,0,'2014-12-13 10:27:13','2014-12-13 10:27:13'),(3010054,'sysCS0054','河源市',3,2010005,55,0,0,'2014-12-13 10:27:13','2014-12-13 10:27:13'),(3010055,'sysCS0055','阳江市',3,2010005,56,0,0,'2014-12-13 10:27:13','2014-12-13 10:27:13'),(3010056,'sysCS0056','清远市',3,2010005,57,0,0,'2014-12-13 10:27:13','2014-12-13 10:27:13'),(3010057,'sysCS0057','东莞市',3,2010005,58,0,0,'2014-12-13 10:27:13','2014-12-13 10:27:13'),(3010058,'sysCS0058','中山市',3,2010005,59,0,0,'2014-12-13 10:27:13','2014-12-13 10:27:13'),(3010059,'sysCS0059','潮州市',3,2010005,60,0,0,'2014-12-13 10:27:13','2014-12-13 10:27:13'),(3010060,'sysCS0060','揭阳市',3,2010005,61,0,0,'2014-12-13 10:27:13','2014-12-13 10:27:13'),(3010061,'sysCS0061','云浮市',3,2010005,62,0,0,'2014-12-13 10:27:13','2014-12-13 10:27:13'),(3010062,'sysCS0062','南宁市',3,2010006,63,0,0,'2014-12-13 10:27:13','2014-12-13 10:27:13'),(3010063,'sysCS0063','柳州市',3,2010006,64,0,0,'2014-12-13 10:27:13','2014-12-13 10:27:13'),(3010064,'sysCS0064','桂林市',3,2010006,65,0,0,'2014-12-13 10:27:13','2014-12-13 10:27:13'),(3010065,'sysCS0065','梧州市',3,2010006,66,0,0,'2014-12-13 10:27:13','2014-12-13 10:27:13'),(3010066,'sysCS0066','北海市',3,2010006,67,0,0,'2014-12-13 10:27:13','2014-12-13 10:27:13'),(3010067,'sysCS0067','防城港市',3,2010006,68,0,0,'2014-12-13 10:27:13','2014-12-13 10:27:13'),(3010068,'sysCS0068','钦州市',3,2010006,69,0,0,'2014-12-13 10:27:13','2014-12-13 10:27:13'),(3010069,'sysCS0069','贵港市',3,2010006,70,0,0,'2014-12-13 10:27:13','2014-12-13 10:27:13'),(3010070,'sysCS0070','玉林市',3,2010006,71,0,0,'2014-12-13 10:27:13','2014-12-13 10:27:13'),(3010071,'sysCS0071','百色市',3,2010006,72,0,0,'2014-12-13 10:27:13','2014-12-13 10:27:13'),(3010072,'sysCS0072','贺州市',3,2010006,73,0,0,'2014-12-13 10:27:13','2014-12-13 10:27:13'),(3010073,'sysCS0073','河池市',3,2010006,74,0,0,'2014-12-13 10:27:13','2014-12-13 10:27:13'),(3010074,'sysCS0074','来宾市',3,2010006,75,0,0,'2014-12-13 10:27:13','2014-12-13 10:27:13'),(3010075,'sysCS0075','崇左市',3,2010006,76,0,0,'2014-12-13 10:27:13','2014-12-13 10:27:13'),(3010076,'sysCS0076','贵阳市',3,2010007,77,0,0,'2014-12-13 10:27:13','2014-12-13 10:27:13'),(3010077,'sysCS0077','六盘水市',3,2010007,78,0,0,'2014-12-13 10:27:13','2014-12-13 10:27:13'),(3010078,'sysCS0078','遵义市',3,2010007,79,0,0,'2014-12-13 10:27:13','2014-12-13 10:27:13'),(3010079,'sysCS0079','安顺市',3,2010007,80,0,0,'2014-12-13 10:27:13','2014-12-13 10:27:13'),(3010080,'sysCS0080','铜仁市',3,2010007,81,0,0,'2014-12-13 10:27:13','2014-12-13 10:27:13'),(3010081,'sysCS0081','黔西南布依族苗族自治州',3,2010007,82,0,0,'2014-12-13 10:27:13','2014-12-13 10:27:13'),(3010082,'sysCS0082','毕节市',3,2010007,83,0,0,'2014-12-13 10:27:13','2014-12-13 10:27:13'),(3010083,'sysCS0083','黔东南苗族侗族自治州',3,2010007,84,0,0,'2014-12-13 10:27:13','2014-12-13 10:27:13'),(3010084,'sysCS0084','黔南布依族苗族自治州',3,2010007,85,0,0,'2014-12-13 10:27:13','2014-12-13 10:27:13'),(3010085,'sysCS0085','海口市',3,2010008,86,0,0,'2014-12-13 10:27:13','2014-12-13 10:27:13'),(3010086,'sysCS0086','三亚市',3,2010008,87,0,0,'2014-12-13 10:27:13','2014-12-13 10:27:13'),(3010087,'sysCS0087','石家庄市',3,2010009,88,0,0,'2014-12-13 10:27:13','2014-12-13 10:27:13'),(3010088,'sysCS0088','唐山市',3,2010009,89,0,0,'2014-12-13 10:27:13','2014-12-13 10:27:13'),(3010089,'sysCS0089','秦皇岛市',3,2010009,90,0,0,'2014-12-13 10:27:13','2014-12-13 10:27:13'),(3010090,'sysCS0090','邯郸市',3,2010009,91,0,0,'2014-12-13 10:27:13','2014-12-13 10:27:13'),(3010091,'sysCS0091','邢台市',3,2010009,92,0,0,'2014-12-13 10:27:13','2014-12-13 10:27:13'),(3010092,'sysCS0092','保定市',3,2010009,93,0,0,'2014-12-13 10:27:13','2014-12-13 10:27:13'),(3010093,'sysCS0093','张家口市',3,2010009,94,0,0,'2014-12-13 10:27:13','2014-12-13 10:27:13'),(3010094,'sysCS0094','承德市',3,2010009,95,0,0,'2014-12-13 10:27:13','2014-12-13 10:27:13'),(3010095,'sysCS0095','沧州市',3,2010009,96,0,0,'2014-12-13 10:27:13','2014-12-13 10:27:13'),(3010096,'sysCS0096','廊坊市',3,2010009,97,0,0,'2014-12-13 10:27:13','2014-12-13 10:27:13'),(3010097,'sysCS0097','衡水市',3,2010009,98,0,0,'2014-12-13 10:27:13','2014-12-13 10:27:13'),(3010098,'sysCS0098','郑州市',3,2010010,99,0,0,'2014-12-13 10:27:13','2014-12-13 10:27:13'),(3010099,'sysCS0099','开封市',3,2010010,100,0,0,'2014-12-13 10:27:13','2014-12-13 10:27:13'),(3010100,'sysCS0100','洛阳市',3,2010010,101,0,0,'2014-12-13 10:27:13','2014-12-13 10:27:13'),(3010101,'sysCS0101','平顶山市',3,2010010,102,0,0,'2014-12-13 10:27:13','2014-12-13 10:27:13'),(3010102,'sysCS0102','安阳市',3,2010010,103,0,0,'2014-12-13 10:27:13','2014-12-13 10:27:13'),(3010103,'sysCS0103','鹤壁市',3,2010010,104,0,0,'2014-12-13 10:27:13','2014-12-13 10:27:13'),(3010104,'sysCS0104','新乡市',3,2010010,105,0,0,'2014-12-13 10:27:13','2014-12-13 10:27:13'),(3010105,'sysCS0105','焦作市',3,2010010,106,0,0,'2014-12-13 10:27:13','2014-12-13 10:27:13'),(3010106,'sysCS0106','濮阳市',3,2010010,107,0,0,'2014-12-13 10:27:13','2014-12-13 10:27:13'),(3010107,'sysCS0107','许昌市',3,2010010,108,0,0,'2014-12-13 10:27:13','2014-12-13 10:27:13'),(3010108,'sysCS0108','漯河市',3,2010010,109,0,0,'2014-12-13 10:27:13','2014-12-13 10:27:13'),(3010109,'sysCS0109','三门峡市',3,2010010,110,0,0,'2014-12-13 10:27:13','2014-12-13 10:27:13'),(3010110,'sysCS0110','南阳市',3,2010010,111,0,0,'2014-12-13 10:27:13','2014-12-13 10:27:13'),(3010111,'sysCS0111','商丘市',3,2010010,112,0,0,'2014-12-13 10:27:13','2014-12-13 10:27:13'),(3010112,'sysCS0112','信阳市',3,2010010,113,0,0,'2014-12-13 10:27:13','2014-12-13 10:27:13'),(3010113,'sysCS0113','周口市',3,2010010,114,0,0,'2014-12-13 10:27:13','2014-12-13 10:27:13'),(3010114,'sysCS0114','驻马店市',3,2010010,115,0,0,'2014-12-13 10:27:13','2014-12-13 10:27:13'),(3010115,'sysCS0115','济源市',3,2010010,116,0,0,'2014-12-13 10:27:13','2014-12-13 10:27:13'),(3010116,'sysCS0116','哈尔滨市',3,2010011,117,0,0,'2014-12-13 10:27:13','2014-12-13 10:27:13'),(3010117,'sysCS0117','齐齐哈尔市',3,2010011,118,0,0,'2014-12-13 10:27:13','2014-12-13 10:27:13'),(3010118,'sysCS0118','鸡西市',3,2010011,119,0,0,'2014-12-13 10:27:13','2014-12-13 10:27:13'),(3010119,'sysCS0119','鹤岗市',3,2010011,120,0,0,'2014-12-13 10:27:13','2014-12-13 10:27:13'),(3010120,'sysCS0120','双鸭山市',3,2010011,121,0,0,'2014-12-13 10:27:13','2014-12-13 10:27:13'),(3010121,'sysCS0121','大庆市',3,2010011,122,0,0,'2014-12-13 10:27:13','2014-12-13 10:27:13'),(3010122,'sysCS0122','伊春市',3,2010011,123,0,0,'2014-12-13 10:27:13','2014-12-13 10:27:13'),(3010123,'sysCS0123','佳木斯市',3,2010011,124,0,0,'2014-12-13 10:27:13','2014-12-13 10:27:13'),(3010124,'sysCS0124','七台河市',3,2010011,125,0,0,'2014-12-13 10:27:13','2014-12-13 10:27:13'),(3010125,'sysCS0125','牡丹江市',3,2010011,126,0,0,'2014-12-13 10:27:13','2014-12-13 10:27:13'),(3010126,'sysCS0126','黑河市',3,2010011,127,0,0,'2014-12-13 10:27:13','2014-12-13 10:27:13'),(3010127,'sysCS0127','绥化市',3,2010011,128,0,0,'2014-12-13 10:27:13','2014-12-13 10:27:13'),(3010128,'sysCS0128','大兴安岭地区',3,2010011,129,0,0,'2014-12-13 10:27:13','2014-12-13 10:27:13'),(3010129,'sysCS0129','武汉市',3,2010012,130,0,0,'2014-12-13 10:27:13','2014-12-13 10:27:13'),(3010130,'sysCS0130','黄石市',3,2010012,131,0,0,'2014-12-13 10:27:13','2014-12-13 10:27:13'),(3010131,'sysCS0131','十堰市',3,2010012,132,0,0,'2014-12-13 10:27:13','2014-12-13 10:27:13'),(3010132,'sysCS0132','宜昌市',3,2010012,133,0,0,'2014-12-13 10:27:13','2014-12-13 10:27:13'),(3010133,'sysCS0133','襄樊市',3,2010012,134,0,0,'2014-12-13 10:27:13','2014-12-13 10:27:13'),(3010134,'sysCS0134','鄂州市',3,2010012,135,0,0,'2014-12-13 10:27:13','2014-12-13 10:27:13'),(3010135,'sysCS0135','荆门市',3,2010012,136,0,0,'2014-12-13 10:27:13','2014-12-13 10:27:13'),(3010136,'sysCS0136','孝感市',3,2010012,137,0,0,'2014-12-13 10:27:13','2014-12-13 10:27:13'),(3010137,'sysCS0137','荆州市',3,2010012,138,0,0,'2014-12-13 10:27:13','2014-12-13 10:27:13'),(3010138,'sysCS0138','黄冈市',3,2010012,139,0,0,'2014-12-13 10:27:13','2014-12-13 10:27:13'),(3010139,'sysCS0139','咸宁市',3,2010012,140,0,0,'2014-12-13 10:27:13','2014-12-13 10:27:13'),(3010140,'sysCS0140','随州市',3,2010012,141,0,0,'2014-12-13 10:27:13','2014-12-13 10:27:13'),(3010141,'sysCS0141','恩施土家族苗族自治州',3,2010012,142,0,0,'2014-12-13 10:27:13','2014-12-13 10:27:13'),(3010142,'sysCS0142','长沙市',3,2010013,143,0,0,'2014-12-13 10:27:13','2014-12-13 10:27:13'),(3010143,'sysCS0143','株洲市',3,2010013,144,0,0,'2014-12-13 10:27:13','2014-12-13 10:27:13'),(3010144,'sysCS0144','湘潭市',3,2010013,145,0,0,'2014-12-13 10:27:13','2014-12-13 10:27:13'),(3010145,'sysCS0145','衡阳市',3,2010013,146,0,0,'2014-12-13 10:27:13','2014-12-13 10:27:13'),(3010146,'sysCS0146','邵阳市',3,2010013,147,0,0,'2014-12-13 10:27:13','2014-12-13 10:27:13'),(3010147,'sysCS0147','岳阳市',3,2010013,148,0,0,'2014-12-13 10:27:13','2014-12-13 10:27:13'),(3010148,'sysCS0148','常德市',3,2010013,149,0,0,'2014-12-13 10:27:13','2014-12-13 10:27:13'),(3010149,'sysCS0149','张家界市',3,2010013,150,0,0,'2014-12-13 10:27:13','2014-12-13 10:27:13'),(3010150,'sysCS0150','益阳市',3,2010013,151,0,0,'2014-12-13 10:27:13','2014-12-13 10:27:13'),(3010151,'sysCS0151','郴州市',3,2010013,152,0,0,'2014-12-13 10:27:13','2014-12-13 10:27:13'),(3010152,'sysCS0152','永州市',3,2010013,153,0,0,'2014-12-13 10:27:13','2014-12-13 10:27:13'),(3010153,'sysCS0153','怀化市',3,2010013,154,0,0,'2014-12-13 10:27:13','2014-12-13 10:27:13'),(3010154,'sysCS0154','娄底市',3,2010013,155,0,0,'2014-12-13 10:27:13','2014-12-13 10:27:13'),(3010155,'sysCS0155','湘西土家族苗族自治州',3,2010013,156,0,0,'2014-12-13 10:27:13','2014-12-13 10:27:13'),(3010156,'sysCS0156','长春市',3,2010014,157,0,0,'2014-12-13 10:27:13','2014-12-13 10:27:13'),(3010157,'sysCS0157','吉林市',3,2010014,158,0,0,'2014-12-13 10:27:13','2014-12-13 10:27:13'),(3010158,'sysCS0158','四平市',3,2010014,159,0,0,'2014-12-13 10:27:13','2014-12-13 10:27:13'),(3010159,'sysCS0159','辽源市',3,2010014,160,0,0,'2014-12-13 10:27:13','2014-12-13 10:27:13'),(3010160,'sysCS0160','通化市',3,2010014,161,0,0,'2014-12-13 10:27:13','2014-12-13 10:27:13'),(3010161,'sysCS0161','白山市',3,2010014,162,0,0,'2014-12-13 10:27:13','2014-12-13 10:27:13'),(3010162,'sysCS0162','松原市',3,2010014,163,0,0,'2014-12-13 10:27:13','2014-12-13 10:27:13'),(3010163,'sysCS0163','白城市',3,2010014,164,0,0,'2014-12-13 10:27:13','2014-12-13 10:27:13'),(3010164,'sysCS0164','延边朝鲜族自治州',3,2010014,165,0,0,'2014-12-13 10:27:13','2014-12-13 10:27:13'),(3010165,'sysCS0165','南京市',3,2010015,166,0,0,'2014-12-13 10:27:13','2014-12-13 10:27:13'),(3010166,'sysCS0166','无锡市',3,2010015,167,0,0,'2014-12-13 10:27:13','2014-12-13 10:27:13'),(3010167,'sysCS0167','徐州市',3,2010015,168,0,0,'2014-12-13 10:27:13','2014-12-13 10:27:13'),(3010168,'sysCS0168','常州市',3,2010015,169,0,0,'2014-12-13 10:27:13','2014-12-13 10:27:13'),(3010169,'sysCS0169','苏州市',3,2010015,170,0,0,'2014-12-13 10:27:13','2014-12-13 10:27:13'),(3010170,'sysCS0170','南通市',3,2010015,171,0,0,'2014-12-13 10:27:13','2014-12-13 10:27:13'),(3010171,'sysCS0171','连云港市',3,2010015,172,0,0,'2014-12-13 10:27:13','2014-12-13 10:27:13'),(3010172,'sysCS0172','淮安市',3,2010015,173,0,0,'2014-12-13 10:27:13','2014-12-13 10:27:13'),(3010173,'sysCS0173','盐城市',3,2010015,174,0,0,'2014-12-13 10:27:13','2014-12-13 10:27:13'),(3010174,'sysCS0174','扬州市',3,2010015,175,0,0,'2014-12-13 10:27:13','2014-12-13 10:27:13'),(3010175,'sysCS0175','镇江市',3,2010015,176,0,0,'2014-12-13 10:27:13','2014-12-13 10:27:13'),(3010176,'sysCS0176','泰州市',3,2010015,177,0,0,'2014-12-13 10:27:13','2014-12-13 10:27:13'),(3010177,'sysCS0177','宿迁市',3,2010015,178,0,0,'2014-12-13 10:27:13','2014-12-13 10:27:13'),(3010178,'sysCS0178','南昌市',3,2010016,179,0,0,'2014-12-13 10:27:13','2014-12-13 10:27:13'),(3010179,'sysCS0179','景德镇市',3,2010016,180,0,0,'2014-12-13 10:27:13','2014-12-13 10:27:13'),(3010180,'sysCS0180','萍乡市',3,2010016,181,0,0,'2014-12-13 10:27:13','2014-12-13 10:27:13'),(3010181,'sysCS0181','九江市',3,2010016,182,0,0,'2014-12-13 10:27:13','2014-12-13 10:27:13'),(3010182,'sysCS0182','新余市',3,2010016,183,0,0,'2014-12-13 10:27:13','2014-12-13 10:27:13'),(3010183,'sysCS0183','鹰潭市',3,2010016,184,0,0,'2014-12-13 10:27:13','2014-12-13 10:27:13'),(3010184,'sysCS0184','赣州市',3,2010016,185,0,0,'2014-12-13 10:27:13','2014-12-13 10:27:13'),(3010185,'sysCS0185','吉安市',3,2010016,186,0,0,'2014-12-13 10:27:13','2014-12-13 10:27:13'),(3010186,'sysCS0186','宜春市',3,2010016,187,0,0,'2014-12-13 10:27:13','2014-12-13 10:27:13'),(3010187,'sysCS0187','抚州市',3,2010016,188,0,0,'2014-12-13 10:27:13','2014-12-13 10:27:13'),(3010188,'sysCS0188','上饶市',3,2010016,189,0,0,'2014-12-13 10:27:13','2014-12-13 10:27:13'),(3010189,'sysCS0189','沈阳市',3,2010017,190,0,0,'2014-12-13 10:27:13','2014-12-13 10:27:13'),(3010190,'sysCS0190','大连市',3,2010017,191,0,0,'2014-12-13 10:27:13','2014-12-13 10:27:13'),(3010191,'sysCS0191','鞍山市',3,2010017,192,0,0,'2014-12-13 10:27:13','2014-12-13 10:27:13'),(3010192,'sysCS0192','抚顺市',3,2010017,193,0,0,'2014-12-13 10:27:13','2014-12-13 10:27:13'),(3010193,'sysCS0193','本溪市',3,2010017,194,0,0,'2014-12-13 10:27:13','2014-12-13 10:27:13'),(3010194,'sysCS0194','丹东市',3,2010017,195,0,0,'2014-12-13 10:27:13','2014-12-13 10:27:13'),(3010195,'sysCS0195','锦州市',3,2010017,196,0,0,'2014-12-13 10:27:13','2014-12-13 10:27:13'),(3010196,'sysCS0196','营口市',3,2010017,197,0,0,'2014-12-13 10:27:13','2014-12-13 10:27:13'),(3010197,'sysCS0197','阜新市',3,2010017,198,0,0,'2014-12-13 10:27:13','2014-12-13 10:27:13'),(3010198,'sysCS0198','辽阳市',3,2010017,199,0,0,'2014-12-13 10:27:13','2014-12-13 10:27:13'),(3010199,'sysCS0199','盘锦市',3,2010017,200,0,0,'2014-12-13 10:27:13','2014-12-13 10:27:13'),(3010200,'sysCS0200','铁岭市',3,2010017,201,0,0,'2014-12-13 10:27:13','2014-12-13 10:27:13'),(3010201,'sysCS0201','朝阳市',3,2010017,202,0,0,'2014-12-13 10:27:13','2014-12-13 10:27:13'),(3010202,'sysCS0202','葫芦岛市',3,2010017,203,0,0,'2014-12-13 10:27:13','2014-12-13 10:27:13'),(3010203,'sysCS0203','呼和浩特市',3,2010018,204,0,0,'2014-12-13 10:27:13','2014-12-13 10:27:13'),(3010204,'sysCS0204','包头市',3,2010018,205,0,0,'2014-12-13 10:27:13','2014-12-13 10:27:13'),(3010205,'sysCS0205','乌海市',3,2010018,206,0,0,'2014-12-13 10:27:13','2014-12-13 10:27:13'),(3010206,'sysCS0206','赤峰市',3,2010018,207,0,0,'2014-12-13 10:27:13','2014-12-13 10:27:13'),(3010207,'sysCS0207','通辽市',3,2010018,208,0,0,'2014-12-13 10:27:13','2014-12-13 10:27:13'),(3010208,'sysCS0208','鄂尔多斯市',3,2010018,209,0,0,'2014-12-13 10:27:13','2014-12-13 10:27:13'),(3010209,'sysCS0209','呼伦贝尔市',3,2010018,210,0,0,'2014-12-13 10:27:13','2014-12-13 10:27:13'),(3010210,'sysCS0210','巴彦淖尔市',3,2010018,211,0,0,'2014-12-13 10:27:13','2014-12-13 10:27:13'),(3010211,'sysCS0211','乌兰察布市',3,2010018,212,0,0,'2014-12-13 10:27:13','2014-12-13 10:27:13'),(3010212,'sysCS0212','锡林郭勒盟',3,2010018,213,0,0,'2014-12-13 10:27:13','2014-12-13 10:27:13'),(3010213,'sysCS0213','阿拉善盟',3,2010018,214,0,0,'2014-12-13 10:27:13','2014-12-13 10:27:13'),(3010214,'sysCS0214','兴安盟',3,2010018,215,0,0,'2014-12-13 10:27:13','2014-12-13 10:27:13'),(3010215,'sysCS0215','银川市',3,2010019,216,0,0,'2014-12-13 10:27:13','2014-12-13 10:27:13'),(3010216,'sysCS0216','石嘴山市',3,2010019,217,0,0,'2014-12-13 10:27:13','2014-12-13 10:27:13'),(3010217,'sysCS0217','吴忠市',3,2010019,218,0,0,'2014-12-13 10:27:13','2014-12-13 10:27:13'),(3010218,'sysCS0218','固原市',3,2010019,219,0,0,'2014-12-13 10:27:13','2014-12-13 10:27:13'),(3010219,'sysCS0219','中卫市',3,2010019,220,0,0,'2014-12-13 10:27:13','2014-12-13 10:27:13'),(3010220,'sysCS0220','西宁市',3,2010020,221,0,0,'2014-12-13 10:27:13','2014-12-13 10:27:13'),(3010221,'sysCS0221','海东地区',3,2010020,222,0,0,'2014-12-13 10:27:13','2014-12-13 10:27:13'),(3010222,'sysCS0222','海北藏族自治州',3,2010020,223,0,0,'2014-12-13 10:27:13','2014-12-13 10:27:13'),(3010223,'sysCS0223','黄南藏族自治州',3,2010020,224,0,0,'2014-12-13 10:27:13','2014-12-13 10:27:13'),(3010224,'sysCS0224','海南藏族自治州',3,2010020,225,0,0,'2014-12-13 10:27:13','2014-12-13 10:27:13'),(3010225,'sysCS0225','果洛藏族自治州',3,2010020,226,0,0,'2014-12-13 10:27:13','2014-12-13 10:27:13'),(3010226,'sysCS0226','玉树藏族自治州',3,2010020,227,0,0,'2014-12-13 10:27:13','2014-12-13 10:27:13'),(3010227,'sysCS0227','海西蒙古族藏族自治州',3,2010020,228,0,0,'2014-12-13 10:27:13','2014-12-13 10:27:13'),(3010228,'sysCS0228','济南市',3,2010021,229,0,0,'2014-12-13 10:27:13','2014-12-13 10:27:13'),(3010229,'sysCS0229','青岛市',3,2010021,230,0,0,'2014-12-13 10:27:13','2014-12-13 10:27:13'),(3010230,'sysCS0230','淄博市',3,2010021,231,0,0,'2014-12-13 10:27:13','2014-12-13 10:27:13'),(3010231,'sysCS0231','枣庄市',3,2010021,232,0,0,'2014-12-13 10:27:13','2014-12-13 10:27:13'),(3010232,'sysCS0232','东营市',3,2010021,233,0,0,'2014-12-13 10:27:13','2014-12-13 10:27:13'),(3010233,'sysCS0233','烟台市',3,2010021,234,0,0,'2014-12-13 10:27:13','2014-12-13 10:27:13'),(3010234,'sysCS0234','潍坊市',3,2010021,235,0,0,'2014-12-13 10:27:13','2014-12-13 10:27:13'),(3010235,'sysCS0235','济宁市',3,2010021,236,0,0,'2014-12-13 10:27:13','2014-12-13 10:27:13'),(3010236,'sysCS0236','泰安市',3,2010021,237,0,0,'2014-12-13 10:27:13','2014-12-13 10:27:13'),(3010237,'sysCS0237','威海市',3,2010021,238,0,0,'2014-12-13 10:27:13','2014-12-13 10:27:13'),(3010238,'sysCS0238','日照市',3,2010021,239,0,0,'2014-12-13 10:27:13','2014-12-13 10:27:13'),(3010239,'sysCS0239','莱芜市',3,2010021,240,0,0,'2014-12-13 10:27:13','2014-12-13 10:27:13'),(3010240,'sysCS0240','临沂市',3,2010021,241,0,0,'2014-12-13 10:27:13','2014-12-13 10:27:13'),(3010241,'sysCS0241','德州市',3,2010021,242,0,0,'2014-12-13 10:27:13','2014-12-13 10:27:13'),(3010242,'sysCS0242','聊城市',3,2010021,243,0,0,'2014-12-13 10:27:13','2014-12-13 10:27:13'),(3010243,'sysCS0243','滨州市',3,2010021,244,0,0,'2014-12-13 10:27:13','2014-12-13 10:27:13'),(3010244,'sysCS0244','荷泽市',3,2010021,245,0,0,'2014-12-13 10:27:13','2014-12-13 10:27:13'),(3010245,'sysCS0245','太原市',3,2010022,246,0,0,'2014-12-13 10:27:13','2014-12-13 10:27:13'),(3010246,'sysCS0246','大同市',3,2010022,247,0,0,'2014-12-13 10:27:13','2014-12-13 10:27:13'),(3010247,'sysCS0247','阳泉市',3,2010022,248,0,0,'2014-12-13 10:27:13','2014-12-13 10:27:13'),(3010248,'sysCS0248','长治市',3,2010022,249,0,0,'2014-12-13 10:27:13','2014-12-13 10:27:13'),(3010249,'sysCS0249','晋城市',3,2010022,250,0,0,'2014-12-13 10:27:13','2014-12-13 10:27:13'),(3010250,'sysCS0250','朔州市',3,2010022,251,0,0,'2014-12-13 10:27:13','2014-12-13 10:27:13'),(3010251,'sysCS0251','晋中市',3,2010022,252,0,0,'2014-12-13 10:27:13','2014-12-13 10:27:13'),(3010252,'sysCS0252','运城市',3,2010022,253,0,0,'2014-12-13 10:27:13','2014-12-13 10:27:13'),(3010253,'sysCS0253','忻州市',3,2010022,254,0,0,'2014-12-13 10:27:13','2014-12-13 10:27:13'),(3010254,'sysCS0254','临汾市',3,2010022,255,0,0,'2014-12-13 10:27:13','2014-12-13 10:27:13'),(3010255,'sysCS0255','吕梁市',3,2010022,256,0,0,'2014-12-13 10:27:13','2014-12-13 10:27:13'),(3010256,'sysCS0256','西安市',3,2010023,257,0,0,'2014-12-13 10:27:13','2014-12-13 10:27:13'),(3010257,'sysCS0257','铜川市',3,2010023,258,0,0,'2014-12-13 10:27:13','2014-12-13 10:27:13'),(3010258,'sysCS0258','宝鸡市',3,2010023,259,0,0,'2014-12-13 10:27:13','2014-12-13 10:27:13'),(3010259,'sysCS0259','咸阳市',3,2010023,260,0,0,'2014-12-13 10:27:13','2014-12-13 10:27:13'),(3010260,'sysCS0260','渭南市',3,2010023,261,0,0,'2014-12-13 10:27:13','2014-12-13 10:27:13'),(3010261,'sysCS0261','延安市',3,2010023,262,0,0,'2014-12-13 10:27:13','2014-12-13 10:27:13'),(3010262,'sysCS0262','汉中市',3,2010023,263,0,0,'2014-12-13 10:27:13','2014-12-13 10:27:13'),(3010263,'sysCS0263','榆林市',3,2010023,264,0,0,'2014-12-13 10:27:13','2014-12-13 10:27:13'),(3010264,'sysCS0264','安康市',3,2010023,265,0,0,'2014-12-13 10:27:13','2014-12-13 10:27:13'),(3010265,'sysCS0265','商洛市',3,2010023,266,0,0,'2014-12-13 10:27:13','2014-12-13 10:27:13'),(3010266,'sysCS0266','杨凌市',3,2010023,267,0,0,'2014-12-13 10:27:13','2014-12-13 10:27:13'),(3010267,'sysCS0267','上海市',3,2010024,268,0,0,'2014-12-13 10:27:13','2014-12-13 10:27:13'),(3010268,'sysCS0268','成都市',3,2010025,269,0,0,'2014-12-13 10:27:13','2014-12-13 10:27:13'),(3010269,'sysCS0269','自贡市',3,2010025,270,0,0,'2014-12-13 10:27:13','2014-12-13 10:27:13'),(3010270,'sysCS0270','攀枝花市',3,2010025,271,0,0,'2014-12-13 10:27:13','2014-12-13 10:27:13'),(3010271,'sysCS0271','泸州市',3,2010025,272,0,0,'2014-12-13 10:27:13','2014-12-13 10:27:13'),(3010272,'sysCS0272','德阳市',3,2010025,273,0,0,'2014-12-13 10:27:13','2014-12-13 10:27:13'),(3010273,'sysCS0273','绵阳市',3,2010025,274,0,0,'2014-12-13 10:27:13','2014-12-13 10:27:13'),(3010274,'sysCS0274','广元市',3,2010025,275,0,0,'2014-12-13 10:27:13','2014-12-13 10:27:13'),(3010275,'sysCS0275','遂宁市',3,2010025,276,0,0,'2014-12-13 10:27:13','2014-12-13 10:27:13'),(3010276,'sysCS0276','内江市',3,2010025,277,0,0,'2014-12-13 10:27:13','2014-12-13 10:27:13'),(3010277,'sysCS0277','乐山市',3,2010025,278,0,0,'2014-12-13 10:27:13','2014-12-13 10:27:13'),(3010278,'sysCS0278','南充市',3,2010025,279,0,0,'2014-12-13 10:27:13','2014-12-13 10:27:13'),(3010279,'sysCS0279','眉山市',3,2010025,280,0,0,'2014-12-13 10:27:13','2014-12-13 10:27:13'),(3010280,'sysCS0280','宜宾市',3,2010025,281,0,0,'2014-12-13 10:27:13','2014-12-13 10:27:13'),(3010281,'sysCS0281','广安市',3,2010025,282,0,0,'2014-12-13 10:27:13','2014-12-13 10:27:13'),(3010282,'sysCS0282','达州市',3,2010025,283,0,0,'2014-12-13 10:27:13','2014-12-13 10:27:13'),(3010283,'sysCS0283','雅安市',3,2010025,284,0,0,'2014-12-13 10:27:13','2014-12-13 10:27:13'),(3010284,'sysCS0284','巴中市',3,2010025,285,0,0,'2014-12-13 10:27:13','2014-12-13 10:27:13'),(3010285,'sysCS0285','资阳市',3,2010025,286,0,0,'2014-12-13 10:27:13','2014-12-13 10:27:13'),(3010286,'sysCS0286','阿坝藏族羌族自治州',3,2010025,287,0,0,'2014-12-13 10:27:13','2014-12-13 10:27:13'),(3010287,'sysCS0287','甘孜藏族自治州',3,2010025,288,0,0,'2014-12-13 10:27:13','2014-12-13 10:27:13'),(3010288,'sysCS0288','凉山彝族自治州',3,2010025,289,0,0,'2014-12-13 10:27:13','2014-12-13 10:27:13'),(3010289,'sysCS0289','台北市',3,2010026,290,0,0,'2014-12-13 10:27:13','2014-12-13 10:27:13'),(3010290,'sysCS0290','高雄市',3,2010026,291,0,0,'2014-12-13 10:27:13','2014-12-13 10:27:13'),(3010291,'sysCS0291','基隆市',3,2010026,292,0,0,'2014-12-13 10:27:13','2014-12-13 10:27:13'),(3010292,'sysCS0292','台中市',3,2010026,293,0,0,'2014-12-13 10:27:13','2014-12-13 10:27:13'),(3010293,'sysCS0293','台南市',3,2010026,294,0,0,'2014-12-13 10:27:13','2014-12-13 10:27:13'),(3010294,'sysCS0294','新竹市',3,2010026,295,0,0,'2014-12-13 10:27:13','2014-12-13 10:27:13'),(3010295,'sysCS0295','嘉义市',3,2010026,296,0,0,'2014-12-13 10:27:13','2014-12-13 10:27:13'),(3010296,'sysCS0296','天津市',3,2010027,297,0,0,'2014-12-13 10:27:13','2014-12-13 10:27:13'),(3010297,'sysCS0297','拉萨市',3,2010028,298,0,0,'2014-12-13 10:27:13','2014-12-13 10:27:13'),(3010298,'sysCS0298','昌都地区',3,2010028,299,0,0,'2014-12-13 10:27:13','2014-12-13 10:27:13'),(3010299,'sysCS0299','山南市',3,2010028,300,0,0,'2014-12-13 10:27:13','2014-12-13 10:27:13'),(3010300,'sysCS0300','日喀则市',3,2010028,301,0,0,'2014-12-13 10:27:13','2014-12-13 10:27:13'),(3010301,'sysCS0301','那曲市',3,2010028,302,0,0,'2014-12-13 10:27:13','2014-12-13 10:27:13'),(3010302,'sysCS0302','阿里市',3,2010028,303,0,0,'2014-12-13 10:27:13','2014-12-13 10:27:13'),(3010303,'sysCS0303','林芝市',3,2010028,304,0,0,'2014-12-13 10:27:13','2014-12-13 10:27:13'),(3010304,'sysCS0304','乌鲁木齐市',3,2010029,305,0,0,'2014-12-13 10:27:13','2014-12-13 10:27:13'),(3010305,'sysCS0305','克拉玛依市',3,2010029,306,0,0,'2014-12-13 10:27:13','2014-12-13 10:27:13'),(3010306,'sysCS0306','吐鲁番市',3,2010029,307,0,0,'2014-12-13 10:27:13','2014-12-13 10:27:13'),(3010307,'sysCS0307','哈密市',3,2010029,308,0,0,'2014-12-13 10:27:13','2014-12-13 10:27:13'),(3010308,'sysCS0308','昌吉回族自治州',3,2010029,309,0,0,'2014-12-13 10:27:13','2014-12-13 10:27:13'),(3010309,'sysCS0309','博尔塔拉蒙古自治州',3,2010029,310,0,0,'2014-12-13 10:27:13','2014-12-13 10:27:13'),(3010310,'sysCS0310','巴音郭楞蒙古自治州',3,2010029,311,0,0,'2014-12-13 10:27:13','2014-12-13 10:27:13'),(3010311,'sysCS0311','阿克苏市',3,2010029,312,0,0,'2014-12-13 10:27:13','2014-12-13 10:27:13'),(3010312,'sysCS0312','克孜勒苏柯尔克孜自治州',3,2010029,313,0,0,'2014-12-13 10:27:13','2014-12-13 10:27:13'),(3010313,'sysCS0313','喀什市',3,2010029,314,0,0,'2014-12-13 10:27:13','2014-12-13 10:27:13'),(3010314,'sysCS0314','和田市',3,2010029,315,0,0,'2014-12-13 10:27:13','2014-12-13 10:27:13'),(3010315,'sysCS0315','伊犁哈萨克自治州',3,2010029,316,0,0,'2014-12-13 10:27:13','2014-12-13 10:27:13'),(3010316,'sysCS0316','塔城市',3,2010029,317,0,0,'2014-12-13 10:27:13','2014-12-13 10:27:13'),(3010317,'sysCS0317','阿勒泰市',3,2010029,318,0,0,'2014-12-13 10:27:13','2014-12-13 10:27:13'),(3010318,'sysCS0318','昆明市',3,2010030,319,0,0,'2014-12-13 10:27:13','2014-12-13 10:27:13'),(3010319,'sysCS0319','曲靖市',3,2010030,320,0,0,'2014-12-13 10:27:13','2014-12-13 10:27:13'),(3010320,'sysCS0320','玉溪市',3,2010030,321,0,0,'2014-12-13 10:27:13','2014-12-13 10:27:13'),(3010321,'sysCS0321','保山市',3,2010030,322,0,0,'2014-12-13 10:27:13','2014-12-13 10:27:13'),(3010322,'sysCS0322','昭通市',3,2010030,323,0,0,'2014-12-13 10:27:13','2014-12-13 10:27:13'),(3010323,'sysCS0323','丽江市',3,2010030,324,0,0,'2014-12-13 10:27:13','2014-12-13 10:27:13'),(3010324,'sysCS0324','思茅市',3,2010030,325,0,0,'2014-12-13 10:27:13','2014-12-13 10:27:13'),(3010325,'sysCS0325','临沧市',3,2010030,326,0,0,'2014-12-13 10:27:13','2014-12-13 10:27:13'),(3010326,'sysCS0326','楚雄彝族自治州',3,2010030,327,0,0,'2014-12-13 10:27:13','2014-12-13 10:27:13'),(3010327,'sysCS0327','红河哈尼族彝族自治州',3,2010030,328,0,0,'2014-12-13 10:27:13','2014-12-13 10:27:13'),(3010328,'sysCS0328','文山壮族苗族自治州',3,2010030,329,0,0,'2014-12-13 10:27:13','2014-12-13 10:27:13'),(3010329,'sysCS0329','西双版纳傣族自治州',3,2010030,330,0,0,'2014-12-13 10:27:13','2014-12-13 10:27:13'),(3010330,'sysCS0330','大理白族自治州',3,2010030,331,0,0,'2014-12-13 10:27:13','2014-12-13 10:27:13'),(3010331,'sysCS0331','德宏傣族景颇族自治州',3,2010030,332,0,0,'2014-12-13 10:27:13','2014-12-13 10:27:13'),(3010332,'sysCS0332','怒江傈僳族自治州',3,2010030,333,0,0,'2014-12-13 10:27:13','2014-12-13 10:27:13'),(3010333,'sysCS0333','迪庆藏族自治州',3,2010030,334,0,0,'2014-12-13 10:27:13','2014-12-13 10:27:13'),(3010334,'sysCS0334','杭州市',3,2010031,335,0,0,'2014-12-13 10:27:13','2014-12-13 10:27:13'),(3010335,'sysCS0335','宁波市',3,2010031,336,0,0,'2014-12-13 10:27:13','2014-12-13 10:27:13'),(3010336,'sysCS0336','温州市',3,2010031,337,0,0,'2014-12-13 10:27:13','2014-12-13 10:27:13'),(3010337,'sysCS0337','嘉兴市',3,2010031,338,0,0,'2014-12-13 10:27:13','2014-12-13 10:27:13'),(3010338,'sysCS0338','湖州市',3,2010031,339,0,0,'2014-12-13 10:27:13','2014-12-13 10:27:13'),(3010339,'sysCS0339','绍兴市',3,2010031,340,0,0,'2014-12-13 10:27:13','2014-12-13 10:27:13'),(3010340,'sysCS0340','金华市',3,2010031,341,0,0,'2014-12-13 10:27:13','2014-12-13 10:27:13'),(3010341,'sysCS0341','衢州市',3,2010031,342,0,0,'2014-12-13 10:27:13','2014-12-13 10:27:13'),(3010342,'sysCS0342','舟山市',3,2010031,343,0,0,'2014-12-13 10:27:13','2014-12-13 10:27:13'),(3010343,'sysCS0343','台州市',3,2010031,344,0,0,'2014-12-13 10:27:13','2014-12-13 10:27:13'),(3010344,'sysCS0344','丽水市',3,2010031,345,0,0,'2014-12-13 10:27:13','2014-12-13 10:27:13'),(3010345,'sysCS0345','重庆市',3,2010032,346,0,0,'2014-12-13 10:27:13','2014-12-13 10:27:13'),(3010346,'sysCS0346','香港特别行政区',3,2010033,347,0,0,'2014-12-13 10:27:13','2014-12-13 10:27:13'),(3010347,'sysCS0347','澳门特别行政区',3,2010034,348,0,0,'2014-12-13 10:27:13','2014-12-13 10:27:13');

/*Table structure for table `sys_functioninfo` */

DROP TABLE IF EXISTS `sys_functioninfo`;

CREATE TABLE `sys_functioninfo` (
  `FuncID` int(11) NOT NULL AUTO_INCREMENT,
  `FuncCode` varchar(40) DEFAULT NULL,
  `FuncName` varchar(60) NOT NULL,
  `FuncDescription` varchar(200) DEFAULT NULL,
  `FuncOrder` tinyint(4) DEFAULT NULL,
  `CreateTime` datetime NOT NULL COMMENT '创建时间',
  PRIMARY KEY (`FuncID`)
) ENGINE=InnoDB AUTO_INCREMENT=10050004 DEFAULT CHARSET=utf8;

/*Data for the table `sys_functioninfo` */

insert  into `sys_functioninfo`(`FuncID`,`FuncCode`,`FuncName`,`FuncDescription`,`FuncOrder`,`CreateTime`) values (10010000,'InternalUser_View','查看','查看后台用户',0,'2014-07-20 08:20:44'),(10010001,'InternalUser_Add','新增','新增后台用户',1,'2014-07-20 08:20:44'),(10010002,'InternalUser_Edit','修改','修改后台用户',2,'2014-07-20 08:20:44'),(10010003,'InternalUser_Del','删除','删除后台用户',3,'2014-07-20 08:20:44'),(10010100,'Role_View','查看','查看角色',0,'2014-07-20 08:20:44'),(10010101,'Role_Add','新增','新增角色',1,'2014-07-20 08:20:44'),(10010102,'Role_Edit','修改','修改角色',2,'2014-07-20 08:20:44'),(10010103,'Role_Del','删除','删除角色',3,'2014-07-20 08:20:44'),(10010104,'Role_Auth','授权','授权角色',4,'2014-07-20 08:20:44'),(10010200,'Menu_View','查看','查看菜单',0,'2014-07-20 08:20:44'),(10010201,'Menu_Add','新增','新增菜单',1,'2014-07-20 08:20:44'),(10010202,'Menu_Edit','修改','修改菜单',2,'2014-07-20 08:20:44'),(10010203,'Menu_Del','删除','删除菜单',3,'2014-07-20 08:20:44'),(10040000,'Artist_View','查看','查看艺术家',0,'2014-07-20 08:20:44'),(10040001,'Artist_Add','新增','新增艺术家',1,'2014-07-20 08:20:44'),(10040002,'Artist_Edit','修改','修改艺术家',2,'2014-07-20 08:20:44'),(10040003,'Artist_Del','删除','删除艺术家',3,'2014-07-20 08:20:44'),(10040100,'Album_View','查看','查看专辑',0,'2014-07-20 08:20:44'),(10040101,'Album_Add','新增','新增专辑',1,'2014-07-20 08:20:44'),(10040102,'Album_Edit','修改','修改专辑',2,'2014-07-20 08:20:44'),(10040103,'Album_Del','删除','删除专辑',3,'2014-07-20 08:20:44'),(10040200,'Category_View','查看','查看类别',0,'2014-07-20 08:20:44'),(10040201,'Category_Add','新增','新增类别',1,'2014-07-20 08:20:44'),(10040202,'Category_Edit','修改','修改类别',2,'2014-07-20 08:20:44'),(10040203,'Category_Del','删除','删除类别',3,'2014-07-20 08:20:44'),(10040204,'CategoryItem_View','查看','查看类别',0,'2014-07-20 08:20:44'),(10040205,'CategoryItem_Add','新增','新增类别',1,'2014-07-20 08:20:44'),(10040206,'CategoryItem_Edit','修改','修改类别',2,'2014-07-20 08:20:44'),(10040207,'CategoryItem_Del','删除','删除类别',3,'2014-07-20 08:20:44'),(10040300,'Tag_View','查看','查看标签',0,'2014-07-23 15:17:30'),(10040301,'Tag_Add','新增','新增标签',1,'2014-07-23 15:17:30'),(10040302,'Tag_Edit','修改','修改标签',2,'2014-07-23 15:17:30'),(10040303,'Tag_Del','删除','删除标签',3,'2014-07-23 15:17:30'),(10050000,'User_View','查看','查看注册用户',0,'2014-07-20 08:20:44'),(10050001,'User_Add','新增','新增注册用户',1,'2014-07-20 08:20:44'),(10050002,'User_Edit','修改','修改注册用户',2,'2014-07-20 08:20:44'),(10050003,'User_Del','删除','删除注册用户',3,'2014-07-20 08:20:44');

/*Table structure for table `sys_internaluser` */

DROP TABLE IF EXISTS `sys_internaluser`;

CREATE TABLE `sys_internaluser` (
  `UserID` int(11) NOT NULL AUTO_INCREMENT COMMENT 'ID',
  `UserAccount` varchar(50) NOT NULL COMMENT '用户登录名',
  `UserName` varchar(50) NOT NULL COMMENT '用户名',
  `Password` varchar(32) NOT NULL COMMENT '密码',
  `Invalid` tinyint(4) NOT NULL DEFAULT '0' COMMENT '是否有效',
  `LastLoginTime` datetime NOT NULL COMMENT '上次登录时间',
  `ModifyTime` datetime NOT NULL COMMENT '修改时间',
  `CreateTime` datetime NOT NULL COMMENT '创建时间',
  PRIMARY KEY (`UserID`)
) ENGINE=InnoDB AUTO_INCREMENT=23 DEFAULT CHARSET=utf8;

/*Data for the table `sys_internaluser` */

insert  into `sys_internaluser`(`UserID`,`UserAccount`,`UserName`,`Password`,`Invalid`,`LastLoginTime`,`ModifyTime`,`CreateTime`) values (18,'admin','admin','E10ADC3949BA59ABBE56E057F20F883E',0,'2014-06-21 18:11:08','2014-06-21 18:11:08','2014-06-21 18:11:08'),(19,'tester','测试者','E10ADC3949BA59ABBE56E057F20F883E',0,'2014-06-28 00:24:23','2014-08-17 02:52:31','2014-06-28 00:24:23'),(20,'Monica','Monica','E10ADC3949BA59ABBE56E057F20F883E',0,'2014-06-28 00:38:39','2014-08-17 01:56:31','2014-06-28 00:38:39'),(22,'r9','ronaldo','E10ADC3949BA59ABBE56E057F20F883E',0,'2014-07-15 10:40:53','2014-08-18 15:00:43','2014-07-15 10:40:53');

/*Table structure for table `sys_internaluserrole` */

DROP TABLE IF EXISTS `sys_internaluserrole`;

CREATE TABLE `sys_internaluserrole` (
  `InternalUserRoleID` int(11) NOT NULL AUTO_INCREMENT,
  `RoleID` int(11) NOT NULL,
  `UserID` int(11) NOT NULL,
  `CreateTime` datetime NOT NULL COMMENT '创建时间',
  PRIMARY KEY (`InternalUserRoleID`)
) ENGINE=InnoDB AUTO_INCREMENT=85 DEFAULT CHARSET=utf8;

/*Data for the table `sys_internaluserrole` */

insert  into `sys_internaluserrole`(`InternalUserRoleID`,`RoleID`,`UserID`,`CreateTime`) values (50,1107,18,'2014-06-21 18:11:10'),(78,1107,20,'2014-08-17 01:56:37'),(79,1108,19,'2014-08-17 02:52:34'),(80,1110,19,'2014-08-17 02:52:34'),(84,1108,22,'2014-08-18 15:00:43');

/*Table structure for table `sys_menufunction` */

DROP TABLE IF EXISTS `sys_menufunction`;

CREATE TABLE `sys_menufunction` (
  `MenuFuncID` int(11) NOT NULL AUTO_INCREMENT,
  `MenuID` int(11) NOT NULL,
  `FuncID` int(11) NOT NULL,
  `CreateTime` datetime NOT NULL COMMENT '创建时间',
  PRIMARY KEY (`MenuFuncID`)
) ENGINE=InnoDB AUTO_INCREMENT=215 DEFAULT CHARSET=utf8;

/*Data for the table `sys_menufunction` */

insert  into `sys_menufunction`(`MenuFuncID`,`MenuID`,`FuncID`,`CreateTime`) values (178,100100,10010000,'2014-07-20 08:20:45'),(179,100100,10010001,'2014-07-20 08:20:45'),(180,100100,10010002,'2014-07-20 08:20:45'),(181,100100,10010003,'2014-07-20 08:20:45'),(182,100101,10010100,'2014-07-20 08:20:45'),(183,100101,10010101,'2014-07-20 08:20:45'),(184,100101,10010102,'2014-07-20 08:20:45'),(185,100101,10010103,'2014-07-20 08:20:45'),(186,100101,10010104,'2014-07-20 08:20:45'),(187,100102,10010200,'2014-07-20 08:20:45'),(188,100102,10010201,'2014-07-20 08:20:45'),(189,100102,10010202,'2014-07-20 08:20:45'),(190,100102,10010203,'2014-07-20 08:20:45'),(191,100402,10040200,'2014-07-20 08:20:45'),(192,100402,10040201,'2014-07-20 08:20:45'),(193,100402,10040202,'2014-07-20 08:20:45'),(194,100402,10040203,'2014-07-20 08:20:45'),(195,100402,10040204,'2014-07-20 08:20:45'),(196,100402,10040205,'2014-07-20 08:20:45'),(197,100402,10040206,'2014-07-20 08:20:45'),(198,100402,10040207,'2014-07-20 08:20:45'),(199,100400,10040000,'2014-07-20 08:20:45'),(200,100400,10040001,'2014-07-20 08:20:45'),(201,100400,10040002,'2014-07-20 08:20:45'),(202,100400,10040003,'2014-07-20 08:20:45'),(203,100401,10040100,'2014-07-20 08:20:45'),(204,100401,10040101,'2014-07-20 08:20:45'),(205,100401,10040102,'2014-07-20 08:20:45'),(206,100401,10040103,'2014-07-20 08:20:45'),(207,100500,10050000,'2014-07-20 08:20:45'),(208,100500,10050001,'2014-07-20 08:20:45'),(209,100500,10050002,'2014-07-20 08:20:45'),(210,100500,10050003,'2014-07-20 08:20:45'),(211,100403,10040300,'2014-07-23 15:25:24'),(212,100403,10040301,'2014-07-23 15:25:24'),(213,100403,10040302,'2014-07-23 15:25:24'),(214,100403,10040303,'2014-07-23 15:25:24');

/*Table structure for table `sys_menuinfo` */

DROP TABLE IF EXISTS `sys_menuinfo`;

CREATE TABLE `sys_menuinfo` (
  `MenuID` int(11) NOT NULL AUTO_INCREMENT,
  `MenuName` varchar(50) NOT NULL,
  `ParentID` int(11) NOT NULL DEFAULT '0',
  `MenuURL` varchar(200) DEFAULT NULL,
  `MenuOrder` tinyint(4) NOT NULL,
  `MenuIcon` varchar(200) DEFAULT NULL,
  `MenuType` tinyint(4) NOT NULL,
  `IsSystem` tinyint(4) NOT NULL,
  `Invalid` tinyint(4) NOT NULL DEFAULT '0',
  `ModifyTime` datetime NOT NULL COMMENT '修改时间',
  `CreateTime` datetime NOT NULL COMMENT '创建时间',
  PRIMARY KEY (`MenuID`)
) ENGINE=InnoDB AUTO_INCREMENT=100605 DEFAULT CHARSET=utf8;

/*Data for the table `sys_menuinfo` */

insert  into `sys_menuinfo`(`MenuID`,`MenuName`,`ParentID`,`MenuURL`,`MenuOrder`,`MenuIcon`,`MenuType`,`IsSystem`,`Invalid`,`ModifyTime`,`CreateTime`) values (1000,'我的桌面',0,'/Home/DashBoard',0,'icon-dashboard',1,1,0,'2014-07-20 08:20:44','2014-07-20 08:20:44'),(1001,'权限管理',0,'',1,'icon-desktop',1,1,0,'2014-07-20 08:20:44','2014-07-20 08:20:44'),(1002,'系统管理',0,'',2,'icon-desktop',1,1,0,'2014-07-20 08:20:44','2014-07-20 08:20:44'),(1003,'站点管理',0,'',3,'icon-desktop',1,1,0,'2014-07-20 08:20:44','2014-07-20 08:20:44'),(1004,'资源管理',0,'',4,'icon-desktop',1,1,0,'2014-07-20 08:20:44','2014-07-20 08:20:44'),(1005,'站点数据管理',0,'',5,'icon-desktop',1,1,0,'2014-07-20 08:20:44','2014-07-20 08:20:44'),(1006,'数据报表',0,'',6,'icon-desktop',1,1,0,'2014-07-20 08:20:44','2014-07-20 08:20:44'),(100100,'后台用户管理',1001,'/InternalUser/Index',0,'icon-double-angle-right',1,1,0,'2014-07-22 11:34:35','2014-07-20 08:20:44'),(100101,'角色管理',1001,'/Role/Index',1,'icon-double-angle-right',1,1,0,'2014-07-20 08:20:44','2014-07-20 08:20:44'),(100102,'菜单管理',1001,'/Menu/Index',2,'icon-double-angle-right',1,1,0,'2014-07-20 08:20:44','2014-07-20 08:20:44'),(100200,'系统设置',1002,'/Blank/Index',0,'icon-desktop',1,1,0,'2014-07-20 08:20:44','2014-07-20 08:20:44'),(100300,'样式管理',1003,'/Blank/Index',0,'icon-double-angle-right',1,1,0,'2014-07-20 08:20:44','2014-07-20 08:20:44'),(100301,'图片管理',1003,'/Blank/Index',1,'icon-double-angle-right',1,1,0,'2014-07-20 08:20:44','2014-07-20 08:20:44'),(100302,'文字管理',1003,'/Blank/Index',2,'icon-double-angle-right',1,1,0,'2014-07-20 08:20:44','2014-07-20 08:20:44'),(100303,'站点设置',1003,'/Blank/Index',3,'icon-double-angle-right',1,1,0,'2014-07-20 08:20:44','2014-07-20 08:20:44'),(100400,'艺术家管理',1004,'/Artist/Index',0,'icon-double-angle-right',1,1,0,'2014-07-20 08:20:44','2014-07-20 08:20:44'),(100401,'专辑管理',1004,'/Album/Index',1,'icon-double-angle-right',1,1,0,'2014-07-20 08:20:44','2014-07-20 08:20:44'),(100402,'类别管理',1004,'/Category/Index',2,'icon-double-angle-right',1,1,0,'2014-07-20 08:20:44','2014-07-20 08:20:44'),(100403,'标签管理',1004,'/Tag/Index',3,'icon-double-angle-right',1,1,0,'2014-07-23 15:17:29','2014-07-23 15:17:29'),(100500,'注册用户管理',1005,'/User/Index',0,'icon-desktop',1,1,0,'2014-07-20 08:20:44','2014-07-20 08:20:44'),(100501,'评论管理',1005,'/Blank/Index',1,'icon-desktop',1,1,0,'2014-07-20 08:20:44','2014-07-20 08:20:44'),(100600,'用户报表',1006,'/Blank/Index',0,'icon-double-angle-right',1,1,0,'2014-07-20 08:20:44','2014-07-20 08:20:44'),(100601,'访问报表',1006,'/Blank/Index',1,'icon-double-angle-right',1,1,0,'2014-07-20 08:20:44','2014-07-20 08:20:44'),(100602,'下载报表',1006,'/Blank/Index',2,'icon-double-angle-right',1,1,0,'2014-07-20 08:20:44','2014-07-20 08:20:44'),(100603,'浏览报表',1006,'/Blank/Index',3,'icon-double-angle-right',1,1,0,'2014-07-20 08:20:44','2014-07-20 08:20:44'),(100604,'测试页面',0,'/Test/Index',0,'',1,0,0,'2014-08-17 01:11:28','2014-07-21 22:25:23');

/*Table structure for table `sys_rolefuncinfo` */

DROP TABLE IF EXISTS `sys_rolefuncinfo`;

CREATE TABLE `sys_rolefuncinfo` (
  `RoleFuncID` int(11) NOT NULL AUTO_INCREMENT,
  `RoleID` int(11) NOT NULL,
  `FuncID` int(11) NOT NULL,
  `CreateTime` datetime NOT NULL COMMENT '创建时间',
  PRIMARY KEY (`RoleFuncID`),
  KEY `iRoleID` (`RoleID`),
  KEY `iFuncID` (`FuncID`)
) ENGINE=InnoDB AUTO_INCREMENT=519 DEFAULT CHARSET=utf8 AVG_ROW_LENGTH=50;

/*Data for the table `sys_rolefuncinfo` */

insert  into `sys_rolefuncinfo`(`RoleFuncID`,`RoleID`,`FuncID`,`CreateTime`) values (391,1108,10010001,'2014-07-31 21:08:40'),(392,1108,10010000,'2014-07-31 21:08:40'),(393,1108,10010003,'2014-07-31 21:08:40'),(394,1108,10010002,'2014-07-31 21:08:40'),(395,1108,10010101,'2014-07-31 21:08:40'),(396,1108,10010104,'2014-07-31 21:08:40'),(397,1108,10010100,'2014-07-31 21:08:40'),(398,1108,10010103,'2014-07-31 21:08:40'),(399,1108,10010102,'2014-07-31 21:08:40'),(400,1108,10010202,'2014-07-31 21:08:40'),(401,1108,10010201,'2014-07-31 21:08:40'),(402,1108,10010200,'2014-07-31 21:08:40'),(403,1108,10010203,'2014-07-31 21:08:40'),(404,1108,10050002,'2014-07-31 21:08:40'),(405,1108,10050001,'2014-07-31 21:08:40'),(406,1108,10050000,'2014-07-31 21:08:40'),(407,1108,10050003,'2014-07-31 21:08:40'),(408,1107,10010001,'2014-08-04 20:35:38'),(409,1107,10010000,'2014-08-04 20:35:38'),(410,1107,10010003,'2014-08-04 20:35:38'),(411,1107,10010002,'2014-08-04 20:35:38'),(412,1107,10010101,'2014-08-04 20:35:38'),(413,1107,10010104,'2014-08-04 20:35:38'),(414,1107,10010100,'2014-08-04 20:35:38'),(415,1107,10010103,'2014-08-04 20:35:38'),(416,1107,10010102,'2014-08-04 20:35:38'),(417,1107,10010202,'2014-08-04 20:35:38'),(418,1107,10010201,'2014-08-04 20:35:38'),(419,1107,10010200,'2014-08-04 20:35:38'),(420,1107,10010203,'2014-08-04 20:35:38'),(421,1107,10040000,'2014-08-04 20:35:38'),(422,1107,10040003,'2014-08-04 20:35:38'),(423,1107,10040002,'2014-08-04 20:35:38'),(424,1107,10040001,'2014-08-04 20:35:38'),(425,1107,10040102,'2014-08-04 20:35:38'),(426,1107,10040101,'2014-08-04 20:35:38'),(427,1107,10040100,'2014-08-04 20:35:38'),(428,1107,10040103,'2014-08-04 20:35:38'),(429,1107,10040201,'2014-08-04 20:35:38'),(430,1107,10040204,'2014-08-04 20:35:38'),(431,1107,10040207,'2014-08-04 20:35:38'),(432,1107,10040200,'2014-08-04 20:35:38'),(433,1107,10040203,'2014-08-04 20:35:38'),(434,1107,10040206,'2014-08-04 20:35:38'),(435,1107,10040202,'2014-08-04 20:35:38'),(436,1107,10040205,'2014-08-04 20:35:38'),(437,1107,10040301,'2014-08-04 20:35:38'),(438,1107,10040300,'2014-08-04 20:35:38'),(439,1107,10040303,'2014-08-04 20:35:38'),(440,1107,10040302,'2014-08-04 20:35:38'),(441,1107,10050002,'2014-08-04 20:35:38'),(442,1107,10050001,'2014-08-04 20:35:38'),(443,1107,10050000,'2014-08-04 20:35:38'),(444,1107,10050003,'2014-08-04 20:35:38'),(482,1110,10010001,'2014-08-19 16:00:19'),(483,1110,10010000,'2014-08-19 16:00:19'),(484,1110,10010003,'2014-08-19 16:00:19'),(485,1110,10010002,'2014-08-19 16:00:19'),(486,1110,10010100,'2014-08-19 16:00:19'),(487,1110,10010103,'2014-08-19 16:00:19'),(488,1110,10010102,'2014-08-19 16:00:19'),(489,1110,10010101,'2014-08-19 16:00:19'),(490,1110,10010104,'2014-08-19 16:00:19'),(491,1110,10010202,'2014-08-19 16:00:19'),(492,1110,10010201,'2014-08-19 16:00:19'),(493,1110,10010200,'2014-08-19 16:00:19'),(494,1110,10010203,'2014-08-19 16:00:19'),(495,1110,10040003,'2014-08-19 16:00:19'),(496,1110,10040002,'2014-08-19 16:00:19'),(497,1110,10040001,'2014-08-19 16:00:19'),(498,1110,10040000,'2014-08-19 16:00:19'),(499,1110,10040103,'2014-08-19 16:00:19'),(500,1110,10040102,'2014-08-19 16:00:19'),(501,1110,10040101,'2014-08-19 16:00:19'),(502,1110,10040100,'2014-08-19 16:00:19'),(503,1110,10040201,'2014-08-19 16:00:19'),(504,1110,10040204,'2014-08-19 16:00:19'),(505,1110,10040207,'2014-08-19 16:00:19'),(506,1110,10040200,'2014-08-19 16:00:19'),(507,1110,10040203,'2014-08-19 16:00:19'),(508,1110,10040206,'2014-08-19 16:00:19'),(509,1110,10040202,'2014-08-19 16:00:19'),(510,1110,10040205,'2014-08-19 16:00:19'),(511,1110,10040301,'2014-08-19 16:00:19'),(512,1110,10040300,'2014-08-19 16:00:19'),(513,1110,10040303,'2014-08-19 16:00:19'),(514,1110,10040302,'2014-08-19 16:00:19'),(515,1110,10050002,'2014-08-19 16:00:19'),(516,1110,10050001,'2014-08-19 16:00:19'),(517,1110,10050000,'2014-08-19 16:00:19'),(518,1110,10050003,'2014-08-19 16:00:19');

/*Table structure for table `sys_roleinfo` */

DROP TABLE IF EXISTS `sys_roleinfo`;

CREATE TABLE `sys_roleinfo` (
  `RoleID` int(11) NOT NULL AUTO_INCREMENT,
  `RoleName` varchar(20) NOT NULL,
  `RoleDescription` varchar(200) DEFAULT NULL,
  `RoleType` tinyint(4) NOT NULL,
  `Creator` int(11) NOT NULL,
  `Invalid` tinyint(4) NOT NULL DEFAULT '0',
  `ModifyTime` datetime NOT NULL COMMENT '修改时间',
  `CreateTime` datetime NOT NULL COMMENT '创建时间',
  PRIMARY KEY (`RoleID`),
  KEY `iRoleName` (`RoleName`)
) ENGINE=InnoDB AUTO_INCREMENT=1111 DEFAULT CHARSET=utf8;

/*Data for the table `sys_roleinfo` */

insert  into `sys_roleinfo`(`RoleID`,`RoleName`,`RoleDescription`,`RoleType`,`Creator`,`Invalid`,`ModifyTime`,`CreateTime`) values (1107,'超级管理员','超级管理员\n',0,18,0,'0001-01-01 00:00:00','0001-01-01 00:00:00'),(1108,'测试者','这是一个测试者',0,18,0,'2014-06-28 00:22:08','2014-06-28 00:22:08'),(1110,'wer','ewrf',0,18,0,'2014-08-17 16:38:32','0001-01-01 00:00:00');

/*Table structure for table `sys_rolemenuinfo` */

DROP TABLE IF EXISTS `sys_rolemenuinfo`;

CREATE TABLE `sys_rolemenuinfo` (
  `RoleMenuID` int(11) NOT NULL AUTO_INCREMENT,
  `RoleID` int(11) NOT NULL,
  `MenuID` int(11) NOT NULL,
  `CreateTime` datetime NOT NULL COMMENT '创建时间',
  PRIMARY KEY (`RoleMenuID`)
) ENGINE=InnoDB AUTO_INCREMENT=395 DEFAULT CHARSET=utf8;

/*Data for the table `sys_rolemenuinfo` */

insert  into `sys_rolemenuinfo`(`RoleMenuID`,`RoleID`,`MenuID`,`CreateTime`) values (305,1108,1001,'2014-07-31 21:08:40'),(306,1108,100100,'2014-07-31 21:08:40'),(307,1108,100101,'2014-07-31 21:08:40'),(308,1108,100102,'2014-07-31 21:08:40'),(309,1108,1003,'2014-07-31 21:08:40'),(310,1108,100300,'2014-07-31 21:08:40'),(311,1108,100301,'2014-07-31 21:08:40'),(312,1108,100302,'2014-07-31 21:08:40'),(313,1108,100303,'2014-07-31 21:08:40'),(314,1108,1005,'2014-07-31 21:08:40'),(315,1108,100500,'2014-07-31 21:08:40'),(316,1108,100501,'2014-07-31 21:08:40'),(317,1107,1000,'2014-08-04 20:35:38'),(318,1107,1001,'2014-08-04 20:35:38'),(319,1107,100100,'2014-08-04 20:35:38'),(320,1107,100101,'2014-08-04 20:35:38'),(321,1107,100102,'2014-08-04 20:35:38'),(322,1107,1002,'2014-08-04 20:35:38'),(323,1107,100200,'2014-08-04 20:35:38'),(324,1107,1003,'2014-08-04 20:35:38'),(325,1107,100300,'2014-08-04 20:35:38'),(326,1107,100301,'2014-08-04 20:35:38'),(327,1107,100302,'2014-08-04 20:35:38'),(328,1107,100303,'2014-08-04 20:35:38'),(329,1107,1004,'2014-08-04 20:35:38'),(330,1107,100400,'2014-08-04 20:35:38'),(331,1107,100401,'2014-08-04 20:35:38'),(332,1107,100402,'2014-08-04 20:35:38'),(333,1107,100403,'2014-08-04 20:35:38'),(334,1107,1005,'2014-08-04 20:35:38'),(335,1107,100500,'2014-08-04 20:35:38'),(336,1107,100501,'2014-08-04 20:35:38'),(337,1107,1006,'2014-08-04 20:35:38'),(338,1107,100600,'2014-08-04 20:35:38'),(339,1107,100601,'2014-08-04 20:35:38'),(340,1107,100602,'2014-08-04 20:35:38'),(341,1107,100603,'2014-08-04 20:35:38'),(342,1107,100604,'2014-08-04 20:35:38'),(369,1110,1000,'2014-08-19 16:00:19'),(370,1110,1001,'2014-08-19 16:00:19'),(371,1110,100100,'2014-08-19 16:00:19'),(372,1110,100101,'2014-08-19 16:00:19'),(373,1110,100102,'2014-08-19 16:00:19'),(374,1110,1002,'2014-08-19 16:00:19'),(375,1110,100200,'2014-08-19 16:00:19'),(376,1110,1003,'2014-08-19 16:00:19'),(377,1110,100300,'2014-08-19 16:00:19'),(378,1110,100301,'2014-08-19 16:00:19'),(379,1110,100302,'2014-08-19 16:00:19'),(380,1110,100303,'2014-08-19 16:00:19'),(381,1110,1004,'2014-08-19 16:00:19'),(382,1110,100400,'2014-08-19 16:00:19'),(383,1110,100401,'2014-08-19 16:00:19'),(384,1110,100402,'2014-08-19 16:00:19'),(385,1110,100403,'2014-08-19 16:00:19'),(386,1110,1005,'2014-08-19 16:00:19'),(387,1110,100500,'2014-08-19 16:00:19'),(388,1110,100501,'2014-08-19 16:00:19'),(389,1110,1006,'2014-08-19 16:00:19'),(390,1110,100600,'2014-08-19 16:00:19'),(391,1110,100601,'2014-08-19 16:00:19'),(392,1110,100602,'2014-08-19 16:00:19'),(393,1110,100603,'2014-08-19 16:00:19'),(394,1110,100604,'2014-08-19 16:00:19');

/*!40101 SET SQL_MODE=@OLD_SQL_MODE */;
/*!40014 SET FOREIGN_KEY_CHECKS=@OLD_FOREIGN_KEY_CHECKS */;
/*!40014 SET UNIQUE_CHECKS=@OLD_UNIQUE_CHECKS */;
/*!40111 SET SQL_NOTES=@OLD_SQL_NOTES */;
